datetime,event
2023-01-01 10:42:07,entrada
2023-01-01 10:20:38,entrada
2023-01-01 10:57:18,entrada
2023-01-01 10:22:10,entrada
2023-01-01 10:10:23,entrada
2023-01-01 10:52:35,entrada
2023-01-01 10:39:23,entrada
2023-01-01 10:02:21,entrada
2023-01-01 10:52:01,entrada
2023-01-01 10:23:43,entrada
2023-01-01 10:29:37,entrada
2023-01-01 10:01:59,entrada
2023-01-01 10:20:32,entrada
2023-01-01 10:11:57,entrada
2023-01-01 10:21:43,entrada
2023-01-01 10:24:48,entrada
2023-01-01 10:26:58,entrada
2023-01-01 10:41:27,entrada
2023-01-01 10:59:15,entrada
2023-01-01 10:14:46,entrada
2023-01-01 10:50:43,entrada
2023-01-01 10:54:51,entrada
2023-01-01 10:56:02,entrada
2023-01-01 11:59:44,entrada
2023-01-01 11:40:28,entrada
2023-01-01 11:14:44,entrada
2023-01-01 11:00:24,entrada
2023-01-01 11:06:08,entrada
2023-01-01 11:23:00,entrada
2023-01-01 11:43:07,entrada
2023-01-01 11:23:10,entrada
2023-01-01 11:50:16,entrada
2023-01-01 11:07:34,entrada
2023-01-01 11:34:32,entrada
2023-01-01 11:58:04,entrada
2023-01-01 11:41:38,entrada
2023-01-01 11:57:40,entrada
2023-01-01 11:27:06,entrada
2023-01-01 11:08:07,entrada
2023-01-01 11:11:33,entrada
2023-01-01 11:32:47,entrada
2023-01-01 11:54:22,entrada
2023-01-01 11:23:36,entrada
2023-01-01 11:34:43,entrada
2023-01-01 11:39:21,entrada
2023-01-01 11:26:34,entrada
2023-01-01 12:57:54,entrada
2023-01-01 12:27:24,entrada
2023-01-01 12:38:32,entrada
2023-01-01 12:00:56,entrada
2023-01-01 12:26:56,entrada
2023-01-01 12:51:12,entrada
2023-01-01 12:40:02,entrada
2023-01-01 12:38:05,entrada
2023-01-01 12:07:26,entrada
2023-01-01 12:08:36,entrada
2023-01-01 12:32:50,entrada
2023-01-01 12:41:43,entrada
2023-01-01 12:23:14,entrada
2023-01-01 12:58:53,entrada
2023-01-01 12:31:31,entrada
2023-01-01 12:23:40,entrada
2023-01-01 12:51:48,entrada
2023-01-01 12:48:57,entrada
2023-01-01 12:51:11,entrada
2023-01-01 12:38:01,entrada
2023-01-01 12:02:48,entrada
2023-01-01 12:36:48,entrada
2023-01-01 12:55:16,entrada
2023-01-01 12:58:48,entrada
2023-01-01 12:01:01,entrada
2023-01-01 12:27:53,entrada
2023-01-01 12:22:36,entrada
2023-01-01 12:31:32,entrada
2023-01-01 12:00:18,entrada
2023-01-01 12:01:52,entrada
2023-01-01 12:43:25,entrada
2023-01-01 12:31:05,entrada
2023-01-01 13:15:02,entrada
2023-01-01 13:19:23,entrada
2023-01-01 13:53:55,entrada
2023-01-01 13:32:23,entrada
2023-01-01 13:51:10,entrada
2023-01-01 13:48:07,entrada
2023-01-01 13:35:37,entrada
2023-01-01 13:39:19,entrada
2023-01-01 13:34:47,entrada
2023-01-01 13:24:34,entrada
2023-01-01 13:24:28,entrada
2023-01-01 13:17:45,entrada
2023-01-01 13:17:01,entrada
2023-01-01 13:53:34,entrada
2023-01-01 13:15:40,entrada
2023-01-01 13:35:32,entrada
2023-01-01 13:03:32,entrada
2023-01-01 13:13:20,entrada
2023-01-01 13:47:19,entrada
2023-01-01 13:55:07,entrada
2023-01-01 13:06:02,entrada
2023-01-01 14:17:24,entrada
2023-01-01 14:41:30,entrada
2023-01-01 14:53:57,entrada
2023-01-01 14:02:39,entrada
2023-01-01 14:45:23,entrada
2023-01-01 14:49:31,entrada
2023-01-01 14:46:21,entrada
2023-01-01 14:22:01,entrada
2023-01-01 14:26:41,entrada
2023-01-01 14:01:25,entrada
2023-01-01 14:16:39,entrada
2023-01-01 14:32:08,entrada
2023-01-01 14:42:53,entrada
2023-01-01 14:47:38,entrada
2023-01-01 14:28:41,entrada
2023-01-01 14:54:25,entrada
2023-01-01 14:34:49,entrada
2023-01-01 14:24:23,entrada
2023-01-01 14:12:59,entrada
2023-01-01 14:57:06,entrada
2023-01-01 14:56:35,entrada
2023-01-01 14:44:19,entrada
2023-01-01 14:00:07,entrada
2023-01-01 14:45:15,entrada
2023-01-01 14:13:11,entrada
2023-01-01 14:50:22,entrada
2023-01-01 14:14:27,entrada
2023-01-01 14:33:01,entrada
2023-01-01 14:31:22,entrada
2023-01-01 14:21:50,entrada
2023-01-01 14:24:57,entrada
2023-01-01 15:25:15,entrada
2023-01-01 15:50:36,entrada
2023-01-01 15:21:56,entrada
2023-01-01 15:28:13,entrada
2023-01-01 15:27:04,entrada
2023-01-01 15:46:48,entrada
2023-01-01 15:29:45,entrada
2023-01-01 15:51:04,entrada
2023-01-01 15:11:15,entrada
2023-01-01 15:25:25,entrada
2023-01-01 15:47:20,entrada
2023-01-01 15:38:35,entrada
2023-01-01 15:32:29,entrada
2023-01-01 15:36:22,entrada
2023-01-01 15:57:09,entrada
2023-01-01 15:53:04,entrada
2023-01-01 15:35:33,entrada
2023-01-01 15:51:30,entrada
2023-01-01 15:09:57,entrada
2023-01-01 15:18:57,entrada
2023-01-01 15:31:00,entrada
2023-01-01 15:55:04,entrada
2023-01-01 15:44:03,entrada
2023-01-01 15:15:23,entrada
2023-01-01 15:15:54,entrada
2023-01-01 15:01:48,entrada
2023-01-01 15:27:31,entrada
2023-01-01 15:26:19,entrada
2023-01-01 15:23:11,entrada
2023-01-01 16:22:24,entrada
2023-01-01 16:34:40,entrada
2023-01-01 16:29:16,entrada
2023-01-01 16:48:19,entrada
2023-01-01 16:47:24,entrada
2023-01-01 16:21:12,entrada
2023-01-01 16:58:18,entrada
2023-01-01 16:48:35,entrada
2023-01-01 16:11:40,entrada
2023-01-01 16:18:11,entrada
2023-01-01 16:08:06,entrada
2023-01-01 16:27:13,entrada
2023-01-01 16:30:51,entrada
2023-01-01 16:18:57,entrada
2023-01-01 16:46:15,entrada
2023-01-01 16:52:04,entrada
2023-01-01 16:34:11,entrada
2023-01-01 16:24:51,entrada
2023-01-01 16:58:20,entrada
2023-01-01 16:35:52,entrada
2023-01-01 16:22:15,entrada
2023-01-01 17:18:38,entrada
2023-01-01 17:02:44,entrada
2023-01-01 17:12:49,entrada
2023-01-01 17:27:57,entrada
2023-01-01 17:19:27,entrada
2023-01-01 17:07:40,entrada
2023-01-01 17:38:00,entrada
2023-01-01 17:02:12,entrada
2023-01-01 17:27:56,entrada
2023-01-01 17:59:48,entrada
2023-01-01 17:24:55,entrada
2023-01-01 17:32:37,entrada
2023-01-01 17:52:05,entrada
2023-01-01 17:57:43,entrada
2023-01-01 17:44:31,entrada
2023-01-01 17:44:46,entrada
2023-01-01 17:20:15,entrada
2023-01-01 17:53:20,entrada
2023-01-01 17:10:59,entrada
2023-01-01 17:36:35,entrada
2023-01-01 17:34:18,entrada
2023-01-01 17:19:56,entrada
2023-01-01 17:17:46,entrada
2023-01-01 17:40:48,entrada
2023-01-01 17:13:14,entrada
2023-01-01 17:30:00,entrada
2023-01-01 17:52:53,entrada
2023-01-01 17:53:02,entrada
2023-01-01 18:32:33,entrada
2023-01-01 18:40:34,entrada
2023-01-01 18:00:20,entrada
2023-01-01 18:47:54,entrada
2023-01-01 18:05:27,entrada
2023-01-01 18:16:04,entrada
2023-01-01 18:30:04,entrada
2023-01-01 18:37:02,entrada
2023-01-01 18:52:22,entrada
2023-01-01 18:36:52,entrada
2023-01-01 18:36:09,entrada
2023-01-01 18:09:18,entrada
2023-01-01 18:16:20,entrada
2023-01-01 18:13:08,entrada
2023-01-01 18:45:00,entrada
2023-01-01 18:50:44,entrada
2023-01-01 18:12:03,entrada
2023-01-01 18:00:48,entrada
2023-01-01 18:39:31,entrada
2023-01-01 18:33:27,entrada
2023-01-01 18:30:07,entrada
2023-01-01 18:38:25,entrada
2023-01-01 18:57:33,entrada
2023-01-01 18:53:53,entrada
2023-01-01 18:02:58,entrada
2023-01-01 18:49:11,entrada
2023-01-01 18:00:53,entrada
2023-01-01 18:43:04,entrada
2023-01-01 18:29:29,entrada
2023-01-01 18:58:56,entrada
2023-01-01 19:26:28,entrada
2023-01-01 19:31:49,entrada
2023-01-01 19:57:50,entrada
2023-01-01 19:18:20,entrada
2023-01-01 19:04:17,entrada
2023-01-01 19:27:41,entrada
2023-01-01 19:21:20,entrada
2023-01-01 19:05:00,entrada
2023-01-01 19:04:40,entrada
2023-01-01 19:11:25,entrada
2023-01-01 19:45:33,entrada
2023-01-01 19:48:13,entrada
2023-01-01 19:25:44,entrada
2023-01-01 19:26:08,entrada
2023-01-01 19:25:56,entrada
2023-01-01 19:46:56,entrada
2023-01-01 19:21:46,entrada
2023-01-01 19:55:29,entrada
2023-01-01 19:42:47,entrada
2023-01-01 19:16:25,entrada
2023-01-01 19:35:00,entrada
2023-01-01 19:07:48,entrada
2023-01-01 19:34:51,entrada
2023-01-01 19:14:46,entrada
2023-01-01 20:21:33,entrada
2023-01-01 20:46:07,entrada
2023-01-01 20:39:48,entrada
2023-01-01 20:43:18,entrada
2023-01-01 20:41:40,entrada
2023-01-01 20:36:05,entrada
2023-01-01 20:51:25,entrada
2023-01-01 20:33:58,entrada
2023-01-01 20:55:58,entrada
2023-01-01 20:44:05,entrada
2023-01-01 20:36:56,entrada
2023-01-01 20:32:52,entrada
2023-01-01 20:21:20,entrada
2023-01-01 20:05:05,entrada
2023-01-01 20:54:47,entrada
2023-01-01 20:03:29,entrada
2023-01-01 20:10:29,entrada
2023-01-01 20:30:23,entrada
2023-01-01 20:54:08,entrada
2023-01-01 20:54:02,entrada
2023-01-01 20:50:30,entrada
2023-01-01 20:39:36,entrada
2023-01-01 20:35:23,entrada
2023-01-01 20:30:05,entrada
2023-01-01 20:01:19,entrada
2023-01-01 21:48:04,entrada
2023-01-01 21:59:43,entrada
2023-01-01 21:49:13,entrada
2023-01-01 21:52:55,entrada
2023-01-01 21:10:08,entrada
2023-01-01 21:33:11,entrada
2023-01-01 21:34:34,entrada
2023-01-01 21:00:39,entrada
2023-01-01 21:21:59,entrada
2023-01-01 21:28:07,entrada
2023-01-01 21:10:40,entrada
2023-01-01 21:36:13,entrada
2023-01-01 21:59:29,entrada
2023-01-01 21:34:20,entrada
2023-01-01 21:36:04,entrada
2023-01-01 21:18:58,entrada
2023-01-01 21:13:25,entrada
2023-01-01 21:03:24,entrada
2023-01-01 21:44:41,entrada
2023-01-01 21:24:17,entrada
2023-01-01 21:39:07,entrada
2023-01-01 21:38:39,entrada
2023-01-01 21:13:31,entrada
2023-01-01 21:50:37,entrada
2023-01-02 10:14:28,entrada
2023-01-02 10:07:04,entrada
2023-01-02 10:28:46,entrada
2023-01-02 10:03:11,entrada
2023-01-02 10:44:01,entrada
2023-01-02 10:26:30,entrada
2023-01-02 10:50:50,entrada
2023-01-02 10:35:35,entrada
2023-01-02 10:25:42,entrada
2023-01-02 10:26:04,entrada
2023-01-02 10:19:10,entrada
2023-01-02 10:09:39,entrada
2023-01-02 10:37:05,entrada
2023-01-02 10:07:22,entrada
2023-01-02 10:46:25,entrada
2023-01-02 10:45:42,entrada
2023-01-02 10:11:25,entrada
2023-01-02 10:12:39,entrada
2023-01-02 10:17:24,entrada
2023-01-02 10:32:46,entrada
2023-01-02 10:39:59,entrada
2023-01-02 10:42:11,entrada
2023-01-02 10:43:35,entrada
2023-01-02 10:47:03,entrada
2023-01-02 11:58:50,entrada
2023-01-02 11:53:23,entrada
2023-01-02 11:24:06,entrada
2023-01-02 11:51:05,entrada
2023-01-02 11:52:23,entrada
2023-01-02 11:32:48,entrada
2023-01-02 11:28:42,entrada
2023-01-02 11:21:25,entrada
2023-01-02 11:27:49,entrada
2023-01-02 11:20:48,entrada
2023-01-02 11:06:16,entrada
2023-01-02 11:19:40,entrada
2023-01-02 11:48:19,entrada
2023-01-02 11:53:21,entrada
2023-01-02 11:27:39,entrada
2023-01-02 11:48:06,entrada
2023-01-02 11:00:31,entrada
2023-01-02 11:12:29,entrada
2023-01-02 11:22:50,entrada
2023-01-02 11:58:55,entrada
2023-01-02 11:18:31,entrada
2023-01-02 11:29:28,entrada
2023-01-02 11:48:44,entrada
2023-01-02 11:28:29,entrada
2023-01-02 11:15:39,entrada
2023-01-02 11:18:17,entrada
2023-01-02 12:36:53,entrada
2023-01-02 12:20:13,entrada
2023-01-02 12:30:54,entrada
2023-01-02 12:47:17,entrada
2023-01-02 12:06:09,entrada
2023-01-02 12:06:32,entrada
2023-01-02 12:22:20,entrada
2023-01-02 12:18:47,entrada
2023-01-02 12:18:35,entrada
2023-01-02 12:28:59,entrada
2023-01-02 12:17:01,entrada
2023-01-02 12:00:46,entrada
2023-01-02 12:04:19,entrada
2023-01-02 12:10:41,entrada
2023-01-02 12:01:02,entrada
2023-01-02 12:22:54,entrada
2023-01-02 12:11:19,entrada
2023-01-02 12:04:36,entrada
2023-01-02 12:37:29,entrada
2023-01-02 12:08:33,entrada
2023-01-02 12:52:43,entrada
2023-01-02 12:34:51,entrada
2023-01-02 12:57:21,entrada
2023-01-02 12:43:23,entrada
2023-01-02 12:16:09,entrada
2023-01-02 12:29:55,entrada
2023-01-02 12:58:45,entrada
2023-01-02 12:22:31,entrada
2023-01-02 12:16:49,entrada
2023-01-02 12:50:16,entrada
2023-01-02 13:52:35,entrada
2023-01-02 13:50:25,entrada
2023-01-02 13:28:20,entrada
2023-01-02 13:10:39,entrada
2023-01-02 13:10:35,entrada
2023-01-02 13:48:58,entrada
2023-01-02 13:38:39,entrada
2023-01-02 13:34:53,entrada
2023-01-02 13:33:54,entrada
2023-01-02 13:46:23,entrada
2023-01-02 13:53:21,entrada
2023-01-02 13:04:55,entrada
2023-01-02 13:32:57,entrada
2023-01-02 13:35:46,entrada
2023-01-02 13:19:18,entrada
2023-01-02 13:34:51,entrada
2023-01-02 13:42:16,entrada
2023-01-02 13:58:44,entrada
2023-01-02 13:42:33,entrada
2023-01-02 13:08:25,entrada
2023-01-02 13:01:52,entrada
2023-01-02 13:08:08,entrada
2023-01-02 13:39:16,entrada
2023-01-02 13:00:24,entrada
2023-01-02 13:42:39,entrada
2023-01-02 13:41:24,entrada
2023-01-02 13:38:34,entrada
2023-01-02 13:02:49,entrada
2023-01-02 13:36:43,entrada
2023-01-02 13:43:50,entrada
2023-01-02 13:29:37,entrada
2023-01-02 13:33:11,entrada
2023-01-02 13:18:36,entrada
2023-01-02 13:43:58,entrada
2023-01-02 13:58:48,entrada
2023-01-02 13:16:09,entrada
2023-01-02 13:56:54,entrada
2023-01-02 14:15:44,entrada
2023-01-02 14:41:43,entrada
2023-01-02 14:01:54,entrada
2023-01-02 14:34:41,entrada
2023-01-02 14:33:29,entrada
2023-01-02 14:58:54,entrada
2023-01-02 14:12:12,entrada
2023-01-02 14:17:31,entrada
2023-01-02 14:31:34,entrada
2023-01-02 14:58:38,entrada
2023-01-02 14:45:51,entrada
2023-01-02 14:28:48,entrada
2023-01-02 14:28:52,entrada
2023-01-02 14:43:56,entrada
2023-01-02 14:15:55,entrada
2023-01-02 14:43:46,entrada
2023-01-02 14:56:09,entrada
2023-01-02 14:29:24,entrada
2023-01-02 14:38:19,entrada
2023-01-02 14:04:00,entrada
2023-01-02 14:29:48,entrada
2023-01-02 14:02:44,entrada
2023-01-02 15:53:46,entrada
2023-01-02 15:22:48,entrada
2023-01-02 15:08:34,entrada
2023-01-02 15:19:57,entrada
2023-01-02 15:48:58,entrada
2023-01-02 15:41:34,entrada
2023-01-02 15:49:17,entrada
2023-01-02 15:16:23,entrada
2023-01-02 15:02:31,entrada
2023-01-02 15:34:37,entrada
2023-01-02 15:12:55,entrada
2023-01-02 15:46:24,entrada
2023-01-02 15:08:03,entrada
2023-01-02 15:13:36,entrada
2023-01-02 15:33:10,entrada
2023-01-02 15:40:55,entrada
2023-01-02 15:02:58,entrada
2023-01-02 15:27:28,entrada
2023-01-02 15:08:02,entrada
2023-01-02 15:24:33,entrada
2023-01-02 15:11:41,entrada
2023-01-02 15:08:14,entrada
2023-01-02 15:39:24,entrada
2023-01-02 15:04:10,entrada
2023-01-02 15:58:33,entrada
2023-01-02 15:23:59,entrada
2023-01-02 15:14:37,entrada
2023-01-02 15:07:58,entrada
2023-01-02 15:04:47,entrada
2023-01-02 15:25:17,entrada
2023-01-02 16:31:12,entrada
2023-01-02 16:45:26,entrada
2023-01-02 16:48:40,entrada
2023-01-02 16:16:39,entrada
2023-01-02 16:30:33,entrada
2023-01-02 16:59:23,entrada
2023-01-02 16:44:34,entrada
2023-01-02 16:47:05,entrada
2023-01-02 16:18:29,entrada
2023-01-02 16:06:09,entrada
2023-01-02 16:40:31,entrada
2023-01-02 16:33:27,entrada
2023-01-02 16:59:14,entrada
2023-01-02 16:29:36,entrada
2023-01-02 16:28:21,entrada
2023-01-02 16:03:19,entrada
2023-01-02 16:31:35,entrada
2023-01-02 16:49:03,entrada
2023-01-02 16:26:16,entrada
2023-01-02 16:11:21,entrada
2023-01-02 16:16:09,entrada
2023-01-02 16:53:00,entrada
2023-01-02 16:21:25,entrada
2023-01-02 16:55:58,entrada
2023-01-02 16:17:49,entrada
2023-01-02 17:34:48,entrada
2023-01-02 17:24:23,entrada
2023-01-02 17:11:17,entrada
2023-01-02 17:14:43,entrada
2023-01-02 17:15:26,entrada
2023-01-02 17:07:59,entrada
2023-01-02 17:45:24,entrada
2023-01-02 17:16:28,entrada
2023-01-02 17:52:07,entrada
2023-01-02 17:14:26,entrada
2023-01-02 17:45:49,entrada
2023-01-02 17:51:06,entrada
2023-01-02 17:02:28,entrada
2023-01-02 17:43:52,entrada
2023-01-02 17:23:59,entrada
2023-01-02 17:57:02,entrada
2023-01-02 17:19:45,entrada
2023-01-02 17:14:24,entrada
2023-01-02 17:29:13,entrada
2023-01-02 17:06:16,entrada
2023-01-02 17:43:19,entrada
2023-01-02 17:35:08,entrada
2023-01-02 17:37:47,entrada
2023-01-02 17:56:59,entrada
2023-01-02 17:21:53,entrada
2023-01-02 17:52:52,entrada
2023-01-02 17:01:23,entrada
2023-01-02 17:07:10,entrada
2023-01-02 18:10:02,entrada
2023-01-02 18:58:05,entrada
2023-01-02 18:08:05,entrada
2023-01-02 18:08:38,entrada
2023-01-02 18:30:31,entrada
2023-01-02 18:40:49,entrada
2023-01-02 18:11:07,entrada
2023-01-02 18:07:49,entrada
2023-01-02 18:27:19,entrada
2023-01-02 18:46:58,entrada
2023-01-02 18:06:10,entrada
2023-01-02 18:19:15,entrada
2023-01-02 18:03:05,entrada
2023-01-02 18:57:21,entrada
2023-01-02 18:25:02,entrada
2023-01-02 18:40:59,entrada
2023-01-02 18:41:13,entrada
2023-01-02 18:10:17,entrada
2023-01-02 18:53:11,entrada
2023-01-02 19:03:27,entrada
2023-01-02 19:43:19,entrada
2023-01-02 19:59:23,entrada
2023-01-02 19:49:48,entrada
2023-01-02 19:50:31,entrada
2023-01-02 19:40:35,entrada
2023-01-02 19:57:52,entrada
2023-01-02 19:33:35,entrada
2023-01-02 19:01:14,entrada
2023-01-02 19:33:35,entrada
2023-01-02 19:05:38,entrada
2023-01-02 19:41:50,entrada
2023-01-02 19:50:57,entrada
2023-01-02 19:53:11,entrada
2023-01-02 19:02:44,entrada
2023-01-02 19:17:39,entrada
2023-01-02 19:20:14,entrada
2023-01-02 19:32:34,entrada
2023-01-02 19:25:07,entrada
2023-01-02 19:35:47,entrada
2023-01-02 19:29:22,entrada
2023-01-02 19:41:43,entrada
2023-01-02 19:13:13,entrada
2023-01-02 19:01:54,entrada
2023-01-02 19:36:04,entrada
2023-01-02 19:37:44,entrada
2023-01-02 19:40:53,entrada
2023-01-02 19:59:46,entrada
2023-01-02 19:13:55,entrada
2023-01-02 20:58:04,entrada
2023-01-02 20:32:48,entrada
2023-01-02 20:50:13,entrada
2023-01-02 20:11:41,entrada
2023-01-02 20:19:52,entrada
2023-01-02 20:49:23,entrada
2023-01-02 20:58:42,entrada
2023-01-02 20:33:24,entrada
2023-01-02 20:49:28,entrada
2023-01-02 20:56:38,entrada
2023-01-02 20:30:55,entrada
2023-01-02 20:46:42,entrada
2023-01-02 20:49:22,entrada
2023-01-02 20:43:37,entrada
2023-01-02 20:19:22,entrada
2023-01-02 20:44:51,entrada
2023-01-02 20:15:49,entrada
2023-01-02 20:41:59,entrada
2023-01-02 20:54:07,entrada
2023-01-02 20:49:20,entrada
2023-01-02 20:00:54,entrada
2023-01-02 21:40:10,entrada
2023-01-02 21:03:33,entrada
2023-01-02 21:37:45,entrada
2023-01-02 21:03:37,entrada
2023-01-02 21:18:05,entrada
2023-01-02 21:33:17,entrada
2023-01-02 21:12:40,entrada
2023-01-02 21:22:18,entrada
2023-01-02 21:44:10,entrada
2023-01-02 21:00:23,entrada
2023-01-02 21:53:06,entrada
2023-01-02 21:24:20,entrada
2023-01-02 21:14:00,entrada
2023-01-02 21:11:57,entrada
2023-01-02 21:06:14,entrada
2023-01-02 21:20:18,entrada
2023-01-02 21:59:28,entrada
2023-01-02 21:24:32,entrada
2023-01-02 21:48:31,entrada
2023-01-02 21:48:34,entrada
2023-01-02 21:43:37,entrada
2023-01-02 21:25:10,entrada
2023-01-02 21:34:07,entrada
2023-01-02 21:45:13,entrada
2023-01-02 21:09:01,entrada
2023-01-02 21:45:08,entrada
2023-01-02 21:02:20,entrada
2023-01-02 21:25:07,entrada
2023-01-02 21:47:01,entrada
2023-01-03 10:55:48,entrada
2023-01-03 10:41:41,entrada
2023-01-03 10:55:35,entrada
2023-01-03 10:19:03,entrada
2023-01-03 10:53:06,entrada
2023-01-03 10:53:00,entrada
2023-01-03 10:43:55,entrada
2023-01-03 10:44:41,entrada
2023-01-03 10:46:58,entrada
2023-01-03 10:12:54,entrada
2023-01-03 10:21:53,entrada
2023-01-03 10:20:21,entrada
2023-01-03 10:27:08,entrada
2023-01-03 10:25:08,entrada
2023-01-03 10:14:09,entrada
2023-01-03 10:23:57,entrada
2023-01-03 10:56:41,entrada
2023-01-03 10:07:23,entrada
2023-01-03 10:15:48,entrada
2023-01-03 10:25:26,entrada
2023-01-03 10:36:03,entrada
2023-01-03 10:49:23,entrada
2023-01-03 10:18:35,entrada
2023-01-03 10:59:38,entrada
2023-01-03 10:09:24,entrada
2023-01-03 10:17:18,entrada
2023-01-03 10:35:09,entrada
2023-01-03 10:32:54,entrada
2023-01-03 10:49:04,entrada
2023-01-03 10:46:48,entrada
2023-01-03 11:57:02,entrada
2023-01-03 11:21:05,entrada
2023-01-03 11:01:22,entrada
2023-01-03 11:43:01,entrada
2023-01-03 11:37:16,entrada
2023-01-03 11:34:33,entrada
2023-01-03 11:22:29,entrada
2023-01-03 11:51:07,entrada
2023-01-03 11:21:43,entrada
2023-01-03 11:57:35,entrada
2023-01-03 11:04:12,entrada
2023-01-03 11:28:30,entrada
2023-01-03 11:46:56,entrada
2023-01-03 11:54:15,entrada
2023-01-03 11:41:29,entrada
2023-01-03 11:56:54,entrada
2023-01-03 11:15:11,entrada
2023-01-03 11:16:15,entrada
2023-01-03 11:11:07,entrada
2023-01-03 11:19:02,entrada
2023-01-03 11:15:29,entrada
2023-01-03 11:44:22,entrada
2023-01-03 11:27:50,entrada
2023-01-03 11:39:53,entrada
2023-01-03 11:04:19,entrada
2023-01-03 11:39:55,entrada
2023-01-03 11:43:00,entrada
2023-01-03 12:20:34,entrada
2023-01-03 12:01:26,entrada
2023-01-03 12:01:34,entrada
2023-01-03 12:17:13,entrada
2023-01-03 12:19:17,entrada
2023-01-03 12:09:24,entrada
2023-01-03 12:01:24,entrada
2023-01-03 12:53:32,entrada
2023-01-03 12:35:30,entrada
2023-01-03 12:13:00,entrada
2023-01-03 12:45:15,entrada
2023-01-03 12:53:45,entrada
2023-01-03 12:51:02,entrada
2023-01-03 12:34:40,entrada
2023-01-03 12:05:24,entrada
2023-01-03 12:12:52,entrada
2023-01-03 12:33:07,entrada
2023-01-03 12:20:33,entrada
2023-01-03 12:03:24,entrada
2023-01-03 12:14:03,entrada
2023-01-03 12:44:59,entrada
2023-01-03 12:11:31,entrada
2023-01-03 13:35:59,entrada
2023-01-03 13:37:38,entrada
2023-01-03 13:49:36,entrada
2023-01-03 13:51:34,entrada
2023-01-03 13:06:26,entrada
2023-01-03 13:27:21,entrada
2023-01-03 13:13:06,entrada
2023-01-03 13:36:21,entrada
2023-01-03 13:04:54,entrada
2023-01-03 13:01:26,entrada
2023-01-03 13:20:53,entrada
2023-01-03 13:37:14,entrada
2023-01-03 13:20:09,entrada
2023-01-03 13:22:57,entrada
2023-01-03 13:55:38,entrada
2023-01-03 13:04:00,entrada
2023-01-03 13:12:20,entrada
2023-01-03 13:25:49,entrada
2023-01-03 13:44:20,entrada
2023-01-03 13:52:17,entrada
2023-01-03 14:39:20,entrada
2023-01-03 14:27:10,entrada
2023-01-03 14:54:33,entrada
2023-01-03 14:07:58,entrada
2023-01-03 14:21:07,entrada
2023-01-03 14:48:14,entrada
2023-01-03 14:16:59,entrada
2023-01-03 14:22:23,entrada
2023-01-03 14:44:18,entrada
2023-01-03 14:04:31,entrada
2023-01-03 14:43:00,entrada
2023-01-03 14:22:36,entrada
2023-01-03 14:07:12,entrada
2023-01-03 14:07:56,entrada
2023-01-03 14:22:42,entrada
2023-01-03 14:00:44,entrada
2023-01-03 14:50:23,entrada
2023-01-03 14:34:23,entrada
2023-01-03 14:16:04,entrada
2023-01-03 14:19:20,entrada
2023-01-03 14:39:57,entrada
2023-01-03 14:30:45,entrada
2023-01-03 14:35:10,entrada
2023-01-03 14:51:14,entrada
2023-01-03 14:18:06,entrada
2023-01-03 14:50:27,entrada
2023-01-03 14:50:42,entrada
2023-01-03 14:57:04,entrada
2023-01-03 14:04:29,entrada
2023-01-03 14:53:31,entrada
2023-01-03 14:07:09,entrada
2023-01-03 14:37:46,entrada
2023-01-03 14:31:47,entrada
2023-01-03 14:27:16,entrada
2023-01-03 15:39:45,entrada
2023-01-03 15:06:22,entrada
2023-01-03 15:43:31,entrada
2023-01-03 15:10:21,entrada
2023-01-03 15:21:42,entrada
2023-01-03 15:24:21,entrada
2023-01-03 15:27:28,entrada
2023-01-03 15:12:17,entrada
2023-01-03 15:01:28,entrada
2023-01-03 15:20:14,entrada
2023-01-03 15:51:26,entrada
2023-01-03 15:49:30,entrada
2023-01-03 15:14:50,entrada
2023-01-03 15:22:23,entrada
2023-01-03 15:43:12,entrada
2023-01-03 15:21:42,entrada
2023-01-03 15:36:32,entrada
2023-01-03 15:55:02,entrada
2023-01-03 15:53:18,entrada
2023-01-03 15:22:28,entrada
2023-01-03 15:29:38,entrada
2023-01-03 15:43:46,entrada
2023-01-03 15:24:36,entrada
2023-01-03 15:46:07,entrada
2023-01-03 16:20:53,entrada
2023-01-03 16:39:38,entrada
2023-01-03 16:20:09,entrada
2023-01-03 16:37:45,entrada
2023-01-03 16:03:59,entrada
2023-01-03 16:56:44,entrada
2023-01-03 16:19:16,entrada
2023-01-03 16:54:06,entrada
2023-01-03 16:03:28,entrada
2023-01-03 16:13:02,entrada
2023-01-03 16:23:36,entrada
2023-01-03 16:15:57,entrada
2023-01-03 16:54:51,entrada
2023-01-03 16:03:55,entrada
2023-01-03 16:23:33,entrada
2023-01-03 16:29:17,entrada
2023-01-03 16:18:30,entrada
2023-01-03 16:59:59,entrada
2023-01-03 16:18:48,entrada
2023-01-03 16:45:18,entrada
2023-01-03 16:21:23,entrada
2023-01-03 16:44:11,entrada
2023-01-03 16:29:57,entrada
2023-01-03 16:37:52,entrada
2023-01-03 16:30:35,entrada
2023-01-03 16:18:47,entrada
2023-01-03 17:04:35,entrada
2023-01-03 17:05:25,entrada
2023-01-03 17:03:38,entrada
2023-01-03 17:38:49,entrada
2023-01-03 17:34:00,entrada
2023-01-03 17:23:56,entrada
2023-01-03 17:35:05,entrada
2023-01-03 17:40:53,entrada
2023-01-03 17:45:59,entrada
2023-01-03 17:43:59,entrada
2023-01-03 17:56:30,entrada
2023-01-03 17:19:23,entrada
2023-01-03 17:24:35,entrada
2023-01-03 17:20:29,entrada
2023-01-03 17:23:43,entrada
2023-01-03 17:41:29,entrada
2023-01-03 17:21:27,entrada
2023-01-03 17:06:34,entrada
2023-01-03 17:54:27,entrada
2023-01-03 17:13:55,entrada
2023-01-03 17:09:15,entrada
2023-01-03 17:15:53,entrada
2023-01-03 17:30:41,entrada
2023-01-03 17:24:12,entrada
2023-01-03 17:05:43,entrada
2023-01-03 17:08:44,entrada
2023-01-03 17:35:55,entrada
2023-01-03 17:42:19,entrada
2023-01-03 17:17:57,entrada
2023-01-03 17:42:56,entrada
2023-01-03 18:01:21,entrada
2023-01-03 18:47:56,entrada
2023-01-03 18:01:09,entrada
2023-01-03 18:33:15,entrada
2023-01-03 18:47:50,entrada
2023-01-03 18:38:21,entrada
2023-01-03 18:11:23,entrada
2023-01-03 18:46:39,entrada
2023-01-03 18:37:59,entrada
2023-01-03 18:58:09,entrada
2023-01-03 18:34:50,entrada
2023-01-03 18:48:31,entrada
2023-01-03 18:06:20,entrada
2023-01-03 18:19:25,entrada
2023-01-03 18:03:45,entrada
2023-01-03 18:51:21,entrada
2023-01-03 18:14:55,entrada
2023-01-03 18:39:20,entrada
2023-01-03 18:14:21,entrada
2023-01-03 18:51:27,entrada
2023-01-03 18:13:26,entrada
2023-01-03 18:40:39,entrada
2023-01-03 18:57:27,entrada
2023-01-03 18:25:48,entrada
2023-01-03 18:01:24,entrada
2023-01-03 19:27:00,entrada
2023-01-03 19:54:07,entrada
2023-01-03 19:36:31,entrada
2023-01-03 19:59:47,entrada
2023-01-03 19:42:36,entrada
2023-01-03 19:03:29,entrada
2023-01-03 19:05:45,entrada
2023-01-03 19:53:18,entrada
2023-01-03 19:31:08,entrada
2023-01-03 19:11:10,entrada
2023-01-03 19:45:54,entrada
2023-01-03 19:15:00,entrada
2023-01-03 19:44:54,entrada
2023-01-03 19:52:20,entrada
2023-01-03 19:29:12,entrada
2023-01-03 19:33:03,entrada
2023-01-03 19:27:37,entrada
2023-01-03 19:57:30,entrada
2023-01-03 19:58:54,entrada
2023-01-03 20:20:34,entrada
2023-01-03 20:51:33,entrada
2023-01-03 20:40:50,entrada
2023-01-03 20:46:17,entrada
2023-01-03 20:57:10,entrada
2023-01-03 20:56:22,entrada
2023-01-03 20:47:21,entrada
2023-01-03 20:16:04,entrada
2023-01-03 20:43:10,entrada
2023-01-03 20:29:14,entrada
2023-01-03 20:26:34,entrada
2023-01-03 20:32:19,entrada
2023-01-03 20:15:33,entrada
2023-01-03 20:01:34,entrada
2023-01-03 20:39:55,entrada
2023-01-03 20:27:46,entrada
2023-01-03 20:38:05,entrada
2023-01-03 20:08:19,entrada
2023-01-03 20:59:00,entrada
2023-01-03 20:07:54,entrada
2023-01-03 20:22:02,entrada
2023-01-03 20:03:57,entrada
2023-01-03 20:24:46,entrada
2023-01-03 20:37:14,entrada
2023-01-03 20:20:34,entrada
2023-01-03 20:56:52,entrada
2023-01-03 20:52:45,entrada
2023-01-03 20:51:13,entrada
2023-01-03 20:35:11,entrada
2023-01-03 20:16:38,entrada
2023-01-03 21:58:13,entrada
2023-01-03 21:29:40,entrada
2023-01-03 21:03:58,entrada
2023-01-03 21:03:27,entrada
2023-01-03 21:07:01,entrada
2023-01-03 21:40:45,entrada
2023-01-03 21:21:40,entrada
2023-01-03 21:55:54,entrada
2023-01-03 21:15:28,entrada
2023-01-03 21:48:47,entrada
2023-01-03 21:29:11,entrada
2023-01-03 21:34:10,entrada
2023-01-03 21:45:49,entrada
2023-01-03 21:20:20,entrada
2023-01-03 21:04:47,entrada
2023-01-03 21:19:36,entrada
2023-01-03 21:02:43,entrada
2023-01-03 21:32:52,entrada
2023-01-03 21:08:08,entrada
2023-01-03 21:03:34,entrada
2023-01-03 21:16:33,entrada
2023-01-03 21:23:31,entrada
2023-01-03 21:00:07,entrada
2023-01-03 21:44:22,entrada
2023-01-03 21:46:39,entrada
2023-01-03 21:11:53,entrada
2023-01-04 10:37:48,entrada
2023-01-04 10:45:48,entrada
2023-01-04 10:07:42,entrada
2023-01-04 10:19:59,entrada
2023-01-04 10:32:25,entrada
2023-01-04 10:38:20,entrada
2023-01-04 10:52:48,entrada
2023-01-04 10:41:42,entrada
2023-01-04 10:53:40,entrada
2023-01-04 10:08:23,entrada
2023-01-04 10:36:48,entrada
2023-01-04 10:40:16,entrada
2023-01-04 10:23:20,entrada
2023-01-04 10:50:58,entrada
2023-01-04 10:38:54,entrada
2023-01-04 10:40:38,entrada
2023-01-04 10:12:10,entrada
2023-01-04 10:45:18,entrada
2023-01-04 10:10:12,entrada
2023-01-04 10:45:44,entrada
2023-01-04 10:00:39,entrada
2023-01-04 10:43:18,entrada
2023-01-04 10:11:07,entrada
2023-01-04 10:07:52,entrada
2023-01-04 10:44:11,entrada
2023-01-04 11:02:15,entrada
2023-01-04 11:29:39,entrada
2023-01-04 11:01:16,entrada
2023-01-04 11:40:11,entrada
2023-01-04 11:34:42,entrada
2023-01-04 11:00:54,entrada
2023-01-04 11:44:14,entrada
2023-01-04 11:25:36,entrada
2023-01-04 11:20:48,entrada
2023-01-04 11:30:24,entrada
2023-01-04 11:22:23,entrada
2023-01-04 11:56:37,entrada
2023-01-04 11:27:20,entrada
2023-01-04 11:53:42,entrada
2023-01-04 11:17:35,entrada
2023-01-04 11:34:44,entrada
2023-01-04 11:54:08,entrada
2023-01-04 11:52:37,entrada
2023-01-04 11:57:29,entrada
2023-01-04 11:59:43,entrada
2023-01-04 11:33:31,entrada
2023-01-04 11:02:02,entrada
2023-01-04 11:27:43,entrada
2023-01-04 11:14:40,entrada
2023-01-04 11:22:39,entrada
2023-01-04 11:10:47,entrada
2023-01-04 11:31:57,entrada
2023-01-04 11:58:56,entrada
2023-01-04 11:53:35,entrada
2023-01-04 12:03:17,entrada
2023-01-04 12:59:08,entrada
2023-01-04 12:48:28,entrada
2023-01-04 12:12:58,entrada
2023-01-04 12:46:51,entrada
2023-01-04 12:16:44,entrada
2023-01-04 12:31:47,entrada
2023-01-04 12:21:03,entrada
2023-01-04 12:04:36,entrada
2023-01-04 12:40:48,entrada
2023-01-04 12:12:33,entrada
2023-01-04 12:44:21,entrada
2023-01-04 12:52:58,entrada
2023-01-04 12:22:50,entrada
2023-01-04 12:02:41,entrada
2023-01-04 12:33:31,entrada
2023-01-04 12:44:50,entrada
2023-01-04 12:57:48,entrada
2023-01-04 12:20:45,entrada
2023-01-04 12:43:20,entrada
2023-01-04 12:43:10,entrada
2023-01-04 12:38:03,entrada
2023-01-04 13:05:16,entrada
2023-01-04 13:50:18,entrada
2023-01-04 13:25:47,entrada
2023-01-04 13:43:43,entrada
2023-01-04 13:51:31,entrada
2023-01-04 13:05:54,entrada
2023-01-04 13:57:35,entrada
2023-01-04 13:37:10,entrada
2023-01-04 13:32:23,entrada
2023-01-04 13:22:14,entrada
2023-01-04 13:26:10,entrada
2023-01-04 13:56:50,entrada
2023-01-04 13:49:16,entrada
2023-01-04 13:50:52,entrada
2023-01-04 13:13:26,entrada
2023-01-04 13:17:27,entrada
2023-01-04 13:50:46,entrada
2023-01-04 13:46:03,entrada
2023-01-04 13:06:44,entrada
2023-01-04 13:34:47,entrada
2023-01-04 13:08:07,entrada
2023-01-04 13:51:44,entrada
2023-01-04 13:16:16,entrada
2023-01-04 13:48:32,entrada
2023-01-04 14:39:22,entrada
2023-01-04 14:08:33,entrada
2023-01-04 14:45:13,entrada
2023-01-04 14:03:29,entrada
2023-01-04 14:30:37,entrada
2023-01-04 14:10:34,entrada
2023-01-04 14:07:02,entrada
2023-01-04 14:13:59,entrada
2023-01-04 14:12:44,entrada
2023-01-04 14:31:33,entrada
2023-01-04 14:44:18,entrada
2023-01-04 14:58:37,entrada
2023-01-04 14:15:01,entrada
2023-01-04 14:39:16,entrada
2023-01-04 14:54:33,entrada
2023-01-04 14:41:59,entrada
2023-01-04 14:15:37,entrada
2023-01-04 14:59:01,entrada
2023-01-04 14:01:25,entrada
2023-01-04 14:12:55,entrada
2023-01-04 14:46:30,entrada
2023-01-04 14:59:33,entrada
2023-01-04 14:38:02,entrada
2023-01-04 14:07:22,entrada
2023-01-04 14:13:55,entrada
2023-01-04 14:54:26,entrada
2023-01-04 14:53:28,entrada
2023-01-04 14:38:52,entrada
2023-01-04 14:38:00,entrada
2023-01-04 14:16:40,entrada
2023-01-04 14:29:52,entrada
2023-01-04 15:00:42,entrada
2023-01-04 15:18:08,entrada
2023-01-04 15:26:33,entrada
2023-01-04 15:43:03,entrada
2023-01-04 15:35:17,entrada
2023-01-04 15:14:50,entrada
2023-01-04 15:12:18,entrada
2023-01-04 15:48:05,entrada
2023-01-04 15:47:55,entrada
2023-01-04 15:11:50,entrada
2023-01-04 15:36:16,entrada
2023-01-04 15:57:22,entrada
2023-01-04 15:25:28,entrada
2023-01-04 15:32:59,entrada
2023-01-04 15:26:24,entrada
2023-01-04 15:55:54,entrada
2023-01-04 15:09:46,entrada
2023-01-04 15:22:20,entrada
2023-01-04 15:20:42,entrada
2023-01-04 15:12:36,entrada
2023-01-04 15:32:23,entrada
2023-01-04 15:43:10,entrada
2023-01-04 16:27:05,entrada
2023-01-04 16:43:43,entrada
2023-01-04 16:20:27,entrada
2023-01-04 16:39:53,entrada
2023-01-04 16:53:00,entrada
2023-01-04 16:35:20,entrada
2023-01-04 16:59:42,entrada
2023-01-04 16:34:12,entrada
2023-01-04 16:56:48,entrada
2023-01-04 16:53:53,entrada
2023-01-04 16:09:52,entrada
2023-01-04 16:43:46,entrada
2023-01-04 16:52:09,entrada
2023-01-04 16:45:12,entrada
2023-01-04 16:36:37,entrada
2023-01-04 16:23:01,entrada
2023-01-04 16:21:16,entrada
2023-01-04 16:35:13,entrada
2023-01-04 16:09:34,entrada
2023-01-04 16:24:02,entrada
2023-01-04 16:46:37,entrada
2023-01-04 16:16:11,entrada
2023-01-04 16:53:51,entrada
2023-01-04 16:23:28,entrada
2023-01-04 16:42:24,entrada
2023-01-04 16:35:57,entrada
2023-01-04 16:59:25,entrada
2023-01-04 17:19:49,entrada
2023-01-04 17:10:14,entrada
2023-01-04 17:31:27,entrada
2023-01-04 17:21:40,entrada
2023-01-04 17:16:58,entrada
2023-01-04 17:25:43,entrada
2023-01-04 17:06:41,entrada
2023-01-04 17:56:25,entrada
2023-01-04 17:24:09,entrada
2023-01-04 17:58:44,entrada
2023-01-04 17:18:10,entrada
2023-01-04 17:12:52,entrada
2023-01-04 17:07:39,entrada
2023-01-04 17:03:46,entrada
2023-01-04 17:30:27,entrada
2023-01-04 17:10:42,entrada
2023-01-04 17:00:48,entrada
2023-01-04 17:46:51,entrada
2023-01-04 17:37:23,entrada
2023-01-04 17:53:59,entrada
2023-01-04 17:56:46,entrada
2023-01-04 18:34:59,entrada
2023-01-04 18:47:55,entrada
2023-01-04 18:58:25,entrada
2023-01-04 18:56:11,entrada
2023-01-04 18:10:36,entrada
2023-01-04 18:24:17,entrada
2023-01-04 18:18:22,entrada
2023-01-04 18:54:37,entrada
2023-01-04 18:53:17,entrada
2023-01-04 18:25:05,entrada
2023-01-04 18:03:43,entrada
2023-01-04 18:50:28,entrada
2023-01-04 18:58:33,entrada
2023-01-04 18:16:42,entrada
2023-01-04 18:42:52,entrada
2023-01-04 18:15:01,entrada
2023-01-04 18:33:54,entrada
2023-01-04 18:07:12,entrada
2023-01-04 18:41:07,entrada
2023-01-04 18:29:31,entrada
2023-01-04 18:35:46,entrada
2023-01-04 18:29:00,entrada
2023-01-04 18:42:38,entrada
2023-01-04 18:16:58,entrada
2023-01-04 18:19:23,entrada
2023-01-04 18:49:21,entrada
2023-01-04 18:28:21,entrada
2023-01-04 18:43:08,entrada
2023-01-04 18:36:09,entrada
2023-01-04 18:35:36,entrada
2023-01-04 18:27:27,entrada
2023-01-04 18:41:42,entrada
2023-01-04 18:20:23,entrada
2023-01-04 18:41:59,entrada
2023-01-04 18:39:01,entrada
2023-01-04 18:54:07,entrada
2023-01-04 18:47:26,entrada
2023-01-04 18:21:36,entrada
2023-01-04 19:41:19,entrada
2023-01-04 19:14:49,entrada
2023-01-04 19:51:44,entrada
2023-01-04 19:28:07,entrada
2023-01-04 19:40:47,entrada
2023-01-04 19:18:47,entrada
2023-01-04 19:38:45,entrada
2023-01-04 19:27:45,entrada
2023-01-04 19:56:26,entrada
2023-01-04 19:03:57,entrada
2023-01-04 19:14:34,entrada
2023-01-04 19:36:00,entrada
2023-01-04 19:02:46,entrada
2023-01-04 19:23:26,entrada
2023-01-04 19:39:35,entrada
2023-01-04 19:33:28,entrada
2023-01-04 19:23:23,entrada
2023-01-04 19:41:03,entrada
2023-01-04 19:02:33,entrada
2023-01-04 19:56:48,entrada
2023-01-04 19:22:52,entrada
2023-01-04 19:55:51,entrada
2023-01-04 19:22:44,entrada
2023-01-04 19:04:30,entrada
2023-01-04 20:07:48,entrada
2023-01-04 20:15:58,entrada
2023-01-04 20:54:30,entrada
2023-01-04 20:41:09,entrada
2023-01-04 20:31:58,entrada
2023-01-04 20:33:08,entrada
2023-01-04 20:16:10,entrada
2023-01-04 20:31:09,entrada
2023-01-04 20:21:56,entrada
2023-01-04 20:16:03,entrada
2023-01-04 20:47:51,entrada
2023-01-04 20:46:24,entrada
2023-01-04 20:58:20,entrada
2023-01-04 20:36:37,entrada
2023-01-04 20:48:00,entrada
2023-01-04 20:24:50,entrada
2023-01-04 20:35:16,entrada
2023-01-04 20:40:23,entrada
2023-01-04 20:01:39,entrada
2023-01-04 20:14:31,entrada
2023-01-04 20:38:58,entrada
2023-01-04 20:05:00,entrada
2023-01-04 20:46:22,entrada
2023-01-04 20:57:38,entrada
2023-01-04 20:56:16,entrada
2023-01-04 20:33:58,entrada
2023-01-04 20:40:28,entrada
2023-01-04 20:08:12,entrada
2023-01-04 20:05:05,entrada
2023-01-04 21:07:06,entrada
2023-01-04 21:13:55,entrada
2023-01-04 21:54:02,entrada
2023-01-04 21:49:15,entrada
2023-01-04 21:54:18,entrada
2023-01-04 21:50:17,entrada
2023-01-04 21:51:15,entrada
2023-01-04 21:07:59,entrada
2023-01-04 21:32:48,entrada
2023-01-04 21:11:52,entrada
2023-01-04 21:10:04,entrada
2023-01-04 21:26:11,entrada
2023-01-04 21:16:05,entrada
2023-01-04 21:32:04,entrada
2023-01-04 21:56:27,entrada
2023-01-04 21:13:04,entrada
2023-01-04 21:53:55,entrada
2023-01-04 21:58:32,entrada
2023-01-04 21:49:47,entrada
2023-01-04 21:40:18,entrada
2023-01-04 21:21:04,entrada
2023-01-04 21:58:01,entrada
2023-01-04 21:29:46,entrada
2023-01-04 21:38:03,entrada
2023-01-04 21:32:12,entrada
2023-01-04 21:19:53,entrada
2023-01-04 21:06:14,entrada
2023-01-04 21:22:13,entrada
2023-01-04 21:22:18,entrada
2023-01-04 21:53:28,entrada
2023-01-05 10:08:32,entrada
2023-01-05 10:31:47,entrada
2023-01-05 10:05:40,entrada
2023-01-05 10:58:35,entrada
2023-01-05 10:58:59,entrada
2023-01-05 10:01:28,entrada
2023-01-05 10:03:00,entrada
2023-01-05 10:18:25,entrada
2023-01-05 10:24:09,entrada
2023-01-05 10:52:14,entrada
2023-01-05 10:58:21,entrada
2023-01-05 10:50:47,entrada
2023-01-05 10:20:58,entrada
2023-01-05 10:55:21,entrada
2023-01-05 10:35:33,entrada
2023-01-05 10:29:24,entrada
2023-01-05 10:44:27,entrada
2023-01-05 10:00:48,entrada
2023-01-05 10:44:03,entrada
2023-01-05 10:06:48,entrada
2023-01-05 10:08:35,entrada
2023-01-05 10:18:00,entrada
2023-01-05 10:09:35,entrada
2023-01-05 11:02:57,entrada
2023-01-05 11:32:10,entrada
2023-01-05 11:15:17,entrada
2023-01-05 11:29:47,entrada
2023-01-05 11:54:09,entrada
2023-01-05 11:17:37,entrada
2023-01-05 11:18:35,entrada
2023-01-05 11:58:12,entrada
2023-01-05 11:55:45,entrada
2023-01-05 11:02:09,entrada
2023-01-05 11:37:00,entrada
2023-01-05 11:54:55,entrada
2023-01-05 11:26:45,entrada
2023-01-05 11:07:50,entrada
2023-01-05 11:45:41,entrada
2023-01-05 12:12:03,entrada
2023-01-05 12:21:06,entrada
2023-01-05 12:42:53,entrada
2023-01-05 12:23:03,entrada
2023-01-05 12:27:14,entrada
2023-01-05 12:00:54,entrada
2023-01-05 12:02:13,entrada
2023-01-05 12:37:49,entrada
2023-01-05 12:56:00,entrada
2023-01-05 12:37:37,entrada
2023-01-05 12:20:47,entrada
2023-01-05 12:28:04,entrada
2023-01-05 12:48:09,entrada
2023-01-05 12:27:20,entrada
2023-01-05 12:49:06,entrada
2023-01-05 12:02:44,entrada
2023-01-05 12:46:19,entrada
2023-01-05 12:18:34,entrada
2023-01-05 12:03:04,entrada
2023-01-05 12:00:03,entrada
2023-01-05 12:11:59,entrada
2023-01-05 12:26:55,entrada
2023-01-05 12:41:22,entrada
2023-01-05 12:24:20,entrada
2023-01-05 12:57:51,entrada
2023-01-05 12:23:24,entrada
2023-01-05 12:44:54,entrada
2023-01-05 12:45:31,entrada
2023-01-05 12:54:31,entrada
2023-01-05 12:04:35,entrada
2023-01-05 13:27:10,entrada
2023-01-05 13:13:38,entrada
2023-01-05 13:54:46,entrada
2023-01-05 13:53:18,entrada
2023-01-05 13:53:14,entrada
2023-01-05 13:27:23,entrada
2023-01-05 13:07:42,entrada
2023-01-05 13:08:46,entrada
2023-01-05 13:32:32,entrada
2023-01-05 13:18:02,entrada
2023-01-05 13:09:39,entrada
2023-01-05 13:46:41,entrada
2023-01-05 13:00:28,entrada
2023-01-05 13:49:33,entrada
2023-01-05 13:50:12,entrada
2023-01-05 13:53:00,entrada
2023-01-05 13:33:28,entrada
2023-01-05 13:47:46,entrada
2023-01-05 13:12:47,entrada
2023-01-05 13:48:52,entrada
2023-01-05 14:53:40,entrada
2023-01-05 14:06:13,entrada
2023-01-05 14:28:18,entrada
2023-01-05 14:18:01,entrada
2023-01-05 14:40:44,entrada
2023-01-05 14:14:02,entrada
2023-01-05 14:10:52,entrada
2023-01-05 14:45:29,entrada
2023-01-05 14:56:39,entrada
2023-01-05 14:17:50,entrada
2023-01-05 14:47:01,entrada
2023-01-05 14:31:07,entrada
2023-01-05 14:21:05,entrada
2023-01-05 14:11:46,entrada
2023-01-05 14:56:39,entrada
2023-01-05 14:35:14,entrada
2023-01-05 14:27:51,entrada
2023-01-05 14:56:48,entrada
2023-01-05 14:44:17,entrada
2023-01-05 14:01:12,entrada
2023-01-05 15:36:18,entrada
2023-01-05 15:43:28,entrada
2023-01-05 15:58:06,entrada
2023-01-05 15:27:08,entrada
2023-01-05 15:27:05,entrada
2023-01-05 15:28:57,entrada
2023-01-05 15:16:15,entrada
2023-01-05 15:22:30,entrada
2023-01-05 15:02:20,entrada
2023-01-05 15:25:35,entrada
2023-01-05 15:41:36,entrada
2023-01-05 15:52:21,entrada
2023-01-05 15:41:11,entrada
2023-01-05 15:41:12,entrada
2023-01-05 15:10:53,entrada
2023-01-05 15:15:07,entrada
2023-01-05 15:39:58,entrada
2023-01-05 15:56:39,entrada
2023-01-05 15:44:58,entrada
2023-01-05 15:01:29,entrada
2023-01-05 15:29:11,entrada
2023-01-05 15:09:43,entrada
2023-01-05 15:10:14,entrada
2023-01-05 15:15:16,entrada
2023-01-05 15:25:01,entrada
2023-01-05 16:58:55,entrada
2023-01-05 16:39:28,entrada
2023-01-05 16:06:39,entrada
2023-01-05 16:12:37,entrada
2023-01-05 16:17:01,entrada
2023-01-05 16:07:10,entrada
2023-01-05 16:32:53,entrada
2023-01-05 16:37:47,entrada
2023-01-05 16:26:19,entrada
2023-01-05 16:11:42,entrada
2023-01-05 16:30:26,entrada
2023-01-05 16:31:09,entrada
2023-01-05 16:02:44,entrada
2023-01-05 16:26:34,entrada
2023-01-05 16:30:14,entrada
2023-01-05 16:15:12,entrada
2023-01-05 16:48:34,entrada
2023-01-05 16:51:10,entrada
2023-01-05 16:58:20,entrada
2023-01-05 16:50:53,entrada
2023-01-05 16:10:29,entrada
2023-01-05 16:59:47,entrada
2023-01-05 17:37:24,entrada
2023-01-05 17:13:10,entrada
2023-01-05 17:31:10,entrada
2023-01-05 17:17:26,entrada
2023-01-05 17:54:53,entrada
2023-01-05 17:17:55,entrada
2023-01-05 17:22:10,entrada
2023-01-05 17:20:43,entrada
2023-01-05 17:04:22,entrada
2023-01-05 17:40:58,entrada
2023-01-05 17:24:40,entrada
2023-01-05 17:53:09,entrada
2023-01-05 17:21:18,entrada
2023-01-05 17:00:06,entrada
2023-01-05 17:03:00,entrada
2023-01-05 17:14:39,entrada
2023-01-05 17:11:21,entrada
2023-01-05 17:21:49,entrada
2023-01-05 17:46:16,entrada
2023-01-05 17:28:45,entrada
2023-01-05 17:13:49,entrada
2023-01-05 17:19:49,entrada
2023-01-05 17:47:32,entrada
2023-01-05 17:54:58,entrada
2023-01-05 17:42:14,entrada
2023-01-05 17:11:39,entrada
2023-01-05 17:53:19,entrada
2023-01-05 17:29:37,entrada
2023-01-05 17:02:27,entrada
2023-01-05 17:55:25,entrada
2023-01-05 17:29:12,entrada
2023-01-05 18:19:49,entrada
2023-01-05 18:37:23,entrada
2023-01-05 18:09:31,entrada
2023-01-05 18:51:14,entrada
2023-01-05 18:36:19,entrada
2023-01-05 18:02:36,entrada
2023-01-05 18:56:39,entrada
2023-01-05 18:07:39,entrada
2023-01-05 18:43:55,entrada
2023-01-05 18:22:39,entrada
2023-01-05 18:10:45,entrada
2023-01-05 18:07:28,entrada
2023-01-05 18:29:55,entrada
2023-01-05 18:59:09,entrada
2023-01-05 18:38:27,entrada
2023-01-05 18:48:35,entrada
2023-01-05 18:12:31,entrada
2023-01-05 18:35:36,entrada
2023-01-05 18:25:21,entrada
2023-01-05 18:03:30,entrada
2023-01-05 19:20:17,entrada
2023-01-05 19:12:15,entrada
2023-01-05 19:08:11,entrada
2023-01-05 19:43:37,entrada
2023-01-05 19:18:59,entrada
2023-01-05 19:06:56,entrada
2023-01-05 19:34:47,entrada
2023-01-05 19:17:15,entrada
2023-01-05 19:54:38,entrada
2023-01-05 19:03:58,entrada
2023-01-05 19:24:31,entrada
2023-01-05 19:39:12,entrada
2023-01-05 19:44:16,entrada
2023-01-05 19:48:36,entrada
2023-01-05 19:05:18,entrada
2023-01-05 19:12:56,entrada
2023-01-05 19:59:25,entrada
2023-01-05 19:13:30,entrada
2023-01-05 19:53:03,entrada
2023-01-05 19:59:38,entrada
2023-01-05 19:07:24,entrada
2023-01-05 19:12:31,entrada
2023-01-05 19:58:37,entrada
2023-01-05 19:37:55,entrada
2023-01-05 19:27:52,entrada
2023-01-05 19:29:02,entrada
2023-01-05 19:27:02,entrada
2023-01-05 19:44:53,entrada
2023-01-05 19:33:15,entrada
2023-01-05 19:21:31,entrada
2023-01-05 19:37:07,entrada
2023-01-05 19:54:07,entrada
2023-01-05 19:56:05,entrada
2023-01-05 19:13:31,entrada
2023-01-05 19:34:09,entrada
2023-01-05 20:51:29,entrada
2023-01-05 20:32:56,entrada
2023-01-05 20:51:08,entrada
2023-01-05 20:53:46,entrada
2023-01-05 20:00:43,entrada
2023-01-05 20:34:10,entrada
2023-01-05 20:33:15,entrada
2023-01-05 20:08:31,entrada
2023-01-05 20:14:11,entrada
2023-01-05 20:32:44,entrada
2023-01-05 20:13:56,entrada
2023-01-05 20:56:07,entrada
2023-01-05 20:07:26,entrada
2023-01-05 20:11:00,entrada
2023-01-05 20:42:39,entrada
2023-01-05 20:41:50,entrada
2023-01-05 20:10:38,entrada
2023-01-05 20:42:30,entrada
2023-01-05 20:16:32,entrada
2023-01-05 20:31:57,entrada
2023-01-05 20:28:20,entrada
2023-01-05 20:20:39,entrada
2023-01-05 20:22:55,entrada
2023-01-05 20:05:21,entrada
2023-01-05 20:49:37,entrada
2023-01-05 21:39:32,entrada
2023-01-05 21:11:07,entrada
2023-01-05 21:23:15,entrada
2023-01-05 21:49:03,entrada
2023-01-05 21:37:43,entrada
2023-01-05 21:26:08,entrada
2023-01-05 21:46:15,entrada
2023-01-05 21:55:11,entrada
2023-01-05 21:30:23,entrada
2023-01-05 21:54:13,entrada
2023-01-05 21:44:24,entrada
2023-01-05 21:33:02,entrada
2023-01-05 21:57:23,entrada
2023-01-05 21:53:41,entrada
2023-01-05 21:08:25,entrada
2023-01-05 21:19:39,entrada
2023-01-05 21:09:18,entrada
2023-01-05 21:02:23,entrada
2023-01-05 21:04:02,entrada
2023-01-05 21:57:26,entrada
2023-01-05 21:15:48,entrada
2023-01-06 10:20:23,entrada
2023-01-06 10:56:57,entrada
2023-01-06 10:04:05,entrada
2023-01-06 10:48:42,entrada
2023-01-06 10:47:43,entrada
2023-01-06 10:46:22,entrada
2023-01-06 10:03:26,entrada
2023-01-06 10:17:20,entrada
2023-01-06 10:27:34,entrada
2023-01-06 10:21:39,entrada
2023-01-06 10:22:02,entrada
2023-01-06 10:39:49,entrada
2023-01-06 10:09:24,entrada
2023-01-06 10:51:48,entrada
2023-01-06 10:07:54,entrada
2023-01-06 10:10:04,entrada
2023-01-06 10:57:44,entrada
2023-01-06 10:52:54,entrada
2023-01-06 10:36:55,entrada
2023-01-06 10:58:44,entrada
2023-01-06 10:37:28,entrada
2023-01-06 10:04:08,entrada
2023-01-06 10:58:47,entrada
2023-01-06 10:01:00,entrada
2023-01-06 10:39:59,entrada
2023-01-06 10:50:29,entrada
2023-01-06 11:14:53,entrada
2023-01-06 11:26:12,entrada
2023-01-06 11:48:30,entrada
2023-01-06 11:52:55,entrada
2023-01-06 11:34:59,entrada
2023-01-06 11:05:04,entrada
2023-01-06 11:21:57,entrada
2023-01-06 11:48:22,entrada
2023-01-06 11:24:33,entrada
2023-01-06 11:25:46,entrada
2023-01-06 11:04:25,entrada
2023-01-06 11:19:05,entrada
2023-01-06 11:05:58,entrada
2023-01-06 11:49:17,entrada
2023-01-06 11:03:16,entrada
2023-01-06 11:56:13,entrada
2023-01-06 11:13:12,entrada
2023-01-06 11:06:43,entrada
2023-01-06 11:54:14,entrada
2023-01-06 11:18:42,entrada
2023-01-06 12:23:14,entrada
2023-01-06 12:42:30,entrada
2023-01-06 12:08:38,entrada
2023-01-06 12:44:01,entrada
2023-01-06 12:07:06,entrada
2023-01-06 12:55:43,entrada
2023-01-06 12:50:38,entrada
2023-01-06 12:41:56,entrada
2023-01-06 12:15:34,entrada
2023-01-06 12:29:09,entrada
2023-01-06 12:37:17,entrada
2023-01-06 12:49:04,entrada
2023-01-06 12:52:28,entrada
2023-01-06 12:38:59,entrada
2023-01-06 12:33:42,entrada
2023-01-06 12:44:22,entrada
2023-01-06 12:04:29,entrada
2023-01-06 12:05:55,entrada
2023-01-06 12:57:45,entrada
2023-01-06 12:43:03,entrada
2023-01-06 12:28:22,entrada
2023-01-06 12:05:31,entrada
2023-01-06 12:41:17,entrada
2023-01-06 12:14:39,entrada
2023-01-06 12:57:31,entrada
2023-01-06 12:08:36,entrada
2023-01-06 13:34:10,entrada
2023-01-06 13:10:20,entrada
2023-01-06 13:20:21,entrada
2023-01-06 13:44:06,entrada
2023-01-06 13:54:16,entrada
2023-01-06 13:01:11,entrada
2023-01-06 13:56:41,entrada
2023-01-06 13:17:53,entrada
2023-01-06 13:58:10,entrada
2023-01-06 13:15:48,entrada
2023-01-06 13:50:17,entrada
2023-01-06 13:34:52,entrada
2023-01-06 13:58:25,entrada
2023-01-06 13:15:05,entrada
2023-01-06 13:56:43,entrada
2023-01-06 13:42:46,entrada
2023-01-06 13:46:47,entrada
2023-01-06 13:41:11,entrada
2023-01-06 13:59:12,entrada
2023-01-06 13:03:38,entrada
2023-01-06 13:53:01,entrada
2023-01-06 13:25:58,entrada
2023-01-06 13:26:26,entrada
2023-01-06 13:14:07,entrada
2023-01-06 13:06:46,entrada
2023-01-06 13:54:45,entrada
2023-01-06 14:35:29,entrada
2023-01-06 14:44:18,entrada
2023-01-06 14:22:33,entrada
2023-01-06 14:12:42,entrada
2023-01-06 14:53:28,entrada
2023-01-06 14:35:21,entrada
2023-01-06 14:51:51,entrada
2023-01-06 14:46:35,entrada
2023-01-06 14:08:38,entrada
2023-01-06 14:50:18,entrada
2023-01-06 14:37:05,entrada
2023-01-06 14:51:46,entrada
2023-01-06 14:14:56,entrada
2023-01-06 14:19:08,entrada
2023-01-06 14:31:03,entrada
2023-01-06 14:49:17,entrada
2023-01-06 14:04:19,entrada
2023-01-06 14:22:10,entrada
2023-01-06 14:36:21,entrada
2023-01-06 14:57:03,entrada
2023-01-06 14:28:43,entrada
2023-01-06 14:33:12,entrada
2023-01-06 14:41:08,entrada
2023-01-06 14:41:30,entrada
2023-01-06 14:06:03,entrada
2023-01-06 14:18:41,entrada
2023-01-06 14:29:30,entrada
2023-01-06 14:34:56,entrada
2023-01-06 15:46:36,entrada
2023-01-06 15:53:15,entrada
2023-01-06 15:44:21,entrada
2023-01-06 15:56:19,entrada
2023-01-06 15:49:42,entrada
2023-01-06 15:26:40,entrada
2023-01-06 15:15:33,entrada
2023-01-06 15:31:25,entrada
2023-01-06 15:24:01,entrada
2023-01-06 15:11:39,entrada
2023-01-06 15:08:11,entrada
2023-01-06 15:25:08,entrada
2023-01-06 15:09:31,entrada
2023-01-06 15:56:33,entrada
2023-01-06 15:47:19,entrada
2023-01-06 15:38:59,entrada
2023-01-06 15:01:00,entrada
2023-01-06 15:50:59,entrada
2023-01-06 15:35:23,entrada
2023-01-06 15:53:26,entrada
2023-01-06 15:01:30,entrada
2023-01-06 15:56:13,entrada
2023-01-06 15:01:28,entrada
2023-01-06 15:14:11,entrada
2023-01-06 15:36:27,entrada
2023-01-06 15:19:38,entrada
2023-01-06 15:23:20,entrada
2023-01-06 16:58:13,entrada
2023-01-06 16:14:42,entrada
2023-01-06 16:32:52,entrada
2023-01-06 16:30:34,entrada
2023-01-06 16:16:27,entrada
2023-01-06 16:18:45,entrada
2023-01-06 16:53:22,entrada
2023-01-06 16:31:39,entrada
2023-01-06 16:12:58,entrada
2023-01-06 16:19:34,entrada
2023-01-06 16:04:08,entrada
2023-01-06 16:28:05,entrada
2023-01-06 16:24:30,entrada
2023-01-06 16:21:01,entrada
2023-01-06 16:44:04,entrada
2023-01-06 16:59:26,entrada
2023-01-06 16:24:07,entrada
2023-01-06 16:54:00,entrada
2023-01-06 16:19:43,entrada
2023-01-06 16:22:31,entrada
2023-01-06 16:10:38,entrada
2023-01-06 16:46:53,entrada
2023-01-06 16:23:10,entrada
2023-01-06 16:28:53,entrada
2023-01-06 16:25:15,entrada
2023-01-06 16:34:19,entrada
2023-01-06 16:45:02,entrada
2023-01-06 16:00:57,entrada
2023-01-06 16:52:46,entrada
2023-01-06 16:00:16,entrada
2023-01-06 16:01:28,entrada
2023-01-06 16:19:05,entrada
2023-01-06 17:53:46,entrada
2023-01-06 17:55:06,entrada
2023-01-06 17:10:38,entrada
2023-01-06 17:03:24,entrada
2023-01-06 17:11:25,entrada
2023-01-06 17:37:45,entrada
2023-01-06 17:11:42,entrada
2023-01-06 17:50:52,entrada
2023-01-06 17:36:45,entrada
2023-01-06 17:52:23,entrada
2023-01-06 17:15:56,entrada
2023-01-06 17:12:24,entrada
2023-01-06 17:53:53,entrada
2023-01-06 17:56:51,entrada
2023-01-06 17:53:03,entrada
2023-01-06 17:10:31,entrada
2023-01-06 17:48:06,entrada
2023-01-06 17:45:57,entrada
2023-01-06 17:10:27,entrada
2023-01-06 17:53:40,entrada
2023-01-06 17:22:44,entrada
2023-01-06 17:22:49,entrada
2023-01-06 17:27:42,entrada
2023-01-06 17:46:56,entrada
2023-01-06 17:25:24,entrada
2023-01-06 17:53:28,entrada
2023-01-06 17:18:32,entrada
2023-01-06 17:35:13,entrada
2023-01-06 17:13:34,entrada
2023-01-06 17:29:27,entrada
2023-01-06 18:15:34,entrada
2023-01-06 18:46:58,entrada
2023-01-06 18:58:30,entrada
2023-01-06 18:03:36,entrada
2023-01-06 18:16:38,entrada
2023-01-06 18:47:45,entrada
2023-01-06 18:25:47,entrada
2023-01-06 18:38:40,entrada
2023-01-06 18:03:29,entrada
2023-01-06 18:29:21,entrada
2023-01-06 18:10:01,entrada
2023-01-06 18:43:11,entrada
2023-01-06 18:29:35,entrada
2023-01-06 18:17:25,entrada
2023-01-06 18:52:06,entrada
2023-01-06 18:00:57,entrada
2023-01-06 18:25:22,entrada
2023-01-06 18:25:44,entrada
2023-01-06 18:05:05,entrada
2023-01-06 18:43:07,entrada
2023-01-06 18:23:21,entrada
2023-01-06 18:18:36,entrada
2023-01-06 18:17:30,entrada
2023-01-06 19:20:54,entrada
2023-01-06 19:58:15,entrada
2023-01-06 19:30:13,entrada
2023-01-06 19:38:27,entrada
2023-01-06 19:31:27,entrada
2023-01-06 19:50:54,entrada
2023-01-06 19:48:08,entrada
2023-01-06 19:57:44,entrada
2023-01-06 19:21:31,entrada
2023-01-06 19:04:22,entrada
2023-01-06 19:04:41,entrada
2023-01-06 19:52:31,entrada
2023-01-06 19:58:09,entrada
2023-01-06 19:58:38,entrada
2023-01-06 19:57:14,entrada
2023-01-06 19:06:28,entrada
2023-01-06 19:58:46,entrada
2023-01-06 19:02:18,entrada
2023-01-06 19:09:27,entrada
2023-01-06 19:28:14,entrada
2023-01-06 19:34:05,entrada
2023-01-06 19:11:46,entrada
2023-01-06 19:37:12,entrada
2023-01-06 19:28:18,entrada
2023-01-06 20:55:26,entrada
2023-01-06 20:31:46,entrada
2023-01-06 20:08:39,entrada
2023-01-06 20:31:19,entrada
2023-01-06 20:27:32,entrada
2023-01-06 20:03:45,entrada
2023-01-06 20:56:33,entrada
2023-01-06 20:47:02,entrada
2023-01-06 20:25:07,entrada
2023-01-06 20:05:15,entrada
2023-01-06 20:23:47,entrada
2023-01-06 20:38:29,entrada
2023-01-06 20:44:12,entrada
2023-01-06 20:04:24,entrada
2023-01-06 20:19:53,entrada
2023-01-06 20:17:46,entrada
2023-01-06 20:17:01,entrada
2023-01-06 20:09:54,entrada
2023-01-06 20:44:49,entrada
2023-01-06 21:39:15,entrada
2023-01-06 21:37:12,entrada
2023-01-06 21:22:59,entrada
2023-01-06 21:53:21,entrada
2023-01-06 21:15:27,entrada
2023-01-06 21:47:34,entrada
2023-01-06 21:59:44,entrada
2023-01-06 21:45:07,entrada
2023-01-06 21:43:54,entrada
2023-01-06 21:54:21,entrada
2023-01-06 21:20:25,entrada
2023-01-06 21:39:20,entrada
2023-01-06 21:24:40,entrada
2023-01-06 21:00:05,entrada
2023-01-06 21:22:50,entrada
2023-01-06 21:22:42,entrada
2023-01-06 21:42:22,entrada
2023-01-06 21:31:29,entrada
2023-01-06 21:12:42,entrada
2023-01-06 21:17:22,entrada
2023-01-06 21:14:32,entrada
2023-01-06 21:20:56,entrada
2023-01-06 21:38:22,entrada
2023-01-06 21:26:44,entrada
2023-01-06 21:43:17,entrada
2023-01-06 21:23:50,entrada
2023-01-06 21:46:39,entrada
2023-01-06 21:50:41,entrada
2023-01-06 21:06:49,entrada
2023-01-06 21:47:19,entrada
2023-01-06 21:26:05,entrada
2023-01-06 21:26:08,entrada
2023-01-07 10:33:24,entrada
2023-01-07 10:44:05,entrada
2023-01-07 10:20:57,entrada
2023-01-07 10:05:31,entrada
2023-01-07 10:40:47,entrada
2023-01-07 10:42:38,entrada
2023-01-07 10:30:41,entrada
2023-01-07 10:09:29,entrada
2023-01-07 10:56:51,entrada
2023-01-07 10:17:59,entrada
2023-01-07 10:23:51,entrada
2023-01-07 10:08:30,entrada
2023-01-07 10:14:03,entrada
2023-01-07 10:39:08,entrada
2023-01-07 10:44:08,entrada
2023-01-07 10:25:03,entrada
2023-01-07 10:16:15,entrada
2023-01-07 10:14:34,entrada
2023-01-07 10:56:51,entrada
2023-01-07 10:04:54,entrada
2023-01-07 11:04:54,entrada
2023-01-07 11:30:24,entrada
2023-01-07 11:30:49,entrada
2023-01-07 11:19:43,entrada
2023-01-07 11:54:16,entrada
2023-01-07 11:44:01,entrada
2023-01-07 11:24:12,entrada
2023-01-07 11:57:38,entrada
2023-01-07 11:27:41,entrada
2023-01-07 11:54:05,entrada
2023-01-07 11:02:57,entrada
2023-01-07 11:34:17,entrada
2023-01-07 11:10:53,entrada
2023-01-07 11:19:04,entrada
2023-01-07 11:18:21,entrada
2023-01-07 11:58:59,entrada
2023-01-07 11:18:46,entrada
2023-01-07 11:15:23,entrada
2023-01-07 11:40:03,entrada
2023-01-07 11:14:24,entrada
2023-01-07 11:43:54,entrada
2023-01-07 11:34:54,entrada
2023-01-07 11:13:48,entrada
2023-01-07 12:58:07,entrada
2023-01-07 12:50:19,entrada
2023-01-07 12:47:31,entrada
2023-01-07 12:21:58,entrada
2023-01-07 12:06:08,entrada
2023-01-07 12:44:00,entrada
2023-01-07 12:28:07,entrada
2023-01-07 12:55:53,entrada
2023-01-07 12:03:34,entrada
2023-01-07 12:58:02,entrada
2023-01-07 12:53:44,entrada
2023-01-07 12:39:06,entrada
2023-01-07 12:26:00,entrada
2023-01-07 12:26:15,entrada
2023-01-07 12:37:06,entrada
2023-01-07 12:43:22,entrada
2023-01-07 12:40:58,entrada
2023-01-07 12:10:41,entrada
2023-01-07 12:52:32,entrada
2023-01-07 12:49:35,entrada
2023-01-07 12:36:40,entrada
2023-01-07 12:58:16,entrada
2023-01-07 12:34:47,entrada
2023-01-07 12:04:47,entrada
2023-01-07 12:31:02,entrada
2023-01-07 12:51:46,entrada
2023-01-07 12:34:51,entrada
2023-01-07 12:13:47,entrada
2023-01-07 13:48:42,entrada
2023-01-07 13:16:15,entrada
2023-01-07 13:57:54,entrada
2023-01-07 13:01:03,entrada
2023-01-07 13:20:38,entrada
2023-01-07 13:33:29,entrada
2023-01-07 13:05:16,entrada
2023-01-07 13:38:24,entrada
2023-01-07 13:04:04,entrada
2023-01-07 13:19:15,entrada
2023-01-07 13:50:40,entrada
2023-01-07 13:36:39,entrada
2023-01-07 13:08:04,entrada
2023-01-07 13:41:56,entrada
2023-01-07 13:01:08,entrada
2023-01-07 13:42:35,entrada
2023-01-07 13:21:21,entrada
2023-01-07 13:21:33,entrada
2023-01-07 13:54:28,entrada
2023-01-07 13:37:58,entrada
2023-01-07 13:45:32,entrada
2023-01-07 13:17:06,entrada
2023-01-07 13:00:32,entrada
2023-01-07 13:00:23,entrada
2023-01-07 13:03:03,entrada
2023-01-07 13:17:26,entrada
2023-01-07 13:42:58,entrada
2023-01-07 13:31:32,entrada
2023-01-07 13:27:41,entrada
2023-01-07 13:40:54,entrada
2023-01-07 14:59:34,entrada
2023-01-07 14:29:28,entrada
2023-01-07 14:21:10,entrada
2023-01-07 14:19:28,entrada
2023-01-07 14:50:40,entrada
2023-01-07 14:41:33,entrada
2023-01-07 14:00:30,entrada
2023-01-07 14:29:47,entrada
2023-01-07 14:17:54,entrada
2023-01-07 14:57:16,entrada
2023-01-07 14:37:13,entrada
2023-01-07 14:22:24,entrada
2023-01-07 14:14:45,entrada
2023-01-07 14:55:21,entrada
2023-01-07 14:02:55,entrada
2023-01-07 14:54:18,entrada
2023-01-07 14:56:43,entrada
2023-01-07 14:33:34,entrada
2023-01-07 14:49:00,entrada
2023-01-07 14:51:20,entrada
2023-01-07 14:28:05,entrada
2023-01-07 14:36:00,entrada
2023-01-07 14:50:00,entrada
2023-01-07 14:26:20,entrada
2023-01-07 15:26:25,entrada
2023-01-07 15:32:14,entrada
2023-01-07 15:35:44,entrada
2023-01-07 15:54:26,entrada
2023-01-07 15:56:04,entrada
2023-01-07 15:01:54,entrada
2023-01-07 15:57:32,entrada
2023-01-07 15:15:22,entrada
2023-01-07 15:37:54,entrada
2023-01-07 15:15:13,entrada
2023-01-07 15:28:25,entrada
2023-01-07 15:34:14,entrada
2023-01-07 15:02:22,entrada
2023-01-07 15:28:33,entrada
2023-01-07 15:32:40,entrada
2023-01-07 15:40:22,entrada
2023-01-07 15:06:02,entrada
2023-01-07 15:57:31,entrada
2023-01-07 15:30:17,entrada
2023-01-07 15:42:06,entrada
2023-01-07 16:44:23,entrada
2023-01-07 16:39:45,entrada
2023-01-07 16:55:32,entrada
2023-01-07 16:16:23,entrada
2023-01-07 16:36:56,entrada
2023-01-07 16:01:31,entrada
2023-01-07 16:56:59,entrada
2023-01-07 16:23:08,entrada
2023-01-07 16:03:16,entrada
2023-01-07 16:16:52,entrada
2023-01-07 16:49:47,entrada
2023-01-07 16:29:39,entrada
2023-01-07 16:57:10,entrada
2023-01-07 16:20:20,entrada
2023-01-07 16:17:54,entrada
2023-01-07 16:28:23,entrada
2023-01-07 16:09:44,entrada
2023-01-07 16:16:17,entrada
2023-01-07 16:41:47,entrada
2023-01-07 16:19:36,entrada
2023-01-07 16:44:17,entrada
2023-01-07 17:48:54,entrada
2023-01-07 17:25:34,entrada
2023-01-07 17:07:51,entrada
2023-01-07 17:35:52,entrada
2023-01-07 17:53:06,entrada
2023-01-07 17:45:45,entrada
2023-01-07 17:35:15,entrada
2023-01-07 17:23:53,entrada
2023-01-07 17:00:48,entrada
2023-01-07 17:24:09,entrada
2023-01-07 17:53:15,entrada
2023-01-07 17:15:57,entrada
2023-01-07 17:07:28,entrada
2023-01-07 17:38:27,entrada
2023-01-07 17:05:15,entrada
2023-01-07 17:19:15,entrada
2023-01-07 17:06:40,entrada
2023-01-07 17:13:42,entrada
2023-01-07 17:25:25,entrada
2023-01-07 17:13:06,entrada
2023-01-07 17:32:25,entrada
2023-01-07 17:56:44,entrada
2023-01-07 18:21:17,entrada
2023-01-07 18:11:51,entrada
2023-01-07 18:58:53,entrada
2023-01-07 18:29:52,entrada
2023-01-07 18:50:39,entrada
2023-01-07 18:06:31,entrada
2023-01-07 18:47:18,entrada
2023-01-07 18:05:19,entrada
2023-01-07 18:26:52,entrada
2023-01-07 18:42:36,entrada
2023-01-07 18:47:06,entrada
2023-01-07 18:58:04,entrada
2023-01-07 18:10:14,entrada
2023-01-07 18:02:57,entrada
2023-01-07 18:04:22,entrada
2023-01-07 18:52:36,entrada
2023-01-07 19:50:00,entrada
2023-01-07 19:11:38,entrada
2023-01-07 19:03:41,entrada
2023-01-07 19:12:33,entrada
2023-01-07 19:41:20,entrada
2023-01-07 19:21:56,entrada
2023-01-07 19:03:17,entrada
2023-01-07 19:04:18,entrada
2023-01-07 19:01:11,entrada
2023-01-07 19:16:09,entrada
2023-01-07 19:33:05,entrada
2023-01-07 19:07:50,entrada
2023-01-07 19:10:56,entrada
2023-01-07 19:11:08,entrada
2023-01-07 19:01:07,entrada
2023-01-07 19:57:10,entrada
2023-01-07 19:59:52,entrada
2023-01-07 19:35:09,entrada
2023-01-07 20:38:23,entrada
2023-01-07 20:32:58,entrada
2023-01-07 20:17:55,entrada
2023-01-07 20:27:56,entrada
2023-01-07 20:51:31,entrada
2023-01-07 20:11:47,entrada
2023-01-07 20:41:26,entrada
2023-01-07 20:09:45,entrada
2023-01-07 20:56:51,entrada
2023-01-07 20:41:31,entrada
2023-01-07 20:41:25,entrada
2023-01-07 20:24:10,entrada
2023-01-07 20:22:33,entrada
2023-01-07 20:56:51,entrada
2023-01-07 20:39:22,entrada
2023-01-07 20:28:30,entrada
2023-01-07 20:06:39,entrada
2023-01-07 20:32:20,entrada
2023-01-07 20:01:17,entrada
2023-01-07 20:46:32,entrada
2023-01-07 20:36:33,entrada
2023-01-07 20:19:34,entrada
2023-01-07 20:50:49,entrada
2023-01-07 20:53:17,entrada
2023-01-07 20:45:23,entrada
2023-01-07 21:36:21,entrada
2023-01-07 21:11:01,entrada
2023-01-07 21:36:06,entrada
2023-01-07 21:25:25,entrada
2023-01-07 21:23:11,entrada
2023-01-07 21:15:22,entrada
2023-01-07 21:39:59,entrada
2023-01-07 21:08:31,entrada
2023-01-07 21:14:36,entrada
2023-01-07 21:12:04,entrada
2023-01-07 21:10:09,entrada
2023-01-07 21:51:12,entrada
2023-01-07 21:40:52,entrada
2023-01-07 21:45:49,entrada
2023-01-07 21:14:41,entrada
2023-01-07 21:55:06,entrada
2023-01-07 21:39:27,entrada
2023-01-07 21:31:34,entrada
2023-01-07 21:14:47,entrada
2023-01-07 21:35:20,entrada
2023-01-07 21:05:00,entrada
2023-01-07 21:03:10,entrada
2023-01-07 21:43:25,entrada
2023-01-07 21:36:22,entrada
2023-01-07 21:28:20,entrada
2023-01-07 21:47:44,entrada
2023-01-07 21:44:48,entrada
2023-01-07 21:26:38,entrada
2023-01-07 21:39:12,entrada
2023-01-08 10:08:52,entrada
2023-01-08 10:17:42,entrada
2023-01-08 10:34:56,entrada
2023-01-08 10:54:33,entrada
2023-01-08 10:40:13,entrada
2023-01-08 10:03:28,entrada
2023-01-08 10:40:44,entrada
2023-01-08 10:49:14,entrada
2023-01-08 10:27:41,entrada
2023-01-08 10:15:11,entrada
2023-01-08 10:51:04,entrada
2023-01-08 10:33:41,entrada
2023-01-08 10:00:38,entrada
2023-01-08 10:31:25,entrada
2023-01-08 10:16:47,entrada
2023-01-08 10:58:26,entrada
2023-01-08 10:23:34,entrada
2023-01-08 10:45:41,entrada
2023-01-08 10:53:38,entrada
2023-01-08 10:25:48,entrada
2023-01-08 10:37:22,entrada
2023-01-08 11:14:22,entrada
2023-01-08 11:27:15,entrada
2023-01-08 11:36:20,entrada
2023-01-08 11:14:16,entrada
2023-01-08 11:49:36,entrada
2023-01-08 11:12:18,entrada
2023-01-08 11:29:44,entrada
2023-01-08 11:17:13,entrada
2023-01-08 11:35:35,entrada
2023-01-08 11:19:51,entrada
2023-01-08 11:18:44,entrada
2023-01-08 11:43:06,entrada
2023-01-08 11:56:43,entrada
2023-01-08 11:52:03,entrada
2023-01-08 11:58:33,entrada
2023-01-08 11:01:04,entrada
2023-01-08 11:54:09,entrada
2023-01-08 11:31:41,entrada
2023-01-08 11:40:12,entrada
2023-01-08 11:38:04,entrada
2023-01-08 11:57:09,entrada
2023-01-08 11:09:37,entrada
2023-01-08 11:26:59,entrada
2023-01-08 11:50:20,entrada
2023-01-08 11:07:00,entrada
2023-01-08 11:27:48,entrada
2023-01-08 11:38:13,entrada
2023-01-08 11:20:29,entrada
2023-01-08 11:20:48,entrada
2023-01-08 11:08:16,entrada
2023-01-08 12:08:16,entrada
2023-01-08 12:01:18,entrada
2023-01-08 12:18:55,entrada
2023-01-08 12:06:53,entrada
2023-01-08 12:41:41,entrada
2023-01-08 12:58:19,entrada
2023-01-08 12:08:16,entrada
2023-01-08 12:26:46,entrada
2023-01-08 12:01:35,entrada
2023-01-08 12:18:16,entrada
2023-01-08 12:04:38,entrada
2023-01-08 12:17:52,entrada
2023-01-08 12:53:58,entrada
2023-01-08 12:06:16,entrada
2023-01-08 12:38:35,entrada
2023-01-08 12:39:44,entrada
2023-01-08 12:03:37,entrada
2023-01-08 12:24:04,entrada
2023-01-08 12:29:11,entrada
2023-01-08 12:03:23,entrada
2023-01-08 12:28:08,entrada
2023-01-08 13:28:17,entrada
2023-01-08 13:43:07,entrada
2023-01-08 13:53:30,entrada
2023-01-08 13:33:06,entrada
2023-01-08 13:35:17,entrada
2023-01-08 13:59:37,entrada
2023-01-08 13:58:08,entrada
2023-01-08 13:58:08,entrada
2023-01-08 13:45:07,entrada
2023-01-08 13:50:34,entrada
2023-01-08 13:17:04,entrada
2023-01-08 13:13:27,entrada
2023-01-08 13:29:03,entrada
2023-01-08 13:38:19,entrada
2023-01-08 13:24:27,entrada
2023-01-08 13:11:01,entrada
2023-01-08 13:42:13,entrada
2023-01-08 13:21:30,entrada
2023-01-08 13:22:47,entrada
2023-01-08 13:19:37,entrada
2023-01-08 13:54:03,entrada
2023-01-08 13:14:23,entrada
2023-01-08 13:24:00,entrada
2023-01-08 13:06:56,entrada
2023-01-08 13:30:11,entrada
2023-01-08 13:41:04,entrada
2023-01-08 13:43:49,entrada
2023-01-08 13:41:37,entrada
2023-01-08 13:59:11,entrada
2023-01-08 13:38:17,entrada
2023-01-08 13:01:09,entrada
2023-01-08 14:03:45,entrada
2023-01-08 14:13:12,entrada
2023-01-08 14:26:05,entrada
2023-01-08 14:16:35,entrada
2023-01-08 14:39:48,entrada
2023-01-08 14:34:16,entrada
2023-01-08 14:40:01,entrada
2023-01-08 14:56:12,entrada
2023-01-08 14:51:01,entrada
2023-01-08 14:51:27,entrada
2023-01-08 14:42:58,entrada
2023-01-08 14:25:21,entrada
2023-01-08 14:46:42,entrada
2023-01-08 14:54:02,entrada
2023-01-08 14:34:59,entrada
2023-01-08 14:57:11,entrada
2023-01-08 14:23:04,entrada
2023-01-08 14:19:38,entrada
2023-01-08 14:38:12,entrada
2023-01-08 14:40:56,entrada
2023-01-08 14:52:44,entrada
2023-01-08 14:11:12,entrada
2023-01-08 14:55:09,entrada
2023-01-08 14:32:56,entrada
2023-01-08 14:39:53,entrada
2023-01-08 15:04:38,entrada
2023-01-08 15:17:37,entrada
2023-01-08 15:53:52,entrada
2023-01-08 15:36:29,entrada
2023-01-08 15:50:30,entrada
2023-01-08 15:09:14,entrada
2023-01-08 15:41:58,entrada
2023-01-08 15:47:43,entrada
2023-01-08 15:17:22,entrada
2023-01-08 15:32:15,entrada
2023-01-08 15:53:37,entrada
2023-01-08 15:34:33,entrada
2023-01-08 15:27:01,entrada
2023-01-08 15:29:12,entrada
2023-01-08 15:40:15,entrada
2023-01-08 15:58:04,entrada
2023-01-08 15:54:27,entrada
2023-01-08 15:52:38,entrada
2023-01-08 15:44:19,entrada
2023-01-08 15:23:26,entrada
2023-01-08 15:29:57,entrada
2023-01-08 16:43:09,entrada
2023-01-08 16:04:08,entrada
2023-01-08 16:01:33,entrada
2023-01-08 16:59:37,entrada
2023-01-08 16:30:09,entrada
2023-01-08 16:49:11,entrada
2023-01-08 16:35:53,entrada
2023-01-08 16:20:48,entrada
2023-01-08 16:46:05,entrada
2023-01-08 16:47:48,entrada
2023-01-08 16:02:09,entrada
2023-01-08 16:04:45,entrada
2023-01-08 16:25:20,entrada
2023-01-08 16:44:25,entrada
2023-01-08 16:37:43,entrada
2023-01-08 16:25:07,entrada
2023-01-08 16:04:14,entrada
2023-01-08 16:58:15,entrada
2023-01-08 16:00:15,entrada
2023-01-08 16:36:02,entrada
2023-01-08 16:51:46,entrada
2023-01-08 16:30:12,entrada
2023-01-08 16:55:15,entrada
2023-01-08 17:27:47,entrada
2023-01-08 17:37:30,entrada
2023-01-08 17:13:52,entrada
2023-01-08 17:32:56,entrada
2023-01-08 17:08:56,entrada
2023-01-08 17:26:23,entrada
2023-01-08 17:12:25,entrada
2023-01-08 17:28:50,entrada
2023-01-08 17:48:42,entrada
2023-01-08 17:27:27,entrada
2023-01-08 17:07:22,entrada
2023-01-08 17:28:04,entrada
2023-01-08 17:41:06,entrada
2023-01-08 17:41:35,entrada
2023-01-08 17:40:26,entrada
2023-01-08 17:57:45,entrada
2023-01-08 17:01:24,entrada
2023-01-08 17:08:52,entrada
2023-01-08 17:26:00,entrada
2023-01-08 17:22:09,entrada
2023-01-08 17:41:51,entrada
2023-01-08 17:24:53,entrada
2023-01-08 17:02:05,entrada
2023-01-08 17:57:05,entrada
2023-01-08 17:52:01,entrada
2023-01-08 17:57:57,entrada
2023-01-08 17:17:22,entrada
2023-01-08 17:01:11,entrada
2023-01-08 17:21:36,entrada
2023-01-08 17:19:38,entrada
2023-01-08 17:23:47,entrada
2023-01-08 18:52:35,entrada
2023-01-08 18:31:27,entrada
2023-01-08 18:12:00,entrada
2023-01-08 18:59:55,entrada
2023-01-08 18:34:47,entrada
2023-01-08 18:29:53,entrada
2023-01-08 18:35:56,entrada
2023-01-08 18:54:24,entrada
2023-01-08 18:15:57,entrada
2023-01-08 18:18:00,entrada
2023-01-08 18:04:50,entrada
2023-01-08 18:21:23,entrada
2023-01-08 18:42:44,entrada
2023-01-08 18:51:36,entrada
2023-01-08 18:52:35,entrada
2023-01-08 18:35:03,entrada
2023-01-08 18:35:51,entrada
2023-01-08 18:52:17,entrada
2023-01-08 18:49:15,entrada
2023-01-08 18:40:17,entrada
2023-01-08 19:04:16,entrada
2023-01-08 19:57:41,entrada
2023-01-08 19:31:09,entrada
2023-01-08 19:42:16,entrada
2023-01-08 19:04:44,entrada
2023-01-08 19:41:08,entrada
2023-01-08 19:48:32,entrada
2023-01-08 19:35:35,entrada
2023-01-08 19:17:08,entrada
2023-01-08 19:56:28,entrada
2023-01-08 19:49:13,entrada
2023-01-08 19:24:14,entrada
2023-01-08 19:05:55,entrada
2023-01-08 19:41:28,entrada
2023-01-08 19:14:28,entrada
2023-01-08 19:03:17,entrada
2023-01-08 19:49:56,entrada
2023-01-08 19:48:43,entrada
2023-01-08 19:38:15,entrada
2023-01-08 19:10:13,entrada
2023-01-08 20:53:40,entrada
2023-01-08 20:43:30,entrada
2023-01-08 20:43:46,entrada
2023-01-08 20:01:31,entrada
2023-01-08 20:17:12,entrada
2023-01-08 20:45:04,entrada
2023-01-08 20:57:41,entrada
2023-01-08 20:43:09,entrada
2023-01-08 20:55:42,entrada
2023-01-08 20:24:33,entrada
2023-01-08 20:36:29,entrada
2023-01-08 20:06:05,entrada
2023-01-08 20:53:54,entrada
2023-01-08 20:02:12,entrada
2023-01-08 20:02:25,entrada
2023-01-08 20:56:23,entrada
2023-01-08 20:52:05,entrada
2023-01-08 20:42:59,entrada
2023-01-08 20:57:48,entrada
2023-01-08 20:41:11,entrada
2023-01-08 20:48:35,entrada
2023-01-08 20:01:10,entrada
2023-01-08 20:38:33,entrada
2023-01-08 20:25:17,entrada
2023-01-08 20:20:35,entrada
2023-01-08 20:39:51,entrada
2023-01-08 20:45:43,entrada
2023-01-08 20:21:52,entrada
2023-01-08 20:58:29,entrada
2023-01-08 20:49:42,entrada
2023-01-08 21:05:45,entrada
2023-01-08 21:49:37,entrada
2023-01-08 21:41:23,entrada
2023-01-08 21:17:26,entrada
2023-01-08 21:40:07,entrada
2023-01-08 21:27:09,entrada
2023-01-08 21:16:54,entrada
2023-01-08 21:28:57,entrada
2023-01-08 21:05:13,entrada
2023-01-08 21:21:53,entrada
2023-01-08 21:05:25,entrada
2023-01-08 21:38:11,entrada
2023-01-08 21:34:13,entrada
2023-01-08 21:21:50,entrada
2023-01-08 21:22:47,entrada
2023-01-08 21:06:39,entrada
2023-01-08 21:49:24,entrada
2023-01-08 21:12:20,entrada
2023-01-09 10:36:44,entrada
2023-01-09 10:15:47,entrada
2023-01-09 10:23:34,entrada
2023-01-09 10:21:35,entrada
2023-01-09 10:10:54,entrada
2023-01-09 10:57:45,entrada
2023-01-09 10:28:34,entrada
2023-01-09 10:47:53,entrada
2023-01-09 10:14:59,entrada
2023-01-09 10:30:41,entrada
2023-01-09 10:40:42,entrada
2023-01-09 10:15:09,entrada
2023-01-09 10:48:31,entrada
2023-01-09 10:50:01,entrada
2023-01-09 10:23:22,entrada
2023-01-09 10:01:37,entrada
2023-01-09 10:30:50,entrada
2023-01-09 11:22:29,entrada
2023-01-09 11:04:08,entrada
2023-01-09 11:20:10,entrada
2023-01-09 11:04:34,entrada
2023-01-09 11:26:48,entrada
2023-01-09 11:01:23,entrada
2023-01-09 11:30:32,entrada
2023-01-09 11:38:29,entrada
2023-01-09 11:45:36,entrada
2023-01-09 11:50:27,entrada
2023-01-09 11:59:30,entrada
2023-01-09 11:10:22,entrada
2023-01-09 11:56:01,entrada
2023-01-09 11:39:40,entrada
2023-01-09 11:26:34,entrada
2023-01-09 11:01:38,entrada
2023-01-09 11:36:20,entrada
2023-01-09 11:57:04,entrada
2023-01-09 11:51:44,entrada
2023-01-09 11:20:28,entrada
2023-01-09 12:49:51,entrada
2023-01-09 12:11:12,entrada
2023-01-09 12:44:41,entrada
2023-01-09 12:38:24,entrada
2023-01-09 12:45:31,entrada
2023-01-09 12:23:47,entrada
2023-01-09 12:46:43,entrada
2023-01-09 12:08:39,entrada
2023-01-09 12:49:22,entrada
2023-01-09 12:49:12,entrada
2023-01-09 12:59:58,entrada
2023-01-09 12:31:49,entrada
2023-01-09 12:14:35,entrada
2023-01-09 12:48:04,entrada
2023-01-09 12:21:15,entrada
2023-01-09 12:40:09,entrada
2023-01-09 12:23:17,entrada
2023-01-09 12:48:17,entrada
2023-01-09 12:06:03,entrada
2023-01-09 12:25:04,entrada
2023-01-09 12:59:54,entrada
2023-01-09 12:15:34,entrada
2023-01-09 12:25:17,entrada
2023-01-09 12:28:22,entrada
2023-01-09 12:52:13,entrada
2023-01-09 12:14:48,entrada
2023-01-09 13:34:48,entrada
2023-01-09 13:20:49,entrada
2023-01-09 13:42:35,entrada
2023-01-09 13:47:16,entrada
2023-01-09 13:31:40,entrada
2023-01-09 13:05:23,entrada
2023-01-09 13:26:19,entrada
2023-01-09 13:24:01,entrada
2023-01-09 13:08:27,entrada
2023-01-09 13:52:37,entrada
2023-01-09 13:02:19,entrada
2023-01-09 13:05:38,entrada
2023-01-09 13:32:54,entrada
2023-01-09 13:00:36,entrada
2023-01-09 13:05:44,entrada
2023-01-09 13:33:46,entrada
2023-01-09 13:14:44,entrada
2023-01-09 13:25:56,entrada
2023-01-09 13:13:57,entrada
2023-01-09 13:53:06,entrada
2023-01-09 13:45:57,entrada
2023-01-09 13:30:23,entrada
2023-01-09 14:25:43,entrada
2023-01-09 14:01:19,entrada
2023-01-09 14:14:51,entrada
2023-01-09 14:03:21,entrada
2023-01-09 14:49:37,entrada
2023-01-09 14:22:58,entrada
2023-01-09 14:25:50,entrada
2023-01-09 14:10:27,entrada
2023-01-09 14:55:01,entrada
2023-01-09 14:58:07,entrada
2023-01-09 14:28:10,entrada
2023-01-09 14:36:17,entrada
2023-01-09 14:54:49,entrada
2023-01-09 14:13:53,entrada
2023-01-09 14:09:34,entrada
2023-01-09 14:08:34,entrada
2023-01-09 14:10:43,entrada
2023-01-09 14:11:02,entrada
2023-01-09 14:52:38,entrada
2023-01-09 14:13:55,entrada
2023-01-09 14:27:10,entrada
2023-01-09 14:38:24,entrada
2023-01-09 14:20:09,entrada
2023-01-09 14:42:14,entrada
2023-01-09 14:18:47,entrada
2023-01-09 14:21:20,entrada
2023-01-09 14:59:51,entrada
2023-01-09 14:43:31,entrada
2023-01-09 14:49:22,entrada
2023-01-09 15:20:33,entrada
2023-01-09 15:10:21,entrada
2023-01-09 15:41:34,entrada
2023-01-09 15:51:28,entrada
2023-01-09 15:41:27,entrada
2023-01-09 15:58:17,entrada
2023-01-09 15:13:17,entrada
2023-01-09 15:27:23,entrada
2023-01-09 15:07:41,entrada
2023-01-09 15:53:44,entrada
2023-01-09 15:52:07,entrada
2023-01-09 15:03:26,entrada
2023-01-09 15:35:04,entrada
2023-01-09 15:32:48,entrada
2023-01-09 15:33:29,entrada
2023-01-09 15:07:38,entrada
2023-01-09 15:46:25,entrada
2023-01-09 15:56:36,entrada
2023-01-09 15:33:06,entrada
2023-01-09 15:39:27,entrada
2023-01-09 15:38:38,entrada
2023-01-09 15:27:13,entrada
2023-01-09 15:52:49,entrada
2023-01-09 15:37:03,entrada
2023-01-09 15:41:17,entrada
2023-01-09 15:43:47,entrada
2023-01-09 15:24:06,entrada
2023-01-09 16:28:58,entrada
2023-01-09 16:29:01,entrada
2023-01-09 16:08:46,entrada
2023-01-09 16:01:28,entrada
2023-01-09 16:32:09,entrada
2023-01-09 16:33:43,entrada
2023-01-09 16:54:07,entrada
2023-01-09 16:36:53,entrada
2023-01-09 16:59:32,entrada
2023-01-09 16:46:05,entrada
2023-01-09 16:43:39,entrada
2023-01-09 16:44:18,entrada
2023-01-09 16:31:26,entrada
2023-01-09 16:00:42,entrada
2023-01-09 16:51:32,entrada
2023-01-09 16:39:31,entrada
2023-01-09 16:04:16,entrada
2023-01-09 17:33:31,entrada
2023-01-09 17:14:43,entrada
2023-01-09 17:16:32,entrada
2023-01-09 17:46:45,entrada
2023-01-09 17:51:53,entrada
2023-01-09 17:15:28,entrada
2023-01-09 17:08:32,entrada
2023-01-09 17:59:48,entrada
2023-01-09 17:28:12,entrada
2023-01-09 17:20:57,entrada
2023-01-09 17:20:04,entrada
2023-01-09 17:09:05,entrada
2023-01-09 17:55:50,entrada
2023-01-09 17:56:12,entrada
2023-01-09 17:00:19,entrada
2023-01-09 17:56:46,entrada
2023-01-09 17:45:07,entrada
2023-01-09 17:09:08,entrada
2023-01-09 17:48:40,entrada
2023-01-09 17:02:10,entrada
2023-01-09 17:11:09,entrada
2023-01-09 17:24:48,entrada
2023-01-09 17:48:24,entrada
2023-01-09 17:10:53,entrada
2023-01-09 17:35:38,entrada
2023-01-09 18:39:14,entrada
2023-01-09 18:32:19,entrada
2023-01-09 18:41:11,entrada
2023-01-09 18:36:08,entrada
2023-01-09 18:22:07,entrada
2023-01-09 18:31:47,entrada
2023-01-09 18:13:26,entrada
2023-01-09 18:24:12,entrada
2023-01-09 18:54:20,entrada
2023-01-09 18:44:30,entrada
2023-01-09 18:36:47,entrada
2023-01-09 18:57:42,entrada
2023-01-09 18:53:04,entrada
2023-01-09 18:12:27,entrada
2023-01-09 18:42:24,entrada
2023-01-09 18:50:34,entrada
2023-01-09 18:46:38,entrada
2023-01-09 18:06:37,entrada
2023-01-09 18:31:02,entrada
2023-01-09 18:44:38,entrada
2023-01-09 18:36:54,entrada
2023-01-09 18:49:21,entrada
2023-01-09 18:07:16,entrada
2023-01-09 18:51:26,entrada
2023-01-09 18:32:45,entrada
2023-01-09 18:16:41,entrada
2023-01-09 18:11:47,entrada
2023-01-09 18:45:26,entrada
2023-01-09 18:47:07,entrada
2023-01-09 18:22:59,entrada
2023-01-09 19:36:49,entrada
2023-01-09 19:33:10,entrada
2023-01-09 19:53:39,entrada
2023-01-09 19:32:30,entrada
2023-01-09 19:58:53,entrada
2023-01-09 19:43:33,entrada
2023-01-09 19:49:06,entrada
2023-01-09 19:57:48,entrada
2023-01-09 19:53:22,entrada
2023-01-09 19:45:55,entrada
2023-01-09 19:06:53,entrada
2023-01-09 19:24:02,entrada
2023-01-09 19:58:37,entrada
2023-01-09 19:19:33,entrada
2023-01-09 19:48:43,entrada
2023-01-09 19:43:29,entrada
2023-01-09 19:16:58,entrada
2023-01-09 19:09:34,entrada
2023-01-09 19:19:17,entrada
2023-01-09 19:44:43,entrada
2023-01-09 19:26:58,entrada
2023-01-09 19:58:48,entrada
2023-01-09 19:35:22,entrada
2023-01-09 19:31:09,entrada
2023-01-09 19:10:37,entrada
2023-01-09 19:05:58,entrada
2023-01-09 19:40:46,entrada
2023-01-09 20:15:32,entrada
2023-01-09 20:11:33,entrada
2023-01-09 20:06:10,entrada
2023-01-09 20:30:28,entrada
2023-01-09 20:12:30,entrada
2023-01-09 20:01:38,entrada
2023-01-09 20:14:56,entrada
2023-01-09 20:10:33,entrada
2023-01-09 20:38:03,entrada
2023-01-09 20:10:28,entrada
2023-01-09 20:01:15,entrada
2023-01-09 20:38:12,entrada
2023-01-09 20:36:16,entrada
2023-01-09 20:20:43,entrada
2023-01-09 20:59:18,entrada
2023-01-09 20:06:37,entrada
2023-01-09 20:07:12,entrada
2023-01-09 20:36:01,entrada
2023-01-09 20:40:10,entrada
2023-01-09 20:23:05,entrada
2023-01-09 20:25:06,entrada
2023-01-09 20:56:38,entrada
2023-01-09 20:18:05,entrada
2023-01-09 20:42:28,entrada
2023-01-09 20:42:38,entrada
2023-01-09 20:01:18,entrada
2023-01-09 20:03:57,entrada
2023-01-09 20:05:48,entrada
2023-01-09 21:59:09,entrada
2023-01-09 21:17:21,entrada
2023-01-09 21:45:48,entrada
2023-01-09 21:26:12,entrada
2023-01-09 21:32:04,entrada
2023-01-09 21:25:12,entrada
2023-01-09 21:26:56,entrada
2023-01-09 21:13:23,entrada
2023-01-09 21:02:46,entrada
2023-01-09 21:50:48,entrada
2023-01-09 21:29:34,entrada
2023-01-09 21:47:13,entrada
2023-01-09 21:11:27,entrada
2023-01-09 21:43:28,entrada
2023-01-09 21:42:16,entrada
2023-01-09 21:39:48,entrada
2023-01-09 21:20:56,entrada
2023-01-09 21:22:19,entrada
2023-01-09 21:10:56,entrada
2023-01-09 21:56:33,entrada
2023-01-09 21:09:09,entrada
2023-01-09 21:42:59,entrada
2023-01-09 21:05:35,entrada
2023-01-09 21:23:11,entrada
2023-01-09 21:42:54,entrada
2023-01-09 21:22:26,entrada
2023-01-09 21:57:56,entrada
2023-01-09 21:44:36,entrada
2023-01-09 21:05:00,entrada
2023-01-09 21:05:49,entrada
2023-01-09 21:21:40,entrada
2023-01-09 21:23:24,entrada
2023-01-09 21:14:25,entrada
2023-01-09 21:07:50,entrada
2023-01-09 21:23:47,entrada
2023-01-10 10:01:20,entrada
2023-01-10 10:19:22,entrada
2023-01-10 10:20:23,entrada
2023-01-10 10:03:11,entrada
2023-01-10 10:21:19,entrada
2023-01-10 10:17:00,entrada
2023-01-10 10:29:32,entrada
2023-01-10 10:23:13,entrada
2023-01-10 10:35:04,entrada
2023-01-10 10:10:23,entrada
2023-01-10 10:59:30,entrada
2023-01-10 10:54:12,entrada
2023-01-10 10:15:23,entrada
2023-01-10 10:12:23,entrada
2023-01-10 10:53:25,entrada
2023-01-10 10:01:15,entrada
2023-01-10 10:37:45,entrada
2023-01-10 10:00:48,entrada
2023-01-10 10:10:50,entrada
2023-01-10 10:34:42,entrada
2023-01-10 10:28:36,entrada
2023-01-10 10:16:57,entrada
2023-01-10 10:53:38,entrada
2023-01-10 10:41:27,entrada
2023-01-10 10:28:42,entrada
2023-01-10 10:02:51,entrada
2023-01-10 11:25:21,entrada
2023-01-10 11:07:32,entrada
2023-01-10 11:01:29,entrada
2023-01-10 11:46:19,entrada
2023-01-10 11:59:17,entrada
2023-01-10 11:42:56,entrada
2023-01-10 11:09:23,entrada
2023-01-10 11:55:03,entrada
2023-01-10 11:36:03,entrada
2023-01-10 11:12:24,entrada
2023-01-10 11:12:17,entrada
2023-01-10 11:58:23,entrada
2023-01-10 11:01:47,entrada
2023-01-10 11:32:57,entrada
2023-01-10 11:18:08,entrada
2023-01-10 11:27:34,entrada
2023-01-10 11:56:38,entrada
2023-01-10 11:09:00,entrada
2023-01-10 11:41:20,entrada
2023-01-10 11:08:59,entrada
2023-01-10 11:46:14,entrada
2023-01-10 11:34:56,entrada
2023-01-10 11:04:40,entrada
2023-01-10 11:57:21,entrada
2023-01-10 12:14:03,entrada
2023-01-10 12:59:19,entrada
2023-01-10 12:09:22,entrada
2023-01-10 12:40:33,entrada
2023-01-10 12:59:45,entrada
2023-01-10 12:47:32,entrada
2023-01-10 12:33:38,entrada
2023-01-10 12:09:53,entrada
2023-01-10 12:19:00,entrada
2023-01-10 12:12:00,entrada
2023-01-10 12:04:15,entrada
2023-01-10 12:14:48,entrada
2023-01-10 12:27:30,entrada
2023-01-10 12:22:47,entrada
2023-01-10 12:44:42,entrada
2023-01-10 12:16:48,entrada
2023-01-10 12:33:12,entrada
2023-01-10 12:13:10,entrada
2023-01-10 12:27:41,entrada
2023-01-10 12:31:34,entrada
2023-01-10 12:58:30,entrada
2023-01-10 12:16:46,entrada
2023-01-10 12:08:09,entrada
2023-01-10 12:07:20,entrada
2023-01-10 13:17:56,entrada
2023-01-10 13:49:09,entrada
2023-01-10 13:33:25,entrada
2023-01-10 13:29:08,entrada
2023-01-10 13:45:50,entrada
2023-01-10 13:30:41,entrada
2023-01-10 13:54:03,entrada
2023-01-10 13:05:13,entrada
2023-01-10 13:03:25,entrada
2023-01-10 13:46:47,entrada
2023-01-10 13:38:16,entrada
2023-01-10 13:18:50,entrada
2023-01-10 13:48:05,entrada
2023-01-10 13:28:10,entrada
2023-01-10 13:15:29,entrada
2023-01-10 13:24:39,entrada
2023-01-10 13:10:06,entrada
2023-01-10 13:25:55,entrada
2023-01-10 13:21:24,entrada
2023-01-10 13:18:30,entrada
2023-01-10 13:25:41,entrada
2023-01-10 13:40:35,entrada
2023-01-10 14:28:17,entrada
2023-01-10 14:19:46,entrada
2023-01-10 14:13:33,entrada
2023-01-10 14:48:53,entrada
2023-01-10 14:30:57,entrada
2023-01-10 14:39:41,entrada
2023-01-10 14:57:17,entrada
2023-01-10 14:29:24,entrada
2023-01-10 14:18:07,entrada
2023-01-10 14:27:07,entrada
2023-01-10 14:30:02,entrada
2023-01-10 14:02:43,entrada
2023-01-10 14:21:16,entrada
2023-01-10 14:35:16,entrada
2023-01-10 14:13:50,entrada
2023-01-10 14:08:29,entrada
2023-01-10 14:20:11,entrada
2023-01-10 14:36:31,entrada
2023-01-10 14:10:19,entrada
2023-01-10 14:34:52,entrada
2023-01-10 14:46:45,entrada
2023-01-10 14:10:51,entrada
2023-01-10 14:07:03,entrada
2023-01-10 14:26:43,entrada
2023-01-10 14:39:37,entrada
2023-01-10 14:46:29,entrada
2023-01-10 14:43:47,entrada
2023-01-10 15:58:52,entrada
2023-01-10 15:48:42,entrada
2023-01-10 15:48:50,entrada
2023-01-10 15:53:32,entrada
2023-01-10 15:29:58,entrada
2023-01-10 15:11:14,entrada
2023-01-10 15:17:27,entrada
2023-01-10 15:22:13,entrada
2023-01-10 15:29:32,entrada
2023-01-10 15:44:14,entrada
2023-01-10 15:06:14,entrada
2023-01-10 15:51:41,entrada
2023-01-10 15:45:37,entrada
2023-01-10 15:45:55,entrada
2023-01-10 15:56:53,entrada
2023-01-10 15:43:10,entrada
2023-01-10 15:28:30,entrada
2023-01-10 15:24:51,entrada
2023-01-10 15:53:23,entrada
2023-01-10 15:56:18,entrada
2023-01-10 15:01:21,entrada
2023-01-10 15:19:32,entrada
2023-01-10 15:07:24,entrada
2023-01-10 15:45:08,entrada
2023-01-10 15:33:56,entrada
2023-01-10 15:22:04,entrada
2023-01-10 15:54:24,entrada
2023-01-10 15:07:15,entrada
2023-01-10 15:53:47,entrada
2023-01-10 15:44:51,entrada
2023-01-10 15:14:00,entrada
2023-01-10 15:21:02,entrada
2023-01-10 16:19:40,entrada
2023-01-10 16:44:43,entrada
2023-01-10 16:10:11,entrada
2023-01-10 16:17:29,entrada
2023-01-10 16:43:47,entrada
2023-01-10 16:36:19,entrada
2023-01-10 16:24:11,entrada
2023-01-10 16:20:24,entrada
2023-01-10 16:10:08,entrada
2023-01-10 16:49:24,entrada
2023-01-10 16:34:51,entrada
2023-01-10 16:31:48,entrada
2023-01-10 16:13:00,entrada
2023-01-10 16:16:24,entrada
2023-01-10 16:58:07,entrada
2023-01-10 16:04:04,entrada
2023-01-10 16:40:34,entrada
2023-01-10 16:18:22,entrada
2023-01-10 16:08:53,entrada
2023-01-10 16:29:49,entrada
2023-01-10 16:15:32,entrada
2023-01-10 16:01:13,entrada
2023-01-10 16:45:00,entrada
2023-01-10 16:25:57,entrada
2023-01-10 16:24:15,entrada
2023-01-10 16:14:25,entrada
2023-01-10 16:46:43,entrada
2023-01-10 17:36:28,entrada
2023-01-10 17:17:46,entrada
2023-01-10 17:37:38,entrada
2023-01-10 17:48:05,entrada
2023-01-10 17:39:11,entrada
2023-01-10 17:52:13,entrada
2023-01-10 17:43:54,entrada
2023-01-10 17:09:53,entrada
2023-01-10 17:19:14,entrada
2023-01-10 17:30:06,entrada
2023-01-10 17:57:40,entrada
2023-01-10 17:09:09,entrada
2023-01-10 17:47:38,entrada
2023-01-10 18:05:29,entrada
2023-01-10 18:38:22,entrada
2023-01-10 18:31:21,entrada
2023-01-10 18:41:42,entrada
2023-01-10 18:56:44,entrada
2023-01-10 18:08:30,entrada
2023-01-10 18:06:08,entrada
2023-01-10 18:12:57,entrada
2023-01-10 18:02:34,entrada
2023-01-10 18:32:20,entrada
2023-01-10 18:30:51,entrada
2023-01-10 18:33:31,entrada
2023-01-10 18:56:34,entrada
2023-01-10 18:14:55,entrada
2023-01-10 18:31:05,entrada
2023-01-10 18:44:20,entrada
2023-01-10 18:32:31,entrada
2023-01-10 18:51:18,entrada
2023-01-10 18:32:27,entrada
2023-01-10 18:30:20,entrada
2023-01-10 18:53:33,entrada
2023-01-10 18:14:13,entrada
2023-01-10 19:02:46,entrada
2023-01-10 19:01:56,entrada
2023-01-10 19:24:48,entrada
2023-01-10 19:05:25,entrada
2023-01-10 19:07:34,entrada
2023-01-10 19:26:24,entrada
2023-01-10 19:17:53,entrada
2023-01-10 19:00:47,entrada
2023-01-10 19:38:02,entrada
2023-01-10 19:54:03,entrada
2023-01-10 19:40:36,entrada
2023-01-10 19:50:14,entrada
2023-01-10 19:07:37,entrada
2023-01-10 19:49:18,entrada
2023-01-10 19:55:46,entrada
2023-01-10 19:25:38,entrada
2023-01-10 19:09:37,entrada
2023-01-10 19:13:48,entrada
2023-01-10 19:40:18,entrada
2023-01-10 19:29:04,entrada
2023-01-10 19:54:30,entrada
2023-01-10 19:06:18,entrada
2023-01-10 19:30:51,entrada
2023-01-10 19:57:38,entrada
2023-01-10 19:23:33,entrada
2023-01-10 20:14:01,entrada
2023-01-10 20:23:13,entrada
2023-01-10 20:47:06,entrada
2023-01-10 20:35:49,entrada
2023-01-10 20:23:26,entrada
2023-01-10 20:36:37,entrada
2023-01-10 20:29:26,entrada
2023-01-10 20:38:14,entrada
2023-01-10 20:25:00,entrada
2023-01-10 20:55:03,entrada
2023-01-10 20:28:56,entrada
2023-01-10 20:00:42,entrada
2023-01-10 20:49:45,entrada
2023-01-10 20:21:10,entrada
2023-01-10 20:09:58,entrada
2023-01-10 20:16:35,entrada
2023-01-10 20:55:46,entrada
2023-01-10 20:25:47,entrada
2023-01-10 20:20:12,entrada
2023-01-10 20:08:10,entrada
2023-01-10 20:10:05,entrada
2023-01-10 20:00:53,entrada
2023-01-10 20:05:12,entrada
2023-01-10 20:21:55,entrada
2023-01-10 20:30:21,entrada
2023-01-10 20:36:46,entrada
2023-01-10 20:26:49,entrada
2023-01-10 20:51:13,entrada
2023-01-10 20:46:57,entrada
2023-01-10 20:04:57,entrada
2023-01-10 20:35:31,entrada
2023-01-10 20:33:06,entrada
2023-01-10 21:32:15,entrada
2023-01-10 21:10:54,entrada
2023-01-10 21:19:37,entrada
2023-01-10 21:23:53,entrada
2023-01-10 21:15:29,entrada
2023-01-10 21:33:00,entrada
2023-01-10 21:23:23,entrada
2023-01-10 21:08:21,entrada
2023-01-10 21:11:16,entrada
2023-01-10 21:24:27,entrada
2023-01-10 21:14:29,entrada
2023-01-10 21:50:26,entrada
2023-01-10 21:21:09,entrada
2023-01-10 21:57:30,entrada
2023-01-10 21:26:11,entrada
2023-01-10 21:45:30,entrada
2023-01-10 21:31:31,entrada
2023-01-10 21:40:58,entrada
2023-01-10 21:44:34,entrada
2023-01-11 10:55:27,entrada
2023-01-11 10:00:43,entrada
2023-01-11 10:35:42,entrada
2023-01-11 10:36:01,entrada
2023-01-11 10:16:39,entrada
2023-01-11 10:37:20,entrada
2023-01-11 10:08:12,entrada
2023-01-11 10:10:15,entrada
2023-01-11 10:15:58,entrada
2023-01-11 10:01:41,entrada
2023-01-11 10:43:07,entrada
2023-01-11 10:42:41,entrada
2023-01-11 10:12:56,entrada
2023-01-11 10:16:38,entrada
2023-01-11 10:23:02,entrada
2023-01-11 10:29:51,entrada
2023-01-11 10:12:18,entrada
2023-01-11 10:06:08,entrada
2023-01-11 10:18:44,entrada
2023-01-11 10:53:39,entrada
2023-01-11 10:21:17,entrada
2023-01-11 10:22:01,entrada
2023-01-11 10:49:49,entrada
2023-01-11 10:10:30,entrada
2023-01-11 10:32:13,entrada
2023-01-11 10:15:10,entrada
2023-01-11 10:32:06,entrada
2023-01-11 10:30:47,entrada
2023-01-11 11:41:55,entrada
2023-01-11 11:22:17,entrada
2023-01-11 11:00:34,entrada
2023-01-11 11:52:57,entrada
2023-01-11 11:30:58,entrada
2023-01-11 11:43:00,entrada
2023-01-11 11:02:02,entrada
2023-01-11 11:36:18,entrada
2023-01-11 11:28:24,entrada
2023-01-11 11:32:35,entrada
2023-01-11 11:28:57,entrada
2023-01-11 11:25:03,entrada
2023-01-11 11:48:13,entrada
2023-01-11 11:49:26,entrada
2023-01-11 11:32:21,entrada
2023-01-11 11:47:02,entrada
2023-01-11 11:22:20,entrada
2023-01-11 11:40:22,entrada
2023-01-11 11:03:20,entrada
2023-01-11 11:36:42,entrada
2023-01-11 11:30:20,entrada
2023-01-11 11:25:40,entrada
2023-01-11 11:57:34,entrada
2023-01-11 11:37:23,entrada
2023-01-11 11:10:40,entrada
2023-01-11 11:28:46,entrada
2023-01-11 11:54:59,entrada
2023-01-11 11:02:00,entrada
2023-01-11 11:51:53,entrada
2023-01-11 12:31:55,entrada
2023-01-11 12:52:06,entrada
2023-01-11 12:32:04,entrada
2023-01-11 12:48:27,entrada
2023-01-11 12:07:14,entrada
2023-01-11 12:51:03,entrada
2023-01-11 12:33:04,entrada
2023-01-11 12:32:56,entrada
2023-01-11 12:04:37,entrada
2023-01-11 12:33:57,entrada
2023-01-11 12:25:00,entrada
2023-01-11 12:03:38,entrada
2023-01-11 12:53:25,entrada
2023-01-11 12:32:32,entrada
2023-01-11 12:07:19,entrada
2023-01-11 12:15:20,entrada
2023-01-11 12:44:54,entrada
2023-01-11 12:55:25,entrada
2023-01-11 12:22:17,entrada
2023-01-11 13:41:40,entrada
2023-01-11 13:41:28,entrada
2023-01-11 13:05:16,entrada
2023-01-11 13:59:24,entrada
2023-01-11 13:37:03,entrada
2023-01-11 13:29:19,entrada
2023-01-11 13:02:22,entrada
2023-01-11 13:50:17,entrada
2023-01-11 13:25:55,entrada
2023-01-11 13:35:07,entrada
2023-01-11 13:16:30,entrada
2023-01-11 13:36:44,entrada
2023-01-11 13:56:32,entrada
2023-01-11 13:26:44,entrada
2023-01-11 13:03:21,entrada
2023-01-11 14:08:08,entrada
2023-01-11 14:08:26,entrada
2023-01-11 14:16:43,entrada
2023-01-11 14:56:44,entrada
2023-01-11 14:07:15,entrada
2023-01-11 14:17:58,entrada
2023-01-11 14:32:00,entrada
2023-01-11 14:11:05,entrada
2023-01-11 14:40:54,entrada
2023-01-11 14:04:58,entrada
2023-01-11 14:15:17,entrada
2023-01-11 14:48:17,entrada
2023-01-11 14:00:18,entrada
2023-01-11 14:53:07,entrada
2023-01-11 14:02:57,entrada
2023-01-11 14:24:57,entrada
2023-01-11 14:04:54,entrada
2023-01-11 14:39:18,entrada
2023-01-11 14:17:49,entrada
2023-01-11 14:52:30,entrada
2023-01-11 14:32:46,entrada
2023-01-11 14:17:56,entrada
2023-01-11 14:38:15,entrada
2023-01-11 14:15:46,entrada
2023-01-11 14:37:40,entrada
2023-01-11 14:06:13,entrada
2023-01-11 14:42:52,entrada
2023-01-11 14:47:24,entrada
2023-01-11 15:55:49,entrada
2023-01-11 15:52:58,entrada
2023-01-11 15:21:42,entrada
2023-01-11 15:12:07,entrada
2023-01-11 15:58:00,entrada
2023-01-11 15:16:11,entrada
2023-01-11 15:03:52,entrada
2023-01-11 15:12:30,entrada
2023-01-11 15:40:58,entrada
2023-01-11 15:06:22,entrada
2023-01-11 15:23:04,entrada
2023-01-11 15:04:16,entrada
2023-01-11 15:29:08,entrada
2023-01-11 15:05:24,entrada
2023-01-11 15:18:15,entrada
2023-01-11 15:20:01,entrada
2023-01-11 15:09:15,entrada
2023-01-11 15:36:14,entrada
2023-01-11 15:12:12,entrada
2023-01-11 15:31:44,entrada
2023-01-11 15:46:45,entrada
2023-01-11 15:07:42,entrada
2023-01-11 16:22:13,entrada
2023-01-11 16:39:03,entrada
2023-01-11 16:38:51,entrada
2023-01-11 16:18:46,entrada
2023-01-11 16:53:03,entrada
2023-01-11 16:29:18,entrada
2023-01-11 16:30:30,entrada
2023-01-11 16:08:52,entrada
2023-01-11 16:12:13,entrada
2023-01-11 16:54:59,entrada
2023-01-11 16:45:53,entrada
2023-01-11 16:09:47,entrada
2023-01-11 16:30:36,entrada
2023-01-11 16:22:26,entrada
2023-01-11 16:05:25,entrada
2023-01-11 16:01:44,entrada
2023-01-11 16:12:50,entrada
2023-01-11 17:55:50,entrada
2023-01-11 17:31:49,entrada
2023-01-11 17:40:01,entrada
2023-01-11 17:24:51,entrada
2023-01-11 17:43:01,entrada
2023-01-11 17:41:00,entrada
2023-01-11 17:35:56,entrada
2023-01-11 17:11:08,entrada
2023-01-11 17:35:40,entrada
2023-01-11 17:27:37,entrada
2023-01-11 17:32:41,entrada
2023-01-11 17:45:21,entrada
2023-01-11 17:24:17,entrada
2023-01-11 17:05:17,entrada
2023-01-11 17:51:15,entrada
2023-01-11 17:14:47,entrada
2023-01-11 17:07:12,entrada
2023-01-11 17:54:42,entrada
2023-01-11 17:59:56,entrada
2023-01-11 18:02:26,entrada
2023-01-11 18:51:40,entrada
2023-01-11 18:34:27,entrada
2023-01-11 18:05:05,entrada
2023-01-11 18:54:56,entrada
2023-01-11 18:43:22,entrada
2023-01-11 18:32:15,entrada
2023-01-11 18:23:04,entrada
2023-01-11 18:40:41,entrada
2023-01-11 18:12:46,entrada
2023-01-11 18:11:04,entrada
2023-01-11 18:36:30,entrada
2023-01-11 18:27:27,entrada
2023-01-11 18:29:17,entrada
2023-01-11 18:43:26,entrada
2023-01-11 18:34:25,entrada
2023-01-11 18:56:38,entrada
2023-01-11 18:48:50,entrada
2023-01-11 18:59:17,entrada
2023-01-11 18:32:24,entrada
2023-01-11 19:34:57,entrada
2023-01-11 19:12:34,entrada
2023-01-11 19:42:01,entrada
2023-01-11 19:55:46,entrada
2023-01-11 19:12:50,entrada
2023-01-11 19:53:15,entrada
2023-01-11 19:17:06,entrada
2023-01-11 19:44:35,entrada
2023-01-11 19:40:29,entrada
2023-01-11 19:41:40,entrada
2023-01-11 19:06:14,entrada
2023-01-11 19:59:39,entrada
2023-01-11 19:18:42,entrada
2023-01-11 19:36:01,entrada
2023-01-11 19:41:47,entrada
2023-01-11 19:54:12,entrada
2023-01-11 19:39:40,entrada
2023-01-11 19:42:42,entrada
2023-01-11 19:54:57,entrada
2023-01-11 19:30:15,entrada
2023-01-11 19:41:55,entrada
2023-01-11 19:43:56,entrada
2023-01-11 19:05:27,entrada
2023-01-11 20:37:08,entrada
2023-01-11 20:11:14,entrada
2023-01-11 20:20:51,entrada
2023-01-11 20:34:41,entrada
2023-01-11 20:32:50,entrada
2023-01-11 20:18:54,entrada
2023-01-11 20:22:12,entrada
2023-01-11 20:43:00,entrada
2023-01-11 20:50:28,entrada
2023-01-11 20:23:15,entrada
2023-01-11 20:24:54,entrada
2023-01-11 20:22:27,entrada
2023-01-11 20:46:15,entrada
2023-01-11 20:42:55,entrada
2023-01-11 20:37:10,entrada
2023-01-11 20:02:14,entrada
2023-01-11 20:00:06,entrada
2023-01-11 20:00:48,entrada
2023-01-11 20:31:08,entrada
2023-01-11 20:28:25,entrada
2023-01-11 20:22:44,entrada
2023-01-11 20:42:28,entrada
2023-01-11 20:51:37,entrada
2023-01-11 20:32:06,entrada
2023-01-11 20:11:30,entrada
2023-01-11 21:55:37,entrada
2023-01-11 21:02:37,entrada
2023-01-11 21:15:01,entrada
2023-01-11 21:30:27,entrada
2023-01-11 21:06:29,entrada
2023-01-11 21:42:57,entrada
2023-01-11 21:06:35,entrada
2023-01-11 21:28:23,entrada
2023-01-11 21:51:38,entrada
2023-01-11 21:03:28,entrada
2023-01-11 21:43:04,entrada
2023-01-11 21:54:28,entrada
2023-01-11 21:29:28,entrada
2023-01-11 21:25:18,entrada
2023-01-11 21:25:36,entrada
2023-01-12 10:21:20,entrada
2023-01-12 10:11:10,entrada
2023-01-12 10:01:49,entrada
2023-01-12 10:40:01,entrada
2023-01-12 10:33:02,entrada
2023-01-12 10:15:50,entrada
2023-01-12 10:03:22,entrada
2023-01-12 10:56:49,entrada
2023-01-12 10:19:24,entrada
2023-01-12 10:29:17,entrada
2023-01-12 10:41:10,entrada
2023-01-12 10:28:16,entrada
2023-01-12 10:25:55,entrada
2023-01-12 10:56:22,entrada
2023-01-12 10:55:51,entrada
2023-01-12 10:47:19,entrada
2023-01-12 10:44:01,entrada
2023-01-12 10:23:30,entrada
2023-01-12 10:26:01,entrada
2023-01-12 10:56:13,entrada
2023-01-12 10:03:48,entrada
2023-01-12 10:12:35,entrada
2023-01-12 10:34:43,entrada
2023-01-12 10:53:54,entrada
2023-01-12 10:07:01,entrada
2023-01-12 10:05:30,entrada
2023-01-12 10:53:09,entrada
2023-01-12 10:43:20,entrada
2023-01-12 10:41:09,entrada
2023-01-12 10:22:02,entrada
2023-01-12 10:31:19,entrada
2023-01-12 11:01:58,entrada
2023-01-12 11:06:48,entrada
2023-01-12 11:15:16,entrada
2023-01-12 11:19:57,entrada
2023-01-12 11:22:33,entrada
2023-01-12 11:10:33,entrada
2023-01-12 11:32:25,entrada
2023-01-12 11:01:22,entrada
2023-01-12 11:40:21,entrada
2023-01-12 11:57:33,entrada
2023-01-12 11:59:14,entrada
2023-01-12 11:09:14,entrada
2023-01-12 11:41:28,entrada
2023-01-12 11:56:22,entrada
2023-01-12 11:58:16,entrada
2023-01-12 11:59:08,entrada
2023-01-12 11:49:35,entrada
2023-01-12 11:08:15,entrada
2023-01-12 11:35:47,entrada
2023-01-12 11:50:32,entrada
2023-01-12 11:54:30,entrada
2023-01-12 11:05:09,entrada
2023-01-12 11:15:03,entrada
2023-01-12 11:53:21,entrada
2023-01-12 11:12:15,entrada
2023-01-12 11:51:28,entrada
2023-01-12 11:05:25,entrada
2023-01-12 11:10:23,entrada
2023-01-12 11:28:02,entrada
2023-01-12 11:51:09,entrada
2023-01-12 11:59:00,entrada
2023-01-12 11:51:42,entrada
2023-01-12 11:25:57,entrada
2023-01-12 11:11:13,entrada
2023-01-12 11:24:07,entrada
2023-01-12 12:15:58,entrada
2023-01-12 12:52:18,entrada
2023-01-12 12:33:24,entrada
2023-01-12 12:30:48,entrada
2023-01-12 12:40:16,entrada
2023-01-12 12:46:29,entrada
2023-01-12 12:38:53,entrada
2023-01-12 12:54:30,entrada
2023-01-12 12:18:34,entrada
2023-01-12 12:28:58,entrada
2023-01-12 12:00:03,entrada
2023-01-12 12:27:17,entrada
2023-01-12 12:25:39,entrada
2023-01-12 12:18:54,entrada
2023-01-12 12:54:59,entrada
2023-01-12 12:56:05,entrada
2023-01-12 12:00:07,entrada
2023-01-12 12:32:50,entrada
2023-01-12 12:42:20,entrada
2023-01-12 12:23:24,entrada
2023-01-12 12:46:54,entrada
2023-01-12 12:56:42,entrada
2023-01-12 12:18:28,entrada
2023-01-12 13:57:46,entrada
2023-01-12 13:11:20,entrada
2023-01-12 13:41:57,entrada
2023-01-12 13:53:33,entrada
2023-01-12 13:06:44,entrada
2023-01-12 13:34:14,entrada
2023-01-12 13:00:25,entrada
2023-01-12 13:34:24,entrada
2023-01-12 13:41:58,entrada
2023-01-12 13:58:14,entrada
2023-01-12 13:21:58,entrada
2023-01-12 13:05:51,entrada
2023-01-12 13:14:23,entrada
2023-01-12 13:20:06,entrada
2023-01-12 13:56:28,entrada
2023-01-12 13:31:31,entrada
2023-01-12 13:52:58,entrada
2023-01-12 13:04:03,entrada
2023-01-12 13:21:17,entrada
2023-01-12 13:34:16,entrada
2023-01-12 13:49:49,entrada
2023-01-12 13:55:23,entrada
2023-01-12 13:01:12,entrada
2023-01-12 13:53:14,entrada
2023-01-12 13:04:02,entrada
2023-01-12 14:18:38,entrada
2023-01-12 14:05:49,entrada
2023-01-12 14:50:10,entrada
2023-01-12 14:11:57,entrada
2023-01-12 14:41:12,entrada
2023-01-12 14:11:20,entrada
2023-01-12 14:09:19,entrada
2023-01-12 14:49:35,entrada
2023-01-12 14:27:23,entrada
2023-01-12 14:04:36,entrada
2023-01-12 14:59:11,entrada
2023-01-12 14:57:34,entrada
2023-01-12 14:39:53,entrada
2023-01-12 14:01:49,entrada
2023-01-12 14:40:44,entrada
2023-01-12 14:38:41,entrada
2023-01-12 14:08:21,entrada
2023-01-12 14:46:04,entrada
2023-01-12 14:11:00,entrada
2023-01-12 14:43:21,entrada
2023-01-12 14:37:50,entrada
2023-01-12 15:03:07,entrada
2023-01-12 15:23:10,entrada
2023-01-12 15:16:49,entrada
2023-01-12 15:20:56,entrada
2023-01-12 15:25:42,entrada
2023-01-12 15:47:43,entrada
2023-01-12 15:44:26,entrada
2023-01-12 15:15:54,entrada
2023-01-12 15:25:52,entrada
2023-01-12 15:32:30,entrada
2023-01-12 15:47:46,entrada
2023-01-12 15:05:43,entrada
2023-01-12 15:07:06,entrada
2023-01-12 15:33:43,entrada
2023-01-12 15:52:13,entrada
2023-01-12 15:15:42,entrada
2023-01-12 15:51:08,entrada
2023-01-12 15:09:16,entrada
2023-01-12 15:11:05,entrada
2023-01-12 15:18:42,entrada
2023-01-12 15:40:52,entrada
2023-01-12 15:28:05,entrada
2023-01-12 15:58:24,entrada
2023-01-12 15:56:23,entrada
2023-01-12 16:06:44,entrada
2023-01-12 16:05:23,entrada
2023-01-12 16:18:18,entrada
2023-01-12 16:35:50,entrada
2023-01-12 16:08:47,entrada
2023-01-12 16:58:35,entrada
2023-01-12 16:37:39,entrada
2023-01-12 16:58:28,entrada
2023-01-12 16:23:47,entrada
2023-01-12 16:04:52,entrada
2023-01-12 16:53:41,entrada
2023-01-12 16:54:44,entrada
2023-01-12 16:25:13,entrada
2023-01-12 16:38:28,entrada
2023-01-12 16:51:05,entrada
2023-01-12 16:06:36,entrada
2023-01-12 16:52:17,entrada
2023-01-12 16:22:43,entrada
2023-01-12 16:37:58,entrada
2023-01-12 16:00:03,entrada
2023-01-12 16:50:43,entrada
2023-01-12 16:46:34,entrada
2023-01-12 16:22:26,entrada
2023-01-12 16:59:25,entrada
2023-01-12 16:51:59,entrada
2023-01-12 16:07:42,entrada
2023-01-12 17:50:54,entrada
2023-01-12 17:12:08,entrada
2023-01-12 17:55:55,entrada
2023-01-12 17:14:56,entrada
2023-01-12 17:57:34,entrada
2023-01-12 17:23:32,entrada
2023-01-12 17:15:07,entrada
2023-01-12 17:28:22,entrada
2023-01-12 17:44:30,entrada
2023-01-12 17:39:48,entrada
2023-01-12 17:53:54,entrada
2023-01-12 17:13:58,entrada
2023-01-12 17:52:29,entrada
2023-01-12 17:52:38,entrada
2023-01-12 17:26:46,entrada
2023-01-12 17:15:50,entrada
2023-01-12 17:05:54,entrada
2023-01-12 17:32:43,entrada
2023-01-12 17:17:15,entrada
2023-01-12 17:11:19,entrada
2023-01-12 17:44:39,entrada
2023-01-12 17:58:28,entrada
2023-01-12 17:29:25,entrada
2023-01-12 17:21:32,entrada
2023-01-12 17:57:52,entrada
2023-01-12 17:38:46,entrada
2023-01-12 17:28:21,entrada
2023-01-12 17:44:12,entrada
2023-01-12 17:59:08,entrada
2023-01-12 17:23:14,entrada
2023-01-12 17:35:12,entrada
2023-01-12 17:26:43,entrada
2023-01-12 18:41:47,entrada
2023-01-12 18:07:08,entrada
2023-01-12 18:26:03,entrada
2023-01-12 18:20:30,entrada
2023-01-12 18:20:39,entrada
2023-01-12 18:24:38,entrada
2023-01-12 18:14:52,entrada
2023-01-12 18:34:48,entrada
2023-01-12 18:42:40,entrada
2023-01-12 18:36:56,entrada
2023-01-12 18:41:46,entrada
2023-01-12 18:27:13,entrada
2023-01-12 18:03:52,entrada
2023-01-12 18:19:33,entrada
2023-01-12 18:11:32,entrada
2023-01-12 18:23:19,entrada
2023-01-12 18:04:37,entrada
2023-01-12 18:29:23,entrada
2023-01-12 18:42:39,entrada
2023-01-12 18:06:35,entrada
2023-01-12 18:37:15,entrada
2023-01-12 18:51:14,entrada
2023-01-12 18:45:22,entrada
2023-01-12 18:11:28,entrada
2023-01-12 18:43:47,entrada
2023-01-12 18:14:28,entrada
2023-01-12 18:44:42,entrada
2023-01-12 19:14:46,entrada
2023-01-12 19:02:18,entrada
2023-01-12 19:27:02,entrada
2023-01-12 19:37:03,entrada
2023-01-12 19:23:30,entrada
2023-01-12 19:44:58,entrada
2023-01-12 19:44:58,entrada
2023-01-12 19:10:36,entrada
2023-01-12 19:00:08,entrada
2023-01-12 19:16:53,entrada
2023-01-12 19:00:02,entrada
2023-01-12 19:46:25,entrada
2023-01-12 19:52:30,entrada
2023-01-12 19:25:22,entrada
2023-01-12 19:29:09,entrada
2023-01-12 19:07:43,entrada
2023-01-12 19:24:21,entrada
2023-01-12 19:14:58,entrada
2023-01-12 19:40:55,entrada
2023-01-12 19:56:09,entrada
2023-01-12 19:19:40,entrada
2023-01-12 19:46:22,entrada
2023-01-12 19:52:52,entrada
2023-01-12 19:00:01,entrada
2023-01-12 19:57:18,entrada
2023-01-12 19:13:07,entrada
2023-01-12 19:37:11,entrada
2023-01-12 19:25:26,entrada
2023-01-12 19:28:14,entrada
2023-01-12 20:54:25,entrada
2023-01-12 20:15:09,entrada
2023-01-12 20:44:01,entrada
2023-01-12 20:34:18,entrada
2023-01-12 20:05:18,entrada
2023-01-12 20:58:52,entrada
2023-01-12 20:51:50,entrada
2023-01-12 20:07:13,entrada
2023-01-12 20:09:02,entrada
2023-01-12 20:37:28,entrada
2023-01-12 20:14:22,entrada
2023-01-12 20:22:17,entrada
2023-01-12 20:45:18,entrada
2023-01-12 20:27:25,entrada
2023-01-12 20:09:46,entrada
2023-01-12 20:03:54,entrada
2023-01-12 20:01:02,entrada
2023-01-12 20:06:54,entrada
2023-01-12 20:15:30,entrada
2023-01-12 20:09:18,entrada
2023-01-12 20:27:16,entrada
2023-01-12 20:27:18,entrada
2023-01-12 20:36:22,entrada
2023-01-12 20:19:12,entrada
2023-01-12 21:41:18,entrada
2023-01-12 21:07:38,entrada
2023-01-12 21:32:43,entrada
2023-01-12 21:27:36,entrada
2023-01-12 21:47:24,entrada
2023-01-12 21:35:16,entrada
2023-01-12 21:23:20,entrada
2023-01-12 21:01:30,entrada
2023-01-12 21:43:32,entrada
2023-01-12 21:29:11,entrada
2023-01-12 21:43:11,entrada
2023-01-12 21:50:56,entrada
2023-01-12 21:48:51,entrada
2023-01-12 21:23:23,entrada
2023-01-12 21:57:59,entrada
2023-01-12 21:10:12,entrada
2023-01-12 21:26:07,entrada
2023-01-12 21:09:07,entrada
2023-01-12 21:19:07,entrada
2023-01-12 21:08:06,entrada
2023-01-12 21:13:27,entrada
2023-01-12 21:01:56,entrada
2023-01-12 21:42:07,entrada
2023-01-12 21:12:20,entrada
2023-01-12 21:46:27,entrada
2023-01-12 21:34:22,entrada
2023-01-12 21:45:14,entrada
2023-01-13 10:54:05,entrada
2023-01-13 10:52:15,entrada
2023-01-13 10:25:04,entrada
2023-01-13 10:08:45,entrada
2023-01-13 10:39:13,entrada
2023-01-13 10:43:41,entrada
2023-01-13 10:29:51,entrada
2023-01-13 10:51:25,entrada
2023-01-13 10:52:44,entrada
2023-01-13 10:28:18,entrada
2023-01-13 10:46:07,entrada
2023-01-13 10:22:52,entrada
2023-01-13 10:41:34,entrada
2023-01-13 10:30:52,entrada
2023-01-13 10:34:31,entrada
2023-01-13 10:57:04,entrada
2023-01-13 10:15:16,entrada
2023-01-13 10:31:37,entrada
2023-01-13 10:57:31,entrada
2023-01-13 10:51:19,entrada
2023-01-13 10:47:55,entrada
2023-01-13 10:01:19,entrada
2023-01-13 10:46:17,entrada
2023-01-13 10:00:57,entrada
2023-01-13 10:28:28,entrada
2023-01-13 11:44:38,entrada
2023-01-13 11:54:12,entrada
2023-01-13 11:52:39,entrada
2023-01-13 11:29:52,entrada
2023-01-13 11:48:40,entrada
2023-01-13 11:51:12,entrada
2023-01-13 11:33:35,entrada
2023-01-13 11:29:24,entrada
2023-01-13 11:01:35,entrada
2023-01-13 11:17:04,entrada
2023-01-13 11:18:41,entrada
2023-01-13 11:17:56,entrada
2023-01-13 11:31:20,entrada
2023-01-13 11:09:36,entrada
2023-01-13 11:48:21,entrada
2023-01-13 11:12:54,entrada
2023-01-13 11:16:08,entrada
2023-01-13 11:23:43,entrada
2023-01-13 11:13:45,entrada
2023-01-13 11:07:54,entrada
2023-01-13 11:36:18,entrada
2023-01-13 11:27:45,entrada
2023-01-13 11:40:29,entrada
2023-01-13 11:06:58,entrada
2023-01-13 11:57:25,entrada
2023-01-13 11:39:45,entrada
2023-01-13 11:53:59,entrada
2023-01-13 11:45:10,entrada
2023-01-13 12:58:13,entrada
2023-01-13 12:29:28,entrada
2023-01-13 12:07:11,entrada
2023-01-13 12:40:37,entrada
2023-01-13 12:25:49,entrada
2023-01-13 12:01:54,entrada
2023-01-13 12:39:55,entrada
2023-01-13 12:13:05,entrada
2023-01-13 12:41:39,entrada
2023-01-13 12:30:16,entrada
2023-01-13 12:24:31,entrada
2023-01-13 12:11:48,entrada
2023-01-13 12:12:18,entrada
2023-01-13 12:43:47,entrada
2023-01-13 12:24:30,entrada
2023-01-13 12:58:36,entrada
2023-01-13 12:24:15,entrada
2023-01-13 12:56:37,entrada
2023-01-13 12:42:48,entrada
2023-01-13 12:57:22,entrada
2023-01-13 12:13:05,entrada
2023-01-13 12:24:22,entrada
2023-01-13 12:59:42,entrada
2023-01-13 12:11:12,entrada
2023-01-13 12:35:38,entrada
2023-01-13 12:33:05,entrada
2023-01-13 12:37:49,entrada
2023-01-13 12:51:39,entrada
2023-01-13 12:07:07,entrada
2023-01-13 13:35:59,entrada
2023-01-13 13:21:12,entrada
2023-01-13 13:06:07,entrada
2023-01-13 13:27:44,entrada
2023-01-13 13:42:08,entrada
2023-01-13 13:24:55,entrada
2023-01-13 13:15:09,entrada
2023-01-13 13:10:30,entrada
2023-01-13 13:11:59,entrada
2023-01-13 13:30:13,entrada
2023-01-13 13:50:43,entrada
2023-01-13 13:31:49,entrada
2023-01-13 13:52:16,entrada
2023-01-13 13:34:00,entrada
2023-01-13 13:28:50,entrada
2023-01-13 13:03:22,entrada
2023-01-13 13:27:15,entrada
2023-01-13 13:11:52,entrada
2023-01-13 13:20:44,entrada
2023-01-13 13:16:39,entrada
2023-01-13 13:12:51,entrada
2023-01-13 13:57:31,entrada
2023-01-13 13:36:49,entrada
2023-01-13 13:14:11,entrada
2023-01-13 14:41:44,entrada
2023-01-13 14:49:15,entrada
2023-01-13 14:53:16,entrada
2023-01-13 14:21:12,entrada
2023-01-13 14:11:09,entrada
2023-01-13 14:00:31,entrada
2023-01-13 14:29:07,entrada
2023-01-13 14:20:21,entrada
2023-01-13 14:17:01,entrada
2023-01-13 14:47:43,entrada
2023-01-13 14:08:02,entrada
2023-01-13 14:53:25,entrada
2023-01-13 14:20:29,entrada
2023-01-13 14:27:35,entrada
2023-01-13 14:25:33,entrada
2023-01-13 14:07:09,entrada
2023-01-13 14:47:54,entrada
2023-01-13 14:42:49,entrada
2023-01-13 14:53:13,entrada
2023-01-13 14:39:54,entrada
2023-01-13 14:14:16,entrada
2023-01-13 14:52:17,entrada
2023-01-13 14:31:37,entrada
2023-01-13 14:22:45,entrada
2023-01-13 14:22:34,entrada
2023-01-13 14:38:14,entrada
2023-01-13 15:22:21,entrada
2023-01-13 15:03:33,entrada
2023-01-13 15:55:05,entrada
2023-01-13 15:27:30,entrada
2023-01-13 15:34:38,entrada
2023-01-13 15:41:22,entrada
2023-01-13 15:05:15,entrada
2023-01-13 15:01:23,entrada
2023-01-13 15:16:44,entrada
2023-01-13 15:00:05,entrada
2023-01-13 15:04:56,entrada
2023-01-13 15:44:59,entrada
2023-01-13 15:54:49,entrada
2023-01-13 15:28:11,entrada
2023-01-13 15:38:46,entrada
2023-01-13 15:02:47,entrada
2023-01-13 15:00:26,entrada
2023-01-13 15:47:23,entrada
2023-01-13 15:43:18,entrada
2023-01-13 15:58:07,entrada
2023-01-13 15:54:43,entrada
2023-01-13 15:46:01,entrada
2023-01-13 15:29:29,entrada
2023-01-13 15:48:38,entrada
2023-01-13 16:43:10,entrada
2023-01-13 16:41:46,entrada
2023-01-13 16:04:24,entrada
2023-01-13 16:48:59,entrada
2023-01-13 16:36:33,entrada
2023-01-13 16:08:05,entrada
2023-01-13 16:17:13,entrada
2023-01-13 16:18:13,entrada
2023-01-13 16:39:16,entrada
2023-01-13 16:59:34,entrada
2023-01-13 16:28:41,entrada
2023-01-13 16:16:58,entrada
2023-01-13 16:42:07,entrada
2023-01-13 16:00:44,entrada
2023-01-13 16:52:35,entrada
2023-01-13 16:06:45,entrada
2023-01-13 16:04:23,entrada
2023-01-13 16:27:42,entrada
2023-01-13 16:16:36,entrada
2023-01-13 16:19:02,entrada
2023-01-13 16:36:25,entrada
2023-01-13 16:14:50,entrada
2023-01-13 16:47:07,entrada
2023-01-13 16:12:47,entrada
2023-01-13 16:02:00,entrada
2023-01-13 16:08:30,entrada
2023-01-13 16:40:53,entrada
2023-01-13 16:25:16,entrada
2023-01-13 16:55:33,entrada
2023-01-13 16:08:55,entrada
2023-01-13 17:02:19,entrada
2023-01-13 17:27:22,entrada
2023-01-13 17:47:02,entrada
2023-01-13 17:41:23,entrada
2023-01-13 17:42:39,entrada
2023-01-13 17:05:19,entrada
2023-01-13 17:10:31,entrada
2023-01-13 17:59:26,entrada
2023-01-13 17:20:43,entrada
2023-01-13 17:47:49,entrada
2023-01-13 17:12:21,entrada
2023-01-13 17:34:46,entrada
2023-01-13 17:21:27,entrada
2023-01-13 17:20:45,entrada
2023-01-13 17:17:30,entrada
2023-01-13 17:59:45,entrada
2023-01-13 17:36:20,entrada
2023-01-13 17:13:24,entrada
2023-01-13 17:26:39,entrada
2023-01-13 17:59:59,entrada
2023-01-13 17:22:30,entrada
2023-01-13 17:46:59,entrada
2023-01-13 17:28:46,entrada
2023-01-13 17:29:50,entrada
2023-01-13 17:25:19,entrada
2023-01-13 17:37:18,entrada
2023-01-13 17:26:24,entrada
2023-01-13 17:39:37,entrada
2023-01-13 17:51:22,entrada
2023-01-13 18:55:36,entrada
2023-01-13 18:31:25,entrada
2023-01-13 18:01:11,entrada
2023-01-13 18:21:16,entrada
2023-01-13 18:06:42,entrada
2023-01-13 18:03:36,entrada
2023-01-13 18:37:31,entrada
2023-01-13 18:10:00,entrada
2023-01-13 18:24:41,entrada
2023-01-13 18:51:23,entrada
2023-01-13 18:52:42,entrada
2023-01-13 18:55:16,entrada
2023-01-13 18:07:58,entrada
2023-01-13 18:44:26,entrada
2023-01-13 18:51:17,entrada
2023-01-13 18:26:21,entrada
2023-01-13 18:15:01,entrada
2023-01-13 18:04:17,entrada
2023-01-13 18:02:26,entrada
2023-01-13 18:53:16,entrada
2023-01-13 18:15:05,entrada
2023-01-13 19:57:08,entrada
2023-01-13 19:59:58,entrada
2023-01-13 19:43:21,entrada
2023-01-13 19:07:57,entrada
2023-01-13 19:48:41,entrada
2023-01-13 19:26:38,entrada
2023-01-13 19:18:24,entrada
2023-01-13 19:37:20,entrada
2023-01-13 19:23:23,entrada
2023-01-13 19:59:59,entrada
2023-01-13 19:18:49,entrada
2023-01-13 19:46:01,entrada
2023-01-13 19:13:52,entrada
2023-01-13 19:31:41,entrada
2023-01-13 19:31:27,entrada
2023-01-13 19:47:38,entrada
2023-01-13 19:39:41,entrada
2023-01-13 19:46:39,entrada
2023-01-13 19:12:11,entrada
2023-01-13 19:07:14,entrada
2023-01-13 20:02:26,entrada
2023-01-13 20:02:27,entrada
2023-01-13 20:16:30,entrada
2023-01-13 20:09:48,entrada
2023-01-13 20:21:29,entrada
2023-01-13 20:48:20,entrada
2023-01-13 20:35:52,entrada
2023-01-13 20:22:37,entrada
2023-01-13 20:11:24,entrada
2023-01-13 20:53:56,entrada
2023-01-13 20:19:48,entrada
2023-01-13 20:48:41,entrada
2023-01-13 20:06:28,entrada
2023-01-13 20:47:28,entrada
2023-01-13 20:12:02,entrada
2023-01-13 20:01:15,entrada
2023-01-13 20:29:37,entrada
2023-01-13 20:05:44,entrada
2023-01-13 20:06:04,entrada
2023-01-13 20:55:06,entrada
2023-01-13 20:33:31,entrada
2023-01-13 20:48:12,entrada
2023-01-13 20:29:24,entrada
2023-01-13 20:20:59,entrada
2023-01-13 20:58:20,entrada
2023-01-13 21:03:03,entrada
2023-01-13 21:25:03,entrada
2023-01-13 21:48:08,entrada
2023-01-13 21:29:50,entrada
2023-01-13 21:44:03,entrada
2023-01-13 21:04:44,entrada
2023-01-13 21:22:15,entrada
2023-01-13 21:21:36,entrada
2023-01-13 21:07:47,entrada
2023-01-13 21:32:54,entrada
2023-01-13 21:59:37,entrada
2023-01-13 21:42:15,entrada
2023-01-13 21:04:15,entrada
2023-01-13 21:06:50,entrada
2023-01-13 21:00:08,entrada
2023-01-13 21:17:44,entrada
2023-01-13 21:57:46,entrada
2023-01-13 21:02:23,entrada
2023-01-13 21:27:09,entrada
2023-01-13 21:08:12,entrada
2023-01-13 21:47:34,entrada
2023-01-13 21:53:22,entrada
2023-01-13 21:46:16,entrada
2023-01-13 21:45:06,entrada
2023-01-13 21:51:15,entrada
2023-01-13 21:52:39,entrada
2023-01-13 21:35:19,entrada
2023-01-14 10:46:38,entrada
2023-01-14 10:26:53,entrada
2023-01-14 10:52:25,entrada
2023-01-14 10:27:12,entrada
2023-01-14 10:11:43,entrada
2023-01-14 10:27:01,entrada
2023-01-14 10:36:56,entrada
2023-01-14 10:56:33,entrada
2023-01-14 10:22:57,entrada
2023-01-14 10:51:44,entrada
2023-01-14 10:28:34,entrada
2023-01-14 10:10:47,entrada
2023-01-14 10:32:50,entrada
2023-01-14 10:10:08,entrada
2023-01-14 10:13:08,entrada
2023-01-14 10:38:47,entrada
2023-01-14 10:02:28,entrada
2023-01-14 10:18:35,entrada
2023-01-14 10:31:06,entrada
2023-01-14 10:54:27,entrada
2023-01-14 10:43:17,entrada
2023-01-14 11:14:49,entrada
2023-01-14 11:00:10,entrada
2023-01-14 11:54:01,entrada
2023-01-14 11:00:30,entrada
2023-01-14 11:43:15,entrada
2023-01-14 11:53:21,entrada
2023-01-14 11:41:17,entrada
2023-01-14 11:46:16,entrada
2023-01-14 11:29:09,entrada
2023-01-14 11:34:57,entrada
2023-01-14 11:20:15,entrada
2023-01-14 11:05:02,entrada
2023-01-14 11:40:42,entrada
2023-01-14 11:20:12,entrada
2023-01-14 11:17:57,entrada
2023-01-14 11:53:59,entrada
2023-01-14 11:23:26,entrada
2023-01-14 11:53:03,entrada
2023-01-14 11:21:23,entrada
2023-01-14 11:39:44,entrada
2023-01-14 11:09:01,entrada
2023-01-14 11:39:05,entrada
2023-01-14 11:47:17,entrada
2023-01-14 11:16:37,entrada
2023-01-14 11:44:22,entrada
2023-01-14 11:45:29,entrada
2023-01-14 11:57:20,entrada
2023-01-14 11:09:55,entrada
2023-01-14 11:42:12,entrada
2023-01-14 11:11:08,entrada
2023-01-14 11:03:38,entrada
2023-01-14 12:01:20,entrada
2023-01-14 12:54:55,entrada
2023-01-14 12:34:48,entrada
2023-01-14 12:28:06,entrada
2023-01-14 12:28:52,entrada
2023-01-14 12:36:22,entrada
2023-01-14 12:32:07,entrada
2023-01-14 12:11:45,entrada
2023-01-14 12:47:09,entrada
2023-01-14 12:14:52,entrada
2023-01-14 12:23:25,entrada
2023-01-14 12:46:41,entrada
2023-01-14 12:52:59,entrada
2023-01-14 12:38:57,entrada
2023-01-14 12:02:01,entrada
2023-01-14 12:05:20,entrada
2023-01-14 12:08:09,entrada
2023-01-14 13:23:48,entrada
2023-01-14 13:34:13,entrada
2023-01-14 13:02:12,entrada
2023-01-14 13:46:49,entrada
2023-01-14 13:13:20,entrada
2023-01-14 13:25:02,entrada
2023-01-14 13:50:39,entrada
2023-01-14 13:03:35,entrada
2023-01-14 13:50:42,entrada
2023-01-14 13:00:39,entrada
2023-01-14 13:46:32,entrada
2023-01-14 13:06:52,entrada
2023-01-14 13:51:51,entrada
2023-01-14 13:55:10,entrada
2023-01-14 13:26:13,entrada
2023-01-14 13:21:15,entrada
2023-01-14 13:45:11,entrada
2023-01-14 13:48:45,entrada
2023-01-14 13:09:23,entrada
2023-01-14 13:45:17,entrada
2023-01-14 13:21:08,entrada
2023-01-14 14:07:37,entrada
2023-01-14 14:03:11,entrada
2023-01-14 14:43:30,entrada
2023-01-14 14:24:52,entrada
2023-01-14 14:15:41,entrada
2023-01-14 14:53:13,entrada
2023-01-14 14:12:40,entrada
2023-01-14 14:06:11,entrada
2023-01-14 14:36:49,entrada
2023-01-14 14:03:01,entrada
2023-01-14 14:34:57,entrada
2023-01-14 14:43:02,entrada
2023-01-14 14:03:37,entrada
2023-01-14 14:11:18,entrada
2023-01-14 14:09:00,entrada
2023-01-14 14:16:15,entrada
2023-01-14 14:08:56,entrada
2023-01-14 14:52:08,entrada
2023-01-14 14:58:54,entrada
2023-01-14 14:08:11,entrada
2023-01-14 14:54:40,entrada
2023-01-14 14:14:01,entrada
2023-01-14 14:10:10,entrada
2023-01-14 14:07:54,entrada
2023-01-14 14:31:05,entrada
2023-01-14 14:52:19,entrada
2023-01-14 14:38:34,entrada
2023-01-14 15:24:09,entrada
2023-01-14 15:34:54,entrada
2023-01-14 15:06:41,entrada
2023-01-14 15:12:03,entrada
2023-01-14 15:49:42,entrada
2023-01-14 15:56:35,entrada
2023-01-14 15:55:13,entrada
2023-01-14 15:17:07,entrada
2023-01-14 15:31:26,entrada
2023-01-14 15:41:36,entrada
2023-01-14 15:22:06,entrada
2023-01-14 15:11:24,entrada
2023-01-14 15:02:25,entrada
2023-01-14 15:03:41,entrada
2023-01-14 15:35:14,entrada
2023-01-14 15:31:28,entrada
2023-01-14 15:09:20,entrada
2023-01-14 15:53:15,entrada
2023-01-14 15:46:18,entrada
2023-01-14 15:28:51,entrada
2023-01-14 15:50:17,entrada
2023-01-14 15:57:43,entrada
2023-01-14 15:56:15,entrada
2023-01-14 15:00:47,entrada
2023-01-14 16:51:25,entrada
2023-01-14 16:38:40,entrada
2023-01-14 16:36:13,entrada
2023-01-14 16:36:07,entrada
2023-01-14 16:38:12,entrada
2023-01-14 16:12:39,entrada
2023-01-14 16:42:27,entrada
2023-01-14 16:57:17,entrada
2023-01-14 16:56:18,entrada
2023-01-14 16:37:31,entrada
2023-01-14 16:21:01,entrada
2023-01-14 16:59:12,entrada
2023-01-14 16:22:24,entrada
2023-01-14 16:27:57,entrada
2023-01-14 16:10:32,entrada
2023-01-14 16:23:01,entrada
2023-01-14 16:29:16,entrada
2023-01-14 16:39:33,entrada
2023-01-14 16:37:21,entrada
2023-01-14 16:04:47,entrada
2023-01-14 16:39:50,entrada
2023-01-14 16:15:12,entrada
2023-01-14 16:25:30,entrada
2023-01-14 16:51:38,entrada
2023-01-14 16:47:22,entrada
2023-01-14 17:32:56,entrada
2023-01-14 17:57:26,entrada
2023-01-14 17:34:15,entrada
2023-01-14 17:27:33,entrada
2023-01-14 17:46:00,entrada
2023-01-14 17:40:47,entrada
2023-01-14 17:30:35,entrada
2023-01-14 17:43:32,entrada
2023-01-14 17:32:38,entrada
2023-01-14 17:17:22,entrada
2023-01-14 17:59:22,entrada
2023-01-14 17:14:25,entrada
2023-01-14 17:29:24,entrada
2023-01-14 17:44:15,entrada
2023-01-14 17:38:47,entrada
2023-01-14 17:44:13,entrada
2023-01-14 17:16:11,entrada
2023-01-14 17:28:31,entrada
2023-01-14 17:55:23,entrada
2023-01-14 17:51:12,entrada
2023-01-14 17:55:19,entrada
2023-01-14 17:14:55,entrada
2023-01-14 17:52:03,entrada
2023-01-14 17:53:33,entrada
2023-01-14 17:27:49,entrada
2023-01-14 17:01:56,entrada
2023-01-14 18:18:53,entrada
2023-01-14 18:47:34,entrada
2023-01-14 18:31:46,entrada
2023-01-14 18:45:46,entrada
2023-01-14 18:45:38,entrada
2023-01-14 18:56:34,entrada
2023-01-14 18:29:16,entrada
2023-01-14 18:41:46,entrada
2023-01-14 18:28:05,entrada
2023-01-14 18:59:16,entrada
2023-01-14 18:16:13,entrada
2023-01-14 18:23:56,entrada
2023-01-14 18:49:56,entrada
2023-01-14 18:36:39,entrada
2023-01-14 18:38:54,entrada
2023-01-14 18:31:35,entrada
2023-01-14 18:49:36,entrada
2023-01-14 18:47:13,entrada
2023-01-14 18:26:58,entrada
2023-01-14 18:18:30,entrada
2023-01-14 18:45:08,entrada
2023-01-14 18:37:16,entrada
2023-01-14 19:07:37,entrada
2023-01-14 19:16:43,entrada
2023-01-14 19:00:02,entrada
2023-01-14 19:45:25,entrada
2023-01-14 19:30:07,entrada
2023-01-14 19:42:58,entrada
2023-01-14 19:45:07,entrada
2023-01-14 19:34:38,entrada
2023-01-14 19:27:50,entrada
2023-01-14 19:03:56,entrada
2023-01-14 19:15:12,entrada
2023-01-14 19:19:50,entrada
2023-01-14 19:04:54,entrada
2023-01-14 19:36:19,entrada
2023-01-14 19:23:35,entrada
2023-01-14 19:33:57,entrada
2023-01-14 19:44:47,entrada
2023-01-14 19:53:33,entrada
2023-01-14 19:18:16,entrada
2023-01-14 19:04:24,entrada
2023-01-14 19:17:59,entrada
2023-01-14 19:54:52,entrada
2023-01-14 20:45:51,entrada
2023-01-14 20:32:09,entrada
2023-01-14 20:16:48,entrada
2023-01-14 20:48:35,entrada
2023-01-14 20:16:17,entrada
2023-01-14 20:51:22,entrada
2023-01-14 20:33:07,entrada
2023-01-14 20:12:22,entrada
2023-01-14 20:56:53,entrada
2023-01-14 20:19:21,entrada
2023-01-14 20:46:51,entrada
2023-01-14 20:22:40,entrada
2023-01-14 20:34:02,entrada
2023-01-14 20:33:32,entrada
2023-01-14 20:45:16,entrada
2023-01-14 20:44:18,entrada
2023-01-14 20:29:22,entrada
2023-01-14 20:14:58,entrada
2023-01-14 20:56:13,entrada
2023-01-14 20:01:38,entrada
2023-01-14 20:48:17,entrada
2023-01-14 20:05:58,entrada
2023-01-14 20:31:20,entrada
2023-01-14 21:17:38,entrada
2023-01-14 21:14:52,entrada
2023-01-14 21:37:47,entrada
2023-01-14 21:51:23,entrada
2023-01-14 21:07:27,entrada
2023-01-14 21:20:15,entrada
2023-01-14 21:59:53,entrada
2023-01-14 21:15:34,entrada
2023-01-14 21:16:08,entrada
2023-01-14 21:56:34,entrada
2023-01-14 21:51:28,entrada
2023-01-14 21:38:17,entrada
2023-01-14 21:11:18,entrada
2023-01-14 21:47:21,entrada
2023-01-14 21:58:55,entrada
2023-01-14 21:48:51,entrada
2023-01-14 21:14:00,entrada
2023-01-14 21:01:07,entrada
2023-01-14 21:21:24,entrada
2023-01-14 21:01:50,entrada
2023-01-14 21:08:08,entrada
2023-01-14 21:12:05,entrada
2023-01-14 21:29:14,entrada
2023-01-14 21:50:52,entrada
2023-01-14 21:14:49,entrada
2023-01-14 21:06:57,entrada
2023-01-14 21:10:39,entrada
2023-01-14 21:37:39,entrada
2023-01-14 21:01:50,entrada
2023-01-14 21:47:38,entrada
2023-01-14 21:09:43,entrada
2023-01-15 10:07:21,entrada
2023-01-15 10:52:28,entrada
2023-01-15 10:01:40,entrada
2023-01-15 10:48:58,entrada
2023-01-15 10:49:44,entrada
2023-01-15 10:00:43,entrada
2023-01-15 10:19:51,entrada
2023-01-15 10:20:36,entrada
2023-01-15 10:07:26,entrada
2023-01-15 10:46:58,entrada
2023-01-15 10:34:05,entrada
2023-01-15 10:59:44,entrada
2023-01-15 10:43:18,entrada
2023-01-15 10:17:55,entrada
2023-01-15 10:00:24,entrada
2023-01-15 10:26:06,entrada
2023-01-15 10:43:41,entrada
2023-01-15 10:28:30,entrada
2023-01-15 10:43:42,entrada
2023-01-15 10:35:18,entrada
2023-01-15 10:05:24,entrada
2023-01-15 11:27:25,entrada
2023-01-15 11:26:51,entrada
2023-01-15 11:48:41,entrada
2023-01-15 11:20:00,entrada
2023-01-15 11:53:27,entrada
2023-01-15 11:47:57,entrada
2023-01-15 11:57:14,entrada
2023-01-15 11:54:16,entrada
2023-01-15 11:25:19,entrada
2023-01-15 11:24:12,entrada
2023-01-15 11:32:24,entrada
2023-01-15 11:07:04,entrada
2023-01-15 11:05:22,entrada
2023-01-15 11:51:29,entrada
2023-01-15 11:13:53,entrada
2023-01-15 11:22:10,entrada
2023-01-15 11:30:05,entrada
2023-01-15 11:10:12,entrada
2023-01-15 11:11:53,entrada
2023-01-15 11:01:52,entrada
2023-01-15 11:34:54,entrada
2023-01-15 11:35:16,entrada
2023-01-15 11:27:27,entrada
2023-01-15 11:21:37,entrada
2023-01-15 11:06:14,entrada
2023-01-15 11:31:10,entrada
2023-01-15 11:23:02,entrada
2023-01-15 11:29:05,entrada
2023-01-15 12:49:13,entrada
2023-01-15 12:05:11,entrada
2023-01-15 12:19:22,entrada
2023-01-15 12:29:29,entrada
2023-01-15 12:37:57,entrada
2023-01-15 12:29:40,entrada
2023-01-15 12:29:56,entrada
2023-01-15 12:57:35,entrada
2023-01-15 12:48:33,entrada
2023-01-15 12:15:23,entrada
2023-01-15 12:13:25,entrada
2023-01-15 12:07:13,entrada
2023-01-15 12:30:01,entrada
2023-01-15 12:47:03,entrada
2023-01-15 12:00:54,entrada
2023-01-15 12:19:58,entrada
2023-01-15 12:13:39,entrada
2023-01-15 12:24:59,entrada
2023-01-15 12:24:02,entrada
2023-01-15 13:47:20,entrada
2023-01-15 13:20:20,entrada
2023-01-15 13:59:43,entrada
2023-01-15 13:31:54,entrada
2023-01-15 13:04:38,entrada
2023-01-15 13:08:52,entrada
2023-01-15 13:17:20,entrada
2023-01-15 13:07:43,entrada
2023-01-15 13:51:33,entrada
2023-01-15 13:09:50,entrada
2023-01-15 13:40:56,entrada
2023-01-15 13:23:39,entrada
2023-01-15 13:23:55,entrada
2023-01-15 13:31:55,entrada
2023-01-15 13:32:37,entrada
2023-01-15 13:43:56,entrada
2023-01-15 13:55:50,entrada
2023-01-15 13:58:48,entrada
2023-01-15 13:33:10,entrada
2023-01-15 13:30:17,entrada
2023-01-15 13:22:59,entrada
2023-01-15 13:21:42,entrada
2023-01-15 13:17:39,entrada
2023-01-15 14:57:37,entrada
2023-01-15 14:58:31,entrada
2023-01-15 14:05:33,entrada
2023-01-15 14:55:07,entrada
2023-01-15 14:29:26,entrada
2023-01-15 14:06:26,entrada
2023-01-15 14:24:55,entrada
2023-01-15 14:45:40,entrada
2023-01-15 14:14:24,entrada
2023-01-15 14:21:17,entrada
2023-01-15 14:11:22,entrada
2023-01-15 14:50:44,entrada
2023-01-15 14:38:24,entrada
2023-01-15 14:09:29,entrada
2023-01-15 14:09:33,entrada
2023-01-15 14:45:12,entrada
2023-01-15 14:53:28,entrada
2023-01-15 14:37:40,entrada
2023-01-15 14:44:08,entrada
2023-01-15 15:48:42,entrada
2023-01-15 15:55:57,entrada
2023-01-15 15:07:41,entrada
2023-01-15 15:11:41,entrada
2023-01-15 15:12:25,entrada
2023-01-15 15:17:41,entrada
2023-01-15 15:50:51,entrada
2023-01-15 15:48:19,entrada
2023-01-15 15:15:36,entrada
2023-01-15 15:02:26,entrada
2023-01-15 15:14:57,entrada
2023-01-15 15:33:44,entrada
2023-01-15 15:21:39,entrada
2023-01-15 15:22:58,entrada
2023-01-15 15:48:03,entrada
2023-01-15 15:50:53,entrada
2023-01-15 15:56:40,entrada
2023-01-15 15:22:46,entrada
2023-01-15 15:59:08,entrada
2023-01-15 15:23:20,entrada
2023-01-15 15:40:45,entrada
2023-01-15 15:54:52,entrada
2023-01-15 15:15:55,entrada
2023-01-15 15:54:24,entrada
2023-01-15 16:20:22,entrada
2023-01-15 16:08:53,entrada
2023-01-15 16:18:44,entrada
2023-01-15 16:54:45,entrada
2023-01-15 16:51:18,entrada
2023-01-15 16:22:26,entrada
2023-01-15 16:26:38,entrada
2023-01-15 16:35:11,entrada
2023-01-15 16:54:26,entrada
2023-01-15 16:45:33,entrada
2023-01-15 16:32:27,entrada
2023-01-15 16:30:31,entrada
2023-01-15 16:49:19,entrada
2023-01-15 16:39:34,entrada
2023-01-15 16:30:57,entrada
2023-01-15 16:30:37,entrada
2023-01-15 16:21:44,entrada
2023-01-15 16:40:08,entrada
2023-01-15 16:51:08,entrada
2023-01-15 16:14:12,entrada
2023-01-15 16:21:15,entrada
2023-01-15 16:31:01,entrada
2023-01-15 17:35:01,entrada
2023-01-15 17:57:35,entrada
2023-01-15 17:07:44,entrada
2023-01-15 17:41:49,entrada
2023-01-15 17:08:00,entrada
2023-01-15 17:12:49,entrada
2023-01-15 17:14:31,entrada
2023-01-15 17:33:42,entrada
2023-01-15 17:30:13,entrada
2023-01-15 17:53:46,entrada
2023-01-15 17:13:47,entrada
2023-01-15 17:54:28,entrada
2023-01-15 17:46:18,entrada
2023-01-15 17:26:08,entrada
2023-01-15 17:36:36,entrada
2023-01-15 17:42:27,entrada
2023-01-15 17:51:56,entrada
2023-01-15 17:23:27,entrada
2023-01-15 17:35:51,entrada
2023-01-15 17:17:24,entrada
2023-01-15 17:34:03,entrada
2023-01-15 17:13:38,entrada
2023-01-15 18:09:46,entrada
2023-01-15 18:56:06,entrada
2023-01-15 18:59:36,entrada
2023-01-15 18:46:51,entrada
2023-01-15 18:59:51,entrada
2023-01-15 18:14:41,entrada
2023-01-15 18:23:25,entrada
2023-01-15 18:25:45,entrada
2023-01-15 18:25:57,entrada
2023-01-15 18:09:16,entrada
2023-01-15 18:52:13,entrada
2023-01-15 18:01:47,entrada
2023-01-15 18:12:26,entrada
2023-01-15 18:08:06,entrada
2023-01-15 18:47:09,entrada
2023-01-15 18:55:53,entrada
2023-01-15 18:08:21,entrada
2023-01-15 18:22:06,entrada
2023-01-15 18:47:08,entrada
2023-01-15 18:26:23,entrada
2023-01-15 18:28:16,entrada
2023-01-15 18:19:06,entrada
2023-01-15 18:42:39,entrada
2023-01-15 19:34:48,entrada
2023-01-15 19:15:39,entrada
2023-01-15 19:49:46,entrada
2023-01-15 19:38:26,entrada
2023-01-15 19:40:37,entrada
2023-01-15 19:49:49,entrada
2023-01-15 19:24:25,entrada
2023-01-15 19:55:13,entrada
2023-01-15 19:13:13,entrada
2023-01-15 19:24:35,entrada
2023-01-15 19:03:46,entrada
2023-01-15 19:14:31,entrada
2023-01-15 19:17:13,entrada
2023-01-15 19:57:00,entrada
2023-01-15 19:41:19,entrada
2023-01-15 19:09:09,entrada
2023-01-15 19:58:23,entrada
2023-01-15 19:33:27,entrada
2023-01-15 19:26:39,entrada
2023-01-15 19:00:32,entrada
2023-01-15 19:03:06,entrada
2023-01-15 19:08:15,entrada
2023-01-15 19:04:33,entrada
2023-01-15 19:59:22,entrada
2023-01-15 19:42:49,entrada
2023-01-15 19:24:56,entrada
2023-01-15 19:50:12,entrada
2023-01-15 19:23:10,entrada
2023-01-15 19:51:50,entrada
2023-01-15 19:16:36,entrada
2023-01-15 19:12:26,entrada
2023-01-15 20:10:10,entrada
2023-01-15 20:24:21,entrada
2023-01-15 20:41:57,entrada
2023-01-15 20:45:08,entrada
2023-01-15 20:19:58,entrada
2023-01-15 20:20:09,entrada
2023-01-15 20:21:28,entrada
2023-01-15 20:08:04,entrada
2023-01-15 20:39:10,entrada
2023-01-15 20:00:52,entrada
2023-01-15 20:41:00,entrada
2023-01-15 20:57:53,entrada
2023-01-15 20:38:59,entrada
2023-01-15 20:45:04,entrada
2023-01-15 20:48:21,entrada
2023-01-15 20:25:52,entrada
2023-01-15 20:05:31,entrada
2023-01-15 20:47:10,entrada
2023-01-15 20:09:46,entrada
2023-01-15 20:38:54,entrada
2023-01-15 20:33:30,entrada
2023-01-15 20:11:50,entrada
2023-01-15 20:43:15,entrada
2023-01-15 20:37:02,entrada
2023-01-15 20:01:51,entrada
2023-01-15 21:19:15,entrada
2023-01-15 21:06:06,entrada
2023-01-15 21:49:49,entrada
2023-01-15 21:01:46,entrada
2023-01-15 21:13:30,entrada
2023-01-15 21:49:40,entrada
2023-01-15 21:13:04,entrada
2023-01-15 21:10:39,entrada
2023-01-15 21:04:28,entrada
2023-01-15 21:10:04,entrada
2023-01-15 21:48:53,entrada
2023-01-15 21:31:35,entrada
2023-01-15 21:14:18,entrada
2023-01-15 21:21:33,entrada
2023-01-15 21:55:16,entrada
2023-01-15 21:11:24,entrada
2023-01-15 21:55:16,entrada
2023-01-15 21:09:27,entrada
2023-01-15 21:56:17,entrada
2023-01-15 21:50:17,entrada
2023-01-15 21:44:31,entrada
2023-01-15 21:13:55,entrada
2023-01-16 10:18:06,entrada
2023-01-16 10:56:18,entrada
2023-01-16 10:23:14,entrada
2023-01-16 10:40:41,entrada
2023-01-16 10:22:51,entrada
2023-01-16 10:51:03,entrada
2023-01-16 10:37:03,entrada
2023-01-16 10:04:40,entrada
2023-01-16 10:43:22,entrada
2023-01-16 10:39:52,entrada
2023-01-16 10:36:10,entrada
2023-01-16 10:54:10,entrada
2023-01-16 10:12:13,entrada
2023-01-16 10:59:07,entrada
2023-01-16 10:24:17,entrada
2023-01-16 11:06:01,entrada
2023-01-16 11:20:05,entrada
2023-01-16 11:27:47,entrada
2023-01-16 11:41:35,entrada
2023-01-16 11:31:44,entrada
2023-01-16 11:41:52,entrada
2023-01-16 11:45:08,entrada
2023-01-16 11:10:22,entrada
2023-01-16 11:49:10,entrada
2023-01-16 11:48:01,entrada
2023-01-16 11:02:10,entrada
2023-01-16 11:49:58,entrada
2023-01-16 11:34:57,entrada
2023-01-16 11:14:42,entrada
2023-01-16 11:10:30,entrada
2023-01-16 11:27:27,entrada
2023-01-16 11:31:24,entrada
2023-01-16 11:19:27,entrada
2023-01-16 11:24:10,entrada
2023-01-16 11:18:27,entrada
2023-01-16 11:00:58,entrada
2023-01-16 11:04:09,entrada
2023-01-16 11:41:45,entrada
2023-01-16 11:33:35,entrada
2023-01-16 11:01:17,entrada
2023-01-16 11:12:50,entrada
2023-01-16 11:04:19,entrada
2023-01-16 11:01:10,entrada
2023-01-16 11:29:31,entrada
2023-01-16 12:56:27,entrada
2023-01-16 12:16:41,entrada
2023-01-16 12:18:30,entrada
2023-01-16 12:10:14,entrada
2023-01-16 12:09:42,entrada
2023-01-16 12:22:02,entrada
2023-01-16 12:02:17,entrada
2023-01-16 12:24:42,entrada
2023-01-16 12:19:57,entrada
2023-01-16 12:28:21,entrada
2023-01-16 12:49:56,entrada
2023-01-16 12:14:38,entrada
2023-01-16 12:09:20,entrada
2023-01-16 12:54:51,entrada
2023-01-16 12:28:31,entrada
2023-01-16 12:09:12,entrada
2023-01-16 12:46:22,entrada
2023-01-16 12:49:22,entrada
2023-01-16 12:30:03,entrada
2023-01-16 12:51:48,entrada
2023-01-16 12:59:02,entrada
2023-01-16 12:20:52,entrada
2023-01-16 12:01:03,entrada
2023-01-16 12:00:14,entrada
2023-01-16 12:56:32,entrada
2023-01-16 12:05:06,entrada
2023-01-16 12:18:43,entrada
2023-01-16 12:00:38,entrada
2023-01-16 12:18:44,entrada
2023-01-16 12:25:43,entrada
2023-01-16 12:11:21,entrada
2023-01-16 12:12:27,entrada
2023-01-16 13:08:06,entrada
2023-01-16 13:29:12,entrada
2023-01-16 13:26:43,entrada
2023-01-16 13:34:12,entrada
2023-01-16 13:14:45,entrada
2023-01-16 13:55:08,entrada
2023-01-16 13:44:22,entrada
2023-01-16 13:53:35,entrada
2023-01-16 13:52:39,entrada
2023-01-16 13:02:33,entrada
2023-01-16 13:18:27,entrada
2023-01-16 13:22:39,entrada
2023-01-16 13:48:44,entrada
2023-01-16 13:06:40,entrada
2023-01-16 13:11:13,entrada
2023-01-16 13:45:14,entrada
2023-01-16 13:02:14,entrada
2023-01-16 13:50:23,entrada
2023-01-16 13:51:45,entrada
2023-01-16 13:07:04,entrada
2023-01-16 13:50:03,entrada
2023-01-16 13:13:15,entrada
2023-01-16 13:19:23,entrada
2023-01-16 13:05:54,entrada
2023-01-16 13:56:30,entrada
2023-01-16 14:31:09,entrada
2023-01-16 14:22:57,entrada
2023-01-16 14:05:22,entrada
2023-01-16 14:27:48,entrada
2023-01-16 14:29:13,entrada
2023-01-16 14:36:54,entrada
2023-01-16 14:31:48,entrada
2023-01-16 14:33:40,entrada
2023-01-16 14:43:50,entrada
2023-01-16 14:21:30,entrada
2023-01-16 14:06:40,entrada
2023-01-16 14:20:15,entrada
2023-01-16 14:19:42,entrada
2023-01-16 14:43:46,entrada
2023-01-16 14:49:18,entrada
2023-01-16 14:47:31,entrada
2023-01-16 14:14:04,entrada
2023-01-16 14:10:14,entrada
2023-01-16 14:28:49,entrada
2023-01-16 14:44:03,entrada
2023-01-16 14:48:35,entrada
2023-01-16 15:08:57,entrada
2023-01-16 15:57:43,entrada
2023-01-16 15:47:03,entrada
2023-01-16 15:36:07,entrada
2023-01-16 15:00:27,entrada
2023-01-16 15:05:46,entrada
2023-01-16 15:35:52,entrada
2023-01-16 15:10:04,entrada
2023-01-16 15:49:23,entrada
2023-01-16 15:46:17,entrada
2023-01-16 15:19:27,entrada
2023-01-16 15:12:04,entrada
2023-01-16 15:29:00,entrada
2023-01-16 15:21:17,entrada
2023-01-16 15:45:04,entrada
2023-01-16 15:30:05,entrada
2023-01-16 15:26:55,entrada
2023-01-16 15:24:28,entrada
2023-01-16 15:27:15,entrada
2023-01-16 15:53:52,entrada
2023-01-16 15:11:19,entrada
2023-01-16 15:17:33,entrada
2023-01-16 15:54:52,entrada
2023-01-16 15:22:44,entrada
2023-01-16 15:26:48,entrada
2023-01-16 15:16:47,entrada
2023-01-16 15:20:49,entrada
2023-01-16 16:29:20,entrada
2023-01-16 16:00:24,entrada
2023-01-16 16:31:58,entrada
2023-01-16 16:56:07,entrada
2023-01-16 16:04:29,entrada
2023-01-16 16:50:07,entrada
2023-01-16 16:48:18,entrada
2023-01-16 16:43:58,entrada
2023-01-16 16:54:29,entrada
2023-01-16 16:14:35,entrada
2023-01-16 16:54:43,entrada
2023-01-16 16:26:12,entrada
2023-01-16 16:13:36,entrada
2023-01-16 16:53:47,entrada
2023-01-16 16:29:38,entrada
2023-01-16 16:46:12,entrada
2023-01-16 16:57:15,entrada
2023-01-16 16:43:06,entrada
2023-01-16 16:47:54,entrada
2023-01-16 16:54:26,entrada
2023-01-16 16:44:54,entrada
2023-01-16 16:34:14,entrada
2023-01-16 16:27:34,entrada
2023-01-16 16:06:49,entrada
2023-01-16 16:45:49,entrada
2023-01-16 16:50:45,entrada
2023-01-16 16:19:31,entrada
2023-01-16 16:37:39,entrada
2023-01-16 16:31:25,entrada
2023-01-16 16:57:38,entrada
2023-01-16 16:19:17,entrada
2023-01-16 16:49:14,entrada
2023-01-16 16:51:21,entrada
2023-01-16 17:16:27,entrada
2023-01-16 17:49:25,entrada
2023-01-16 17:07:33,entrada
2023-01-16 17:58:17,entrada
2023-01-16 17:30:58,entrada
2023-01-16 17:26:15,entrada
2023-01-16 17:57:09,entrada
2023-01-16 17:39:11,entrada
2023-01-16 17:21:15,entrada
2023-01-16 17:11:10,entrada
2023-01-16 17:19:50,entrada
2023-01-16 17:00:26,entrada
2023-01-16 17:02:11,entrada
2023-01-16 17:29:08,entrada
2023-01-16 17:52:53,entrada
2023-01-16 17:36:00,entrada
2023-01-16 17:41:48,entrada
2023-01-16 17:03:14,entrada
2023-01-16 17:50:26,entrada
2023-01-16 17:07:59,entrada
2023-01-16 17:59:22,entrada
2023-01-16 17:14:26,entrada
2023-01-16 17:30:38,entrada
2023-01-16 17:46:07,entrada
2023-01-16 17:29:57,entrada
2023-01-16 17:54:41,entrada
2023-01-16 17:17:03,entrada
2023-01-16 17:46:42,entrada
2023-01-16 17:21:02,entrada
2023-01-16 17:14:34,entrada
2023-01-16 17:46:37,entrada
2023-01-16 17:32:13,entrada
2023-01-16 18:26:06,entrada
2023-01-16 18:08:42,entrada
2023-01-16 18:34:57,entrada
2023-01-16 18:11:20,entrada
2023-01-16 18:02:14,entrada
2023-01-16 18:20:09,entrada
2023-01-16 18:32:45,entrada
2023-01-16 18:58:51,entrada
2023-01-16 18:05:01,entrada
2023-01-16 18:28:54,entrada
2023-01-16 18:39:32,entrada
2023-01-16 18:03:58,entrada
2023-01-16 18:03:28,entrada
2023-01-16 18:36:59,entrada
2023-01-16 18:59:19,entrada
2023-01-16 18:40:22,entrada
2023-01-16 18:44:17,entrada
2023-01-16 18:48:24,entrada
2023-01-16 18:00:53,entrada
2023-01-16 18:14:33,entrada
2023-01-16 18:47:19,entrada
2023-01-16 18:53:36,entrada
2023-01-16 18:26:21,entrada
2023-01-16 18:50:04,entrada
2023-01-16 18:33:38,entrada
2023-01-16 18:02:16,entrada
2023-01-16 18:23:23,entrada
2023-01-16 18:02:44,entrada
2023-01-16 19:27:14,entrada
2023-01-16 19:45:52,entrada
2023-01-16 19:10:55,entrada
2023-01-16 19:30:03,entrada
2023-01-16 19:34:33,entrada
2023-01-16 19:51:26,entrada
2023-01-16 19:09:29,entrada
2023-01-16 19:44:19,entrada
2023-01-16 19:28:57,entrada
2023-01-16 19:52:28,entrada
2023-01-16 19:22:56,entrada
2023-01-16 19:49:20,entrada
2023-01-16 19:47:42,entrada
2023-01-16 19:09:40,entrada
2023-01-16 19:11:29,entrada
2023-01-16 19:50:32,entrada
2023-01-16 19:17:13,entrada
2023-01-16 19:21:20,entrada
2023-01-16 19:00:48,entrada
2023-01-16 19:42:51,entrada
2023-01-16 19:59:14,entrada
2023-01-16 19:35:46,entrada
2023-01-16 19:53:21,entrada
2023-01-16 19:31:57,entrada
2023-01-16 19:45:53,entrada
2023-01-16 19:32:57,entrada
2023-01-16 19:40:58,entrada
2023-01-16 19:38:22,entrada
2023-01-16 19:42:54,entrada
2023-01-16 19:01:01,entrada
2023-01-16 20:14:36,entrada
2023-01-16 20:49:52,entrada
2023-01-16 20:19:07,entrada
2023-01-16 20:31:46,entrada
2023-01-16 20:20:56,entrada
2023-01-16 20:40:18,entrada
2023-01-16 20:28:57,entrada
2023-01-16 20:30:53,entrada
2023-01-16 20:05:03,entrada
2023-01-16 20:42:28,entrada
2023-01-16 20:41:02,entrada
2023-01-16 20:00:43,entrada
2023-01-16 20:54:14,entrada
2023-01-16 20:46:20,entrada
2023-01-16 20:45:57,entrada
2023-01-16 20:30:06,entrada
2023-01-16 20:16:55,entrada
2023-01-16 20:18:38,entrada
2023-01-16 20:59:02,entrada
2023-01-16 20:29:34,entrada
2023-01-16 20:57:56,entrada
2023-01-16 20:28:49,entrada
2023-01-16 20:51:53,entrada
2023-01-16 20:13:34,entrada
2023-01-16 20:27:57,entrada
2023-01-16 20:29:25,entrada
2023-01-16 20:06:38,entrada
2023-01-16 20:30:04,entrada
2023-01-16 21:32:24,entrada
2023-01-16 21:35:23,entrada
2023-01-16 21:30:57,entrada
2023-01-16 21:38:45,entrada
2023-01-16 21:12:09,entrada
2023-01-16 21:22:17,entrada
2023-01-16 21:31:32,entrada
2023-01-16 21:35:27,entrada
2023-01-16 21:15:15,entrada
2023-01-16 21:17:07,entrada
2023-01-16 21:41:15,entrada
2023-01-16 21:54:55,entrada
2023-01-16 21:10:05,entrada
2023-01-16 21:00:11,entrada
2023-01-16 21:56:37,entrada
2023-01-16 21:27:44,entrada
2023-01-16 21:57:16,entrada
2023-01-16 21:00:31,entrada
2023-01-16 21:07:53,entrada
2023-01-16 21:39:55,entrada
2023-01-16 21:42:45,entrada
2023-01-16 21:23:09,entrada
2023-01-16 21:46:38,entrada
2023-01-16 21:38:09,entrada
2023-01-16 21:35:24,entrada
2023-01-16 21:59:49,entrada
2023-01-16 21:58:56,entrada
2023-01-16 21:09:18,entrada
2023-01-17 10:25:56,entrada
2023-01-17 10:36:15,entrada
2023-01-17 10:36:11,entrada
2023-01-17 10:23:25,entrada
2023-01-17 10:19:08,entrada
2023-01-17 10:22:38,entrada
2023-01-17 10:28:30,entrada
2023-01-17 10:18:19,entrada
2023-01-17 10:22:42,entrada
2023-01-17 10:26:29,entrada
2023-01-17 10:20:43,entrada
2023-01-17 10:34:48,entrada
2023-01-17 10:06:21,entrada
2023-01-17 10:09:22,entrada
2023-01-17 10:14:29,entrada
2023-01-17 10:33:12,entrada
2023-01-17 10:59:03,entrada
2023-01-17 11:52:20,entrada
2023-01-17 11:20:17,entrada
2023-01-17 11:20:18,entrada
2023-01-17 11:03:12,entrada
2023-01-17 11:17:51,entrada
2023-01-17 11:28:24,entrada
2023-01-17 11:55:12,entrada
2023-01-17 11:26:59,entrada
2023-01-17 11:18:48,entrada
2023-01-17 11:00:37,entrada
2023-01-17 11:18:51,entrada
2023-01-17 11:00:39,entrada
2023-01-17 11:16:20,entrada
2023-01-17 11:21:14,entrada
2023-01-17 11:49:38,entrada
2023-01-17 11:47:38,entrada
2023-01-17 11:31:48,entrada
2023-01-17 11:03:43,entrada
2023-01-17 12:21:43,entrada
2023-01-17 12:22:12,entrada
2023-01-17 12:08:48,entrada
2023-01-17 12:19:27,entrada
2023-01-17 12:43:56,entrada
2023-01-17 12:36:23,entrada
2023-01-17 12:43:32,entrada
2023-01-17 12:19:59,entrada
2023-01-17 12:47:29,entrada
2023-01-17 12:43:08,entrada
2023-01-17 12:44:48,entrada
2023-01-17 12:16:35,entrada
2023-01-17 12:13:18,entrada
2023-01-17 13:34:51,entrada
2023-01-17 13:05:58,entrada
2023-01-17 13:22:38,entrada
2023-01-17 13:45:43,entrada
2023-01-17 13:47:51,entrada
2023-01-17 13:07:54,entrada
2023-01-17 13:01:12,entrada
2023-01-17 13:39:56,entrada
2023-01-17 13:20:30,entrada
2023-01-17 13:51:47,entrada
2023-01-17 13:35:47,entrada
2023-01-17 13:51:37,entrada
2023-01-17 13:26:35,entrada
2023-01-17 13:47:22,entrada
2023-01-17 13:54:20,entrada
2023-01-17 13:12:36,entrada
2023-01-17 13:46:25,entrada
2023-01-17 13:39:06,entrada
2023-01-17 13:45:38,entrada
2023-01-17 14:10:05,entrada
2023-01-17 14:55:24,entrada
2023-01-17 14:00:24,entrada
2023-01-17 14:01:31,entrada
2023-01-17 14:12:32,entrada
2023-01-17 14:31:55,entrada
2023-01-17 14:23:26,entrada
2023-01-17 14:03:23,entrada
2023-01-17 14:22:28,entrada
2023-01-17 14:33:20,entrada
2023-01-17 14:29:25,entrada
2023-01-17 14:19:15,entrada
2023-01-17 14:02:48,entrada
2023-01-17 14:36:57,entrada
2023-01-17 14:39:43,entrada
2023-01-17 14:24:22,entrada
2023-01-17 14:43:58,entrada
2023-01-17 14:00:32,entrada
2023-01-17 14:14:16,entrada
2023-01-17 14:33:16,entrada
2023-01-17 14:51:57,entrada
2023-01-17 14:40:43,entrada
2023-01-17 14:03:12,entrada
2023-01-17 14:03:06,entrada
2023-01-17 15:17:43,entrada
2023-01-17 15:58:26,entrada
2023-01-17 15:36:47,entrada
2023-01-17 15:11:22,entrada
2023-01-17 15:33:37,entrada
2023-01-17 15:22:52,entrada
2023-01-17 15:24:03,entrada
2023-01-17 15:29:29,entrada
2023-01-17 15:12:41,entrada
2023-01-17 15:48:13,entrada
2023-01-17 15:55:46,entrada
2023-01-17 15:07:54,entrada
2023-01-17 15:23:17,entrada
2023-01-17 15:34:24,entrada
2023-01-17 15:16:31,entrada
2023-01-17 15:55:23,entrada
2023-01-17 15:06:12,entrada
2023-01-17 15:26:47,entrada
2023-01-17 15:04:35,entrada
2023-01-17 15:25:41,entrada
2023-01-17 15:44:30,entrada
2023-01-17 15:09:45,entrada
2023-01-17 15:25:21,entrada
2023-01-17 15:11:31,entrada
2023-01-17 15:26:32,entrada
2023-01-17 15:52:51,entrada
2023-01-17 15:19:38,entrada
2023-01-17 15:40:39,entrada
2023-01-17 15:58:12,entrada
2023-01-17 15:13:43,entrada
2023-01-17 15:39:52,entrada
2023-01-17 15:21:17,entrada
2023-01-17 16:53:19,entrada
2023-01-17 16:38:02,entrada
2023-01-17 16:04:00,entrada
2023-01-17 16:14:25,entrada
2023-01-17 16:02:39,entrada
2023-01-17 16:56:40,entrada
2023-01-17 16:46:41,entrada
2023-01-17 16:33:51,entrada
2023-01-17 16:04:30,entrada
2023-01-17 16:50:12,entrada
2023-01-17 16:42:00,entrada
2023-01-17 16:21:14,entrada
2023-01-17 16:25:17,entrada
2023-01-17 16:47:08,entrada
2023-01-17 16:00:42,entrada
2023-01-17 16:08:22,entrada
2023-01-17 16:42:44,entrada
2023-01-17 16:57:01,entrada
2023-01-17 16:13:37,entrada
2023-01-17 16:39:17,entrada
2023-01-17 16:15:52,entrada
2023-01-17 16:28:43,entrada
2023-01-17 16:10:05,entrada
2023-01-17 16:02:13,entrada
2023-01-17 16:59:01,entrada
2023-01-17 16:31:30,entrada
2023-01-17 16:10:21,entrada
2023-01-17 16:02:49,entrada
2023-01-17 16:30:32,entrada
2023-01-17 16:23:00,entrada
2023-01-17 16:43:14,entrada
2023-01-17 16:36:26,entrada
2023-01-17 16:37:47,entrada
2023-01-17 16:26:43,entrada
2023-01-17 16:11:02,entrada
2023-01-17 17:27:18,entrada
2023-01-17 17:32:20,entrada
2023-01-17 17:52:09,entrada
2023-01-17 17:52:45,entrada
2023-01-17 17:44:08,entrada
2023-01-17 17:37:05,entrada
2023-01-17 17:50:52,entrada
2023-01-17 17:41:54,entrada
2023-01-17 17:34:17,entrada
2023-01-17 17:52:18,entrada
2023-01-17 17:04:24,entrada
2023-01-17 17:10:09,entrada
2023-01-17 17:16:35,entrada
2023-01-17 17:25:30,entrada
2023-01-17 17:31:20,entrada
2023-01-17 17:17:59,entrada
2023-01-17 17:17:00,entrada
2023-01-17 17:13:07,entrada
2023-01-17 17:01:50,entrada
2023-01-17 17:14:59,entrada
2023-01-17 18:58:37,entrada
2023-01-17 18:42:58,entrada
2023-01-17 18:27:09,entrada
2023-01-17 18:44:00,entrada
2023-01-17 18:33:02,entrada
2023-01-17 18:08:04,entrada
2023-01-17 18:41:09,entrada
2023-01-17 18:11:17,entrada
2023-01-17 18:57:20,entrada
2023-01-17 18:20:00,entrada
2023-01-17 18:02:04,entrada
2023-01-17 18:24:57,entrada
2023-01-17 18:48:07,entrada
2023-01-17 18:16:08,entrada
2023-01-17 18:31:05,entrada
2023-01-17 18:48:39,entrada
2023-01-17 18:20:06,entrada
2023-01-17 18:06:46,entrada
2023-01-17 18:38:53,entrada
2023-01-17 18:26:07,entrada
2023-01-17 18:08:27,entrada
2023-01-17 19:21:50,entrada
2023-01-17 19:52:57,entrada
2023-01-17 19:36:48,entrada
2023-01-17 19:02:18,entrada
2023-01-17 19:00:28,entrada
2023-01-17 19:22:32,entrada
2023-01-17 19:54:51,entrada
2023-01-17 19:40:22,entrada
2023-01-17 19:04:06,entrada
2023-01-17 19:56:57,entrada
2023-01-17 19:05:48,entrada
2023-01-17 19:21:48,entrada
2023-01-17 19:12:11,entrada
2023-01-17 19:03:07,entrada
2023-01-17 19:36:30,entrada
2023-01-17 19:36:44,entrada
2023-01-17 19:25:42,entrada
2023-01-17 19:07:39,entrada
2023-01-17 19:32:44,entrada
2023-01-17 19:28:04,entrada
2023-01-17 19:27:52,entrada
2023-01-17 19:39:16,entrada
2023-01-17 19:54:22,entrada
2023-01-17 19:44:08,entrada
2023-01-17 19:01:31,entrada
2023-01-17 19:50:51,entrada
2023-01-17 20:03:22,entrada
2023-01-17 20:54:43,entrada
2023-01-17 20:24:11,entrada
2023-01-17 20:16:52,entrada
2023-01-17 20:14:09,entrada
2023-01-17 20:34:54,entrada
2023-01-17 20:51:51,entrada
2023-01-17 20:28:11,entrada
2023-01-17 20:00:00,entrada
2023-01-17 20:09:17,entrada
2023-01-17 20:46:01,entrada
2023-01-17 20:48:07,entrada
2023-01-17 20:21:21,entrada
2023-01-17 20:25:25,entrada
2023-01-17 20:08:20,entrada
2023-01-17 20:30:51,entrada
2023-01-17 20:42:05,entrada
2023-01-17 20:55:13,entrada
2023-01-17 20:32:06,entrada
2023-01-17 20:23:08,entrada
2023-01-17 20:10:55,entrada
2023-01-17 20:22:47,entrada
2023-01-17 21:07:21,entrada
2023-01-17 21:41:06,entrada
2023-01-17 21:21:45,entrada
2023-01-17 21:29:36,entrada
2023-01-17 21:15:14,entrada
2023-01-17 21:04:02,entrada
2023-01-17 21:22:09,entrada
2023-01-17 21:04:22,entrada
2023-01-17 21:14:17,entrada
2023-01-17 21:24:07,entrada
2023-01-17 21:30:20,entrada
2023-01-17 21:01:21,entrada
2023-01-17 21:07:22,entrada
2023-01-17 21:31:07,entrada
2023-01-17 21:03:29,entrada
2023-01-17 21:18:22,entrada
2023-01-17 21:17:52,entrada
2023-01-17 21:28:22,entrada
2023-01-17 21:32:51,entrada
2023-01-18 10:56:41,entrada
2023-01-18 10:33:06,entrada
2023-01-18 10:30:51,entrada
2023-01-18 10:01:18,entrada
2023-01-18 10:37:31,entrada
2023-01-18 10:09:40,entrada
2023-01-18 10:07:25,entrada
2023-01-18 10:29:10,entrada
2023-01-18 10:40:19,entrada
2023-01-18 10:59:19,entrada
2023-01-18 10:08:07,entrada
2023-01-18 10:59:14,entrada
2023-01-18 10:33:23,entrada
2023-01-18 10:32:40,entrada
2023-01-18 10:40:44,entrada
2023-01-18 10:39:26,entrada
2023-01-18 10:20:04,entrada
2023-01-18 10:34:20,entrada
2023-01-18 10:03:48,entrada
2023-01-18 10:47:15,entrada
2023-01-18 10:56:30,entrada
2023-01-18 10:25:51,entrada
2023-01-18 10:34:05,entrada
2023-01-18 10:32:20,entrada
2023-01-18 10:15:46,entrada
2023-01-18 10:38:33,entrada
2023-01-18 10:41:56,entrada
2023-01-18 10:59:14,entrada
2023-01-18 10:05:01,entrada
2023-01-18 10:23:55,entrada
2023-01-18 10:48:27,entrada
2023-01-18 10:00:00,entrada
2023-01-18 10:27:35,entrada
2023-01-18 11:43:39,entrada
2023-01-18 11:39:49,entrada
2023-01-18 11:05:36,entrada
2023-01-18 11:01:11,entrada
2023-01-18 11:57:03,entrada
2023-01-18 11:22:12,entrada
2023-01-18 11:16:30,entrada
2023-01-18 11:15:40,entrada
2023-01-18 11:25:27,entrada
2023-01-18 11:00:46,entrada
2023-01-18 11:11:36,entrada
2023-01-18 11:54:55,entrada
2023-01-18 11:49:19,entrada
2023-01-18 11:01:35,entrada
2023-01-18 11:14:37,entrada
2023-01-18 11:21:43,entrada
2023-01-18 11:49:31,entrada
2023-01-18 11:58:19,entrada
2023-01-18 11:35:32,entrada
2023-01-18 11:14:49,entrada
2023-01-18 11:45:02,entrada
2023-01-18 11:28:46,entrada
2023-01-18 12:55:19,entrada
2023-01-18 12:33:33,entrada
2023-01-18 12:53:55,entrada
2023-01-18 12:54:19,entrada
2023-01-18 12:49:24,entrada
2023-01-18 12:19:24,entrada
2023-01-18 12:52:13,entrada
2023-01-18 12:59:46,entrada
2023-01-18 12:43:42,entrada
2023-01-18 12:42:38,entrada
2023-01-18 12:11:47,entrada
2023-01-18 12:04:01,entrada
2023-01-18 12:53:15,entrada
2023-01-18 12:54:29,entrada
2023-01-18 12:46:42,entrada
2023-01-18 12:37:44,entrada
2023-01-18 12:50:41,entrada
2023-01-18 12:23:50,entrada
2023-01-18 12:29:36,entrada
2023-01-18 12:56:58,entrada
2023-01-18 12:52:38,entrada
2023-01-18 12:10:13,entrada
2023-01-18 12:22:52,entrada
2023-01-18 12:15:49,entrada
2023-01-18 12:20:54,entrada
2023-01-18 12:54:03,entrada
2023-01-18 13:36:40,entrada
2023-01-18 13:10:26,entrada
2023-01-18 13:29:18,entrada
2023-01-18 13:33:37,entrada
2023-01-18 13:22:52,entrada
2023-01-18 13:00:02,entrada
2023-01-18 13:02:27,entrada
2023-01-18 13:13:51,entrada
2023-01-18 13:29:57,entrada
2023-01-18 13:53:04,entrada
2023-01-18 13:48:14,entrada
2023-01-18 13:37:13,entrada
2023-01-18 13:13:56,entrada
2023-01-18 13:58:48,entrada
2023-01-18 13:07:07,entrada
2023-01-18 13:18:31,entrada
2023-01-18 13:30:28,entrada
2023-01-18 13:40:10,entrada
2023-01-18 13:44:12,entrada
2023-01-18 13:26:55,entrada
2023-01-18 13:18:25,entrada
2023-01-18 13:52:50,entrada
2023-01-18 14:53:00,entrada
2023-01-18 14:51:20,entrada
2023-01-18 14:38:23,entrada
2023-01-18 14:08:59,entrada
2023-01-18 14:43:53,entrada
2023-01-18 14:25:08,entrada
2023-01-18 14:19:55,entrada
2023-01-18 14:34:35,entrada
2023-01-18 14:41:35,entrada
2023-01-18 14:53:08,entrada
2023-01-18 14:21:00,entrada
2023-01-18 14:04:08,entrada
2023-01-18 14:36:37,entrada
2023-01-18 14:18:07,entrada
2023-01-18 14:41:42,entrada
2023-01-18 14:31:12,entrada
2023-01-18 14:19:35,entrada
2023-01-18 14:42:43,entrada
2023-01-18 14:36:29,entrada
2023-01-18 14:09:30,entrada
2023-01-18 14:24:28,entrada
2023-01-18 14:23:38,entrada
2023-01-18 14:20:40,entrada
2023-01-18 14:08:41,entrada
2023-01-18 14:41:01,entrada
2023-01-18 14:03:07,entrada
2023-01-18 14:31:13,entrada
2023-01-18 14:48:12,entrada
2023-01-18 14:20:23,entrada
2023-01-18 14:49:17,entrada
2023-01-18 14:44:39,entrada
2023-01-18 14:25:31,entrada
2023-01-18 14:43:56,entrada
2023-01-18 15:35:08,entrada
2023-01-18 15:14:44,entrada
2023-01-18 15:19:07,entrada
2023-01-18 15:57:27,entrada
2023-01-18 15:50:18,entrada
2023-01-18 15:56:15,entrada
2023-01-18 15:10:41,entrada
2023-01-18 15:07:32,entrada
2023-01-18 15:09:17,entrada
2023-01-18 15:34:42,entrada
2023-01-18 15:49:02,entrada
2023-01-18 15:39:26,entrada
2023-01-18 15:58:27,entrada
2023-01-18 15:45:05,entrada
2023-01-18 15:46:13,entrada
2023-01-18 15:06:09,entrada
2023-01-18 15:14:30,entrada
2023-01-18 15:28:41,entrada
2023-01-18 15:53:16,entrada
2023-01-18 15:58:50,entrada
2023-01-18 15:28:48,entrada
2023-01-18 15:43:14,entrada
2023-01-18 15:25:11,entrada
2023-01-18 15:24:40,entrada
2023-01-18 15:04:03,entrada
2023-01-18 15:43:47,entrada
2023-01-18 16:04:35,entrada
2023-01-18 16:16:52,entrada
2023-01-18 16:51:13,entrada
2023-01-18 16:57:28,entrada
2023-01-18 16:07:33,entrada
2023-01-18 16:39:00,entrada
2023-01-18 16:28:35,entrada
2023-01-18 16:50:36,entrada
2023-01-18 16:28:04,entrada
2023-01-18 16:52:31,entrada
2023-01-18 16:59:51,entrada
2023-01-18 16:23:18,entrada
2023-01-18 16:11:51,entrada
2023-01-18 16:00:06,entrada
2023-01-18 16:16:33,entrada
2023-01-18 16:42:06,entrada
2023-01-18 16:16:58,entrada
2023-01-18 16:02:28,entrada
2023-01-18 16:21:37,entrada
2023-01-18 17:06:51,entrada
2023-01-18 17:02:57,entrada
2023-01-18 17:24:32,entrada
2023-01-18 17:39:16,entrada
2023-01-18 17:44:13,entrada
2023-01-18 17:36:57,entrada
2023-01-18 17:55:53,entrada
2023-01-18 17:22:58,entrada
2023-01-18 17:23:28,entrada
2023-01-18 17:37:58,entrada
2023-01-18 17:53:26,entrada
2023-01-18 17:37:52,entrada
2023-01-18 17:39:44,entrada
2023-01-18 17:49:22,entrada
2023-01-18 17:30:35,entrada
2023-01-18 17:16:36,entrada
2023-01-18 17:02:35,entrada
2023-01-18 17:54:04,entrada
2023-01-18 17:45:14,entrada
2023-01-18 17:51:48,entrada
2023-01-18 17:05:58,entrada
2023-01-18 17:09:53,entrada
2023-01-18 17:31:22,entrada
2023-01-18 17:47:16,entrada
2023-01-18 17:45:19,entrada
2023-01-18 17:43:40,entrada
2023-01-18 17:14:43,entrada
2023-01-18 17:45:57,entrada
2023-01-18 17:21:49,entrada
2023-01-18 17:51:05,entrada
2023-01-18 18:20:02,entrada
2023-01-18 18:30:54,entrada
2023-01-18 18:26:45,entrada
2023-01-18 18:26:08,entrada
2023-01-18 18:56:32,entrada
2023-01-18 18:32:25,entrada
2023-01-18 18:27:43,entrada
2023-01-18 18:42:30,entrada
2023-01-18 18:52:00,entrada
2023-01-18 18:19:11,entrada
2023-01-18 18:16:14,entrada
2023-01-18 18:33:49,entrada
2023-01-18 18:15:03,entrada
2023-01-18 18:07:33,entrada
2023-01-18 18:45:24,entrada
2023-01-18 18:14:27,entrada
2023-01-18 18:08:01,entrada
2023-01-18 18:16:57,entrada
2023-01-18 18:09:08,entrada
2023-01-18 18:30:01,entrada
2023-01-18 18:23:18,entrada
2023-01-18 18:16:42,entrada
2023-01-18 18:48:09,entrada
2023-01-18 19:44:53,entrada
2023-01-18 19:04:13,entrada
2023-01-18 19:52:01,entrada
2023-01-18 19:22:43,entrada
2023-01-18 19:51:45,entrada
2023-01-18 19:18:23,entrada
2023-01-18 19:19:46,entrada
2023-01-18 19:26:51,entrada
2023-01-18 19:23:16,entrada
2023-01-18 19:24:45,entrada
2023-01-18 19:54:30,entrada
2023-01-18 19:27:49,entrada
2023-01-18 19:58:27,entrada
2023-01-18 19:21:55,entrada
2023-01-18 19:58:04,entrada
2023-01-18 19:53:43,entrada
2023-01-18 19:41:07,entrada
2023-01-18 19:37:27,entrada
2023-01-18 19:56:46,entrada
2023-01-18 19:11:56,entrada
2023-01-18 19:24:37,entrada
2023-01-18 19:43:14,entrada
2023-01-18 19:43:40,entrada
2023-01-18 19:50:52,entrada
2023-01-18 19:33:59,entrada
2023-01-18 19:44:12,entrada
2023-01-18 19:07:58,entrada
2023-01-18 19:12:35,entrada
2023-01-18 19:05:37,entrada
2023-01-18 19:31:20,entrada
2023-01-18 19:43:43,entrada
2023-01-18 19:48:58,entrada
2023-01-18 19:06:25,entrada
2023-01-18 19:14:55,entrada
2023-01-18 19:48:41,entrada
2023-01-18 20:02:10,entrada
2023-01-18 20:24:41,entrada
2023-01-18 20:47:07,entrada
2023-01-18 20:08:14,entrada
2023-01-18 20:31:52,entrada
2023-01-18 20:02:03,entrada
2023-01-18 20:29:12,entrada
2023-01-18 20:43:20,entrada
2023-01-18 20:40:56,entrada
2023-01-18 20:45:18,entrada
2023-01-18 20:38:47,entrada
2023-01-18 20:21:19,entrada
2023-01-18 20:36:30,entrada
2023-01-18 20:09:17,entrada
2023-01-18 20:42:38,entrada
2023-01-18 20:45:19,entrada
2023-01-18 20:17:10,entrada
2023-01-18 20:21:58,entrada
2023-01-18 20:43:17,entrada
2023-01-18 20:57:33,entrada
2023-01-18 20:22:00,entrada
2023-01-18 21:25:12,entrada
2023-01-18 21:35:23,entrada
2023-01-18 21:40:25,entrada
2023-01-18 21:20:17,entrada
2023-01-18 21:14:14,entrada
2023-01-18 21:05:42,entrada
2023-01-18 21:30:27,entrada
2023-01-18 21:07:28,entrada
2023-01-18 21:20:16,entrada
2023-01-18 21:55:56,entrada
2023-01-18 21:48:23,entrada
2023-01-18 21:57:59,entrada
2023-01-18 21:49:35,entrada
2023-01-18 21:30:46,entrada
2023-01-18 21:33:01,entrada
2023-01-18 21:41:02,entrada
2023-01-18 21:29:07,entrada
2023-01-18 21:51:06,entrada
2023-01-18 21:11:57,entrada
2023-01-18 21:18:25,entrada
2023-01-18 21:27:14,entrada
2023-01-18 21:13:47,entrada
2023-01-18 21:58:13,entrada
2023-01-18 21:02:49,entrada
2023-01-18 21:28:59,entrada
2023-01-18 21:53:05,entrada
2023-01-19 10:51:17,entrada
2023-01-19 10:14:17,entrada
2023-01-19 10:23:22,entrada
2023-01-19 10:11:22,entrada
2023-01-19 10:20:25,entrada
2023-01-19 10:07:29,entrada
2023-01-19 10:33:01,entrada
2023-01-19 10:04:30,entrada
2023-01-19 10:32:53,entrada
2023-01-19 10:03:05,entrada
2023-01-19 10:22:44,entrada
2023-01-19 10:18:42,entrada
2023-01-19 10:44:07,entrada
2023-01-19 10:38:12,entrada
2023-01-19 10:00:05,entrada
2023-01-19 10:06:47,entrada
2023-01-19 10:26:14,entrada
2023-01-19 10:51:33,entrada
2023-01-19 10:57:56,entrada
2023-01-19 10:22:47,entrada
2023-01-19 10:48:23,entrada
2023-01-19 10:14:34,entrada
2023-01-19 10:03:43,entrada
2023-01-19 10:36:16,entrada
2023-01-19 10:30:37,entrada
2023-01-19 11:53:21,entrada
2023-01-19 11:48:02,entrada
2023-01-19 11:27:37,entrada
2023-01-19 11:13:46,entrada
2023-01-19 11:13:42,entrada
2023-01-19 11:10:08,entrada
2023-01-19 11:37:46,entrada
2023-01-19 11:43:05,entrada
2023-01-19 11:00:24,entrada
2023-01-19 11:15:51,entrada
2023-01-19 11:14:33,entrada
2023-01-19 11:16:02,entrada
2023-01-19 11:02:36,entrada
2023-01-19 11:16:54,entrada
2023-01-19 11:48:51,entrada
2023-01-19 11:37:00,entrada
2023-01-19 11:06:25,entrada
2023-01-19 11:46:38,entrada
2023-01-19 11:18:51,entrada
2023-01-19 11:53:29,entrada
2023-01-19 11:42:54,entrada
2023-01-19 11:13:12,entrada
2023-01-19 11:19:25,entrada
2023-01-19 11:26:24,entrada
2023-01-19 11:08:40,entrada
2023-01-19 11:47:11,entrada
2023-01-19 11:09:05,entrada
2023-01-19 11:49:33,entrada
2023-01-19 11:58:51,entrada
2023-01-19 11:40:18,entrada
2023-01-19 11:05:01,entrada
2023-01-19 11:14:16,entrada
2023-01-19 11:15:27,entrada
2023-01-19 11:20:07,entrada
2023-01-19 12:30:37,entrada
2023-01-19 12:02:34,entrada
2023-01-19 12:18:42,entrada
2023-01-19 12:28:09,entrada
2023-01-19 12:11:45,entrada
2023-01-19 12:29:29,entrada
2023-01-19 12:59:17,entrada
2023-01-19 12:23:31,entrada
2023-01-19 12:08:46,entrada
2023-01-19 12:23:25,entrada
2023-01-19 12:02:22,entrada
2023-01-19 12:10:09,entrada
2023-01-19 12:49:35,entrada
2023-01-19 12:59:12,entrada
2023-01-19 12:28:37,entrada
2023-01-19 12:58:52,entrada
2023-01-19 12:12:56,entrada
2023-01-19 12:25:19,entrada
2023-01-19 12:04:19,entrada
2023-01-19 12:13:44,entrada
2023-01-19 12:13:07,entrada
2023-01-19 12:47:12,entrada
2023-01-19 12:23:14,entrada
2023-01-19 12:50:00,entrada
2023-01-19 12:21:33,entrada
2023-01-19 12:49:50,entrada
2023-01-19 12:39:02,entrada
2023-01-19 13:49:39,entrada
2023-01-19 13:21:07,entrada
2023-01-19 13:14:44,entrada
2023-01-19 13:06:18,entrada
2023-01-19 13:39:41,entrada
2023-01-19 13:16:00,entrada
2023-01-19 13:44:28,entrada
2023-01-19 13:57:12,entrada
2023-01-19 13:55:47,entrada
2023-01-19 13:28:40,entrada
2023-01-19 13:41:05,entrada
2023-01-19 13:04:33,entrada
2023-01-19 13:10:08,entrada
2023-01-19 13:37:39,entrada
2023-01-19 13:40:08,entrada
2023-01-19 13:07:43,entrada
2023-01-19 13:57:39,entrada
2023-01-19 13:02:12,entrada
2023-01-19 13:18:33,entrada
2023-01-19 13:31:48,entrada
2023-01-19 13:15:35,entrada
2023-01-19 13:17:13,entrada
2023-01-19 13:29:01,entrada
2023-01-19 13:12:26,entrada
2023-01-19 13:58:52,entrada
2023-01-19 14:06:37,entrada
2023-01-19 14:32:11,entrada
2023-01-19 14:44:11,entrada
2023-01-19 14:18:08,entrada
2023-01-19 14:09:16,entrada
2023-01-19 14:49:39,entrada
2023-01-19 14:38:40,entrada
2023-01-19 14:09:11,entrada
2023-01-19 14:14:30,entrada
2023-01-19 14:14:27,entrada
2023-01-19 14:03:35,entrada
2023-01-19 14:54:00,entrada
2023-01-19 14:57:43,entrada
2023-01-19 14:56:33,entrada
2023-01-19 14:46:16,entrada
2023-01-19 14:38:37,entrada
2023-01-19 14:43:50,entrada
2023-01-19 14:32:59,entrada
2023-01-19 14:20:25,entrada
2023-01-19 14:45:35,entrada
2023-01-19 14:04:32,entrada
2023-01-19 14:00:52,entrada
2023-01-19 14:05:36,entrada
2023-01-19 14:01:56,entrada
2023-01-19 14:52:58,entrada
2023-01-19 14:58:04,entrada
2023-01-19 14:25:40,entrada
2023-01-19 14:50:52,entrada
2023-01-19 14:46:12,entrada
2023-01-19 15:38:05,entrada
2023-01-19 15:54:10,entrada
2023-01-19 15:31:39,entrada
2023-01-19 15:19:32,entrada
2023-01-19 15:39:07,entrada
2023-01-19 15:50:34,entrada
2023-01-19 15:04:34,entrada
2023-01-19 15:46:13,entrada
2023-01-19 15:20:46,entrada
2023-01-19 15:23:16,entrada
2023-01-19 15:17:33,entrada
2023-01-19 15:11:15,entrada
2023-01-19 15:03:24,entrada
2023-01-19 15:33:27,entrada
2023-01-19 15:45:10,entrada
2023-01-19 15:12:30,entrada
2023-01-19 15:59:24,entrada
2023-01-19 15:38:09,entrada
2023-01-19 15:23:00,entrada
2023-01-19 16:01:55,entrada
2023-01-19 16:54:40,entrada
2023-01-19 16:39:58,entrada
2023-01-19 16:03:31,entrada
2023-01-19 16:01:45,entrada
2023-01-19 16:28:01,entrada
2023-01-19 16:33:26,entrada
2023-01-19 16:59:53,entrada
2023-01-19 16:38:43,entrada
2023-01-19 16:37:17,entrada
2023-01-19 16:35:18,entrada
2023-01-19 16:26:44,entrada
2023-01-19 16:19:20,entrada
2023-01-19 16:22:29,entrada
2023-01-19 16:24:30,entrada
2023-01-19 16:26:33,entrada
2023-01-19 16:07:18,entrada
2023-01-19 16:40:25,entrada
2023-01-19 16:27:03,entrada
2023-01-19 16:30:15,entrada
2023-01-19 16:50:09,entrada
2023-01-19 16:37:47,entrada
2023-01-19 16:09:44,entrada
2023-01-19 17:21:40,entrada
2023-01-19 17:26:54,entrada
2023-01-19 17:36:31,entrada
2023-01-19 17:59:44,entrada
2023-01-19 17:18:27,entrada
2023-01-19 17:27:55,entrada
2023-01-19 17:09:19,entrada
2023-01-19 17:24:20,entrada
2023-01-19 17:13:21,entrada
2023-01-19 17:52:25,entrada
2023-01-19 17:43:10,entrada
2023-01-19 17:54:06,entrada
2023-01-19 17:16:17,entrada
2023-01-19 17:06:55,entrada
2023-01-19 17:19:37,entrada
2023-01-19 17:10:43,entrada
2023-01-19 17:57:15,entrada
2023-01-19 17:50:54,entrada
2023-01-19 17:26:50,entrada
2023-01-19 17:10:15,entrada
2023-01-19 17:22:59,entrada
2023-01-19 17:58:11,entrada
2023-01-19 17:58:39,entrada
2023-01-19 17:02:01,entrada
2023-01-19 17:59:37,entrada
2023-01-19 17:47:51,entrada
2023-01-19 17:23:28,entrada
2023-01-19 17:46:45,entrada
2023-01-19 18:48:20,entrada
2023-01-19 18:59:51,entrada
2023-01-19 18:53:38,entrada
2023-01-19 18:40:48,entrada
2023-01-19 18:58:41,entrada
2023-01-19 18:35:21,entrada
2023-01-19 18:25:06,entrada
2023-01-19 18:06:07,entrada
2023-01-19 18:25:23,entrada
2023-01-19 18:23:39,entrada
2023-01-19 18:47:11,entrada
2023-01-19 18:46:07,entrada
2023-01-19 18:53:08,entrada
2023-01-19 18:02:53,entrada
2023-01-19 18:20:30,entrada
2023-01-19 18:47:46,entrada
2023-01-19 18:23:03,entrada
2023-01-19 18:19:15,entrada
2023-01-19 18:09:42,entrada
2023-01-19 18:25:28,entrada
2023-01-19 18:04:10,entrada
2023-01-19 18:28:44,entrada
2023-01-19 18:14:05,entrada
2023-01-19 18:47:14,entrada
2023-01-19 18:42:19,entrada
2023-01-19 18:33:59,entrada
2023-01-19 18:59:01,entrada
2023-01-19 18:43:15,entrada
2023-01-19 18:18:33,entrada
2023-01-19 19:56:00,entrada
2023-01-19 19:27:48,entrada
2023-01-19 19:46:45,entrada
2023-01-19 19:13:41,entrada
2023-01-19 19:33:58,entrada
2023-01-19 19:30:05,entrada
2023-01-19 19:48:04,entrada
2023-01-19 19:30:36,entrada
2023-01-19 19:14:14,entrada
2023-01-19 19:51:42,entrada
2023-01-19 19:04:27,entrada
2023-01-19 19:32:10,entrada
2023-01-19 19:42:05,entrada
2023-01-19 19:22:39,entrada
2023-01-19 19:01:14,entrada
2023-01-19 19:22:21,entrada
2023-01-19 19:08:46,entrada
2023-01-19 19:39:29,entrada
2023-01-19 19:15:58,entrada
2023-01-19 19:45:46,entrada
2023-01-19 19:51:29,entrada
2023-01-19 19:44:08,entrada
2023-01-19 20:31:06,entrada
2023-01-19 20:41:37,entrada
2023-01-19 20:51:43,entrada
2023-01-19 20:12:23,entrada
2023-01-19 20:27:31,entrada
2023-01-19 20:42:17,entrada
2023-01-19 20:33:47,entrada
2023-01-19 20:33:50,entrada
2023-01-19 20:37:00,entrada
2023-01-19 20:42:49,entrada
2023-01-19 20:41:30,entrada
2023-01-19 20:49:59,entrada
2023-01-19 20:00:50,entrada
2023-01-19 20:15:57,entrada
2023-01-19 20:38:14,entrada
2023-01-19 20:32:22,entrada
2023-01-19 20:52:40,entrada
2023-01-19 20:33:16,entrada
2023-01-19 20:24:55,entrada
2023-01-19 20:41:05,entrada
2023-01-19 20:30:04,entrada
2023-01-19 20:39:39,entrada
2023-01-19 20:29:04,entrada
2023-01-19 20:11:06,entrada
2023-01-19 20:44:12,entrada
2023-01-19 20:48:03,entrada
2023-01-19 20:49:41,entrada
2023-01-19 21:14:11,entrada
2023-01-19 21:08:57,entrada
2023-01-19 21:30:13,entrada
2023-01-19 21:28:52,entrada
2023-01-19 21:47:42,entrada
2023-01-19 21:37:41,entrada
2023-01-19 21:59:07,entrada
2023-01-19 21:47:02,entrada
2023-01-19 21:01:15,entrada
2023-01-19 21:18:29,entrada
2023-01-19 21:40:15,entrada
2023-01-19 21:30:53,entrada
2023-01-19 21:57:27,entrada
2023-01-19 21:03:09,entrada
2023-01-19 21:50:44,entrada
2023-01-19 21:17:46,entrada
2023-01-19 21:31:29,entrada
2023-01-19 21:35:08,entrada
2023-01-19 21:35:28,entrada
2023-01-19 21:15:27,entrada
2023-01-19 21:20:46,entrada
2023-01-19 21:55:01,entrada
2023-01-19 21:59:58,entrada
2023-01-19 21:45:34,entrada
2023-01-19 21:53:27,entrada
2023-01-19 21:54:35,entrada
2023-01-19 21:30:32,entrada
2023-01-19 21:22:59,entrada
2023-01-19 21:40:16,entrada
2023-01-19 21:45:48,entrada
2023-01-19 21:00:41,entrada
2023-01-20 10:44:52,entrada
2023-01-20 10:51:00,entrada
2023-01-20 10:10:57,entrada
2023-01-20 10:42:39,entrada
2023-01-20 10:21:34,entrada
2023-01-20 10:59:50,entrada
2023-01-20 10:43:05,entrada
2023-01-20 10:27:30,entrada
2023-01-20 10:54:07,entrada
2023-01-20 10:04:41,entrada
2023-01-20 10:53:47,entrada
2023-01-20 10:43:16,entrada
2023-01-20 10:37:08,entrada
2023-01-20 10:09:19,entrada
2023-01-20 10:13:13,entrada
2023-01-20 10:25:28,entrada
2023-01-20 10:48:26,entrada
2023-01-20 10:24:15,entrada
2023-01-20 10:35:33,entrada
2023-01-20 10:15:32,entrada
2023-01-20 10:02:22,entrada
2023-01-20 10:10:47,entrada
2023-01-20 10:57:17,entrada
2023-01-20 10:46:40,entrada
2023-01-20 10:43:28,entrada
2023-01-20 10:58:49,entrada
2023-01-20 10:04:23,entrada
2023-01-20 11:36:26,entrada
2023-01-20 11:33:10,entrada
2023-01-20 11:00:12,entrada
2023-01-20 11:29:04,entrada
2023-01-20 11:17:13,entrada
2023-01-20 11:12:31,entrada
2023-01-20 11:06:07,entrada
2023-01-20 11:49:06,entrada
2023-01-20 11:51:48,entrada
2023-01-20 11:15:42,entrada
2023-01-20 11:30:50,entrada
2023-01-20 11:26:59,entrada
2023-01-20 11:32:52,entrada
2023-01-20 11:28:07,entrada
2023-01-20 11:32:40,entrada
2023-01-20 11:18:20,entrada
2023-01-20 11:40:20,entrada
2023-01-20 11:24:41,entrada
2023-01-20 11:55:22,entrada
2023-01-20 11:10:32,entrada
2023-01-20 11:19:24,entrada
2023-01-20 11:25:39,entrada
2023-01-20 11:51:11,entrada
2023-01-20 11:31:32,entrada
2023-01-20 11:09:03,entrada
2023-01-20 11:14:50,entrada
2023-01-20 11:05:26,entrada
2023-01-20 11:04:04,entrada
2023-01-20 11:17:27,entrada
2023-01-20 11:34:58,entrada
2023-01-20 11:21:33,entrada
2023-01-20 11:03:17,entrada
2023-01-20 11:40:50,entrada
2023-01-20 12:27:25,entrada
2023-01-20 12:41:22,entrada
2023-01-20 12:45:48,entrada
2023-01-20 12:29:02,entrada
2023-01-20 12:27:32,entrada
2023-01-20 12:41:02,entrada
2023-01-20 12:04:56,entrada
2023-01-20 12:18:41,entrada
2023-01-20 12:57:56,entrada
2023-01-20 12:47:00,entrada
2023-01-20 12:37:08,entrada
2023-01-20 12:59:04,entrada
2023-01-20 12:58:45,entrada
2023-01-20 12:41:33,entrada
2023-01-20 12:36:32,entrada
2023-01-20 12:24:41,entrada
2023-01-20 12:28:57,entrada
2023-01-20 12:24:53,entrada
2023-01-20 12:58:08,entrada
2023-01-20 12:02:14,entrada
2023-01-20 12:03:44,entrada
2023-01-20 12:37:19,entrada
2023-01-20 12:48:22,entrada
2023-01-20 13:59:37,entrada
2023-01-20 13:28:12,entrada
2023-01-20 13:03:44,entrada
2023-01-20 13:16:32,entrada
2023-01-20 13:04:27,entrada
2023-01-20 13:23:16,entrada
2023-01-20 13:49:38,entrada
2023-01-20 13:47:39,entrada
2023-01-20 13:43:45,entrada
2023-01-20 13:50:10,entrada
2023-01-20 13:11:12,entrada
2023-01-20 13:07:00,entrada
2023-01-20 13:08:27,entrada
2023-01-20 13:01:13,entrada
2023-01-20 13:12:47,entrada
2023-01-20 13:01:03,entrada
2023-01-20 13:11:47,entrada
2023-01-20 13:09:02,entrada
2023-01-20 13:03:05,entrada
2023-01-20 13:22:04,entrada
2023-01-20 14:16:07,entrada
2023-01-20 14:33:25,entrada
2023-01-20 14:44:29,entrada
2023-01-20 14:21:15,entrada
2023-01-20 14:29:15,entrada
2023-01-20 14:37:53,entrada
2023-01-20 14:23:35,entrada
2023-01-20 14:34:05,entrada
2023-01-20 14:03:17,entrada
2023-01-20 14:05:25,entrada
2023-01-20 14:36:26,entrada
2023-01-20 14:40:10,entrada
2023-01-20 14:37:15,entrada
2023-01-20 14:18:42,entrada
2023-01-20 14:52:14,entrada
2023-01-20 14:25:55,entrada
2023-01-20 14:40:55,entrada
2023-01-20 14:30:18,entrada
2023-01-20 14:56:50,entrada
2023-01-20 14:23:57,entrada
2023-01-20 14:08:22,entrada
2023-01-20 14:03:09,entrada
2023-01-20 14:08:18,entrada
2023-01-20 14:14:50,entrada
2023-01-20 14:33:41,entrada
2023-01-20 15:58:38,entrada
2023-01-20 15:48:25,entrada
2023-01-20 15:25:35,entrada
2023-01-20 15:42:34,entrada
2023-01-20 15:42:34,entrada
2023-01-20 15:11:32,entrada
2023-01-20 15:35:13,entrada
2023-01-20 15:32:45,entrada
2023-01-20 15:44:44,entrada
2023-01-20 15:23:14,entrada
2023-01-20 15:30:16,entrada
2023-01-20 15:11:21,entrada
2023-01-20 15:22:25,entrada
2023-01-20 15:13:11,entrada
2023-01-20 15:49:03,entrada
2023-01-20 15:58:45,entrada
2023-01-20 15:50:12,entrada
2023-01-20 15:56:54,entrada
2023-01-20 15:17:42,entrada
2023-01-20 15:27:37,entrada
2023-01-20 15:40:43,entrada
2023-01-20 15:18:45,entrada
2023-01-20 16:07:06,entrada
2023-01-20 16:03:57,entrada
2023-01-20 16:12:18,entrada
2023-01-20 16:06:09,entrada
2023-01-20 16:24:43,entrada
2023-01-20 16:57:34,entrada
2023-01-20 16:57:24,entrada
2023-01-20 16:28:55,entrada
2023-01-20 16:11:50,entrada
2023-01-20 16:46:39,entrada
2023-01-20 16:11:51,entrada
2023-01-20 16:05:59,entrada
2023-01-20 16:09:01,entrada
2023-01-20 16:55:44,entrada
2023-01-20 16:24:06,entrada
2023-01-20 16:39:22,entrada
2023-01-20 16:47:10,entrada
2023-01-20 16:57:35,entrada
2023-01-20 16:48:47,entrada
2023-01-20 16:50:22,entrada
2023-01-20 16:58:42,entrada
2023-01-20 16:06:26,entrada
2023-01-20 16:12:50,entrada
2023-01-20 16:16:31,entrada
2023-01-20 16:25:56,entrada
2023-01-20 16:59:21,entrada
2023-01-20 16:12:11,entrada
2023-01-20 16:06:00,entrada
2023-01-20 16:32:51,entrada
2023-01-20 16:54:13,entrada
2023-01-20 16:58:46,entrada
2023-01-20 16:42:55,entrada
2023-01-20 17:29:16,entrada
2023-01-20 17:47:12,entrada
2023-01-20 17:55:23,entrada
2023-01-20 17:53:54,entrada
2023-01-20 17:30:57,entrada
2023-01-20 17:26:49,entrada
2023-01-20 17:20:43,entrada
2023-01-20 17:54:56,entrada
2023-01-20 17:00:14,entrada
2023-01-20 17:02:05,entrada
2023-01-20 17:13:54,entrada
2023-01-20 17:37:32,entrada
2023-01-20 17:51:37,entrada
2023-01-20 17:07:25,entrada
2023-01-20 17:14:13,entrada
2023-01-20 17:47:19,entrada
2023-01-20 17:54:47,entrada
2023-01-20 17:58:18,entrada
2023-01-20 17:55:32,entrada
2023-01-20 17:35:23,entrada
2023-01-20 17:09:51,entrada
2023-01-20 17:49:33,entrada
2023-01-20 17:35:46,entrada
2023-01-20 18:39:06,entrada
2023-01-20 18:04:46,entrada
2023-01-20 18:41:23,entrada
2023-01-20 18:47:40,entrada
2023-01-20 18:06:10,entrada
2023-01-20 18:08:48,entrada
2023-01-20 18:29:40,entrada
2023-01-20 18:02:21,entrada
2023-01-20 18:39:50,entrada
2023-01-20 18:19:31,entrada
2023-01-20 18:47:06,entrada
2023-01-20 18:59:06,entrada
2023-01-20 18:19:24,entrada
2023-01-20 18:44:34,entrada
2023-01-20 18:43:23,entrada
2023-01-20 18:39:12,entrada
2023-01-20 18:51:47,entrada
2023-01-20 18:38:03,entrada
2023-01-20 18:11:16,entrada
2023-01-20 18:00:16,entrada
2023-01-20 19:47:01,entrada
2023-01-20 19:53:38,entrada
2023-01-20 19:11:38,entrada
2023-01-20 19:50:13,entrada
2023-01-20 19:29:40,entrada
2023-01-20 19:49:42,entrada
2023-01-20 19:47:18,entrada
2023-01-20 19:30:42,entrada
2023-01-20 19:49:42,entrada
2023-01-20 19:24:03,entrada
2023-01-20 19:49:50,entrada
2023-01-20 19:12:35,entrada
2023-01-20 19:41:53,entrada
2023-01-20 19:36:02,entrada
2023-01-20 19:15:25,entrada
2023-01-20 19:39:55,entrada
2023-01-20 19:38:18,entrada
2023-01-20 19:45:14,entrada
2023-01-20 19:31:48,entrada
2023-01-20 19:20:00,entrada
2023-01-20 19:05:26,entrada
2023-01-20 19:22:46,entrada
2023-01-20 19:30:11,entrada
2023-01-20 19:20:51,entrada
2023-01-20 19:01:04,entrada
2023-01-20 19:08:19,entrada
2023-01-20 20:24:25,entrada
2023-01-20 20:18:29,entrada
2023-01-20 20:35:47,entrada
2023-01-20 20:47:15,entrada
2023-01-20 20:06:17,entrada
2023-01-20 20:55:20,entrada
2023-01-20 20:30:00,entrada
2023-01-20 20:02:30,entrada
2023-01-20 20:24:52,entrada
2023-01-20 20:07:00,entrada
2023-01-20 20:06:06,entrada
2023-01-20 20:07:18,entrada
2023-01-20 20:16:10,entrada
2023-01-20 20:46:40,entrada
2023-01-20 20:48:10,entrada
2023-01-20 20:37:40,entrada
2023-01-20 20:49:51,entrada
2023-01-20 20:01:03,entrada
2023-01-20 20:49:27,entrada
2023-01-20 20:32:10,entrada
2023-01-20 20:02:39,entrada
2023-01-20 20:04:51,entrada
2023-01-20 20:20:21,entrada
2023-01-20 20:53:36,entrada
2023-01-20 20:59:10,entrada
2023-01-20 20:43:21,entrada
2023-01-20 20:40:52,entrada
2023-01-20 21:55:41,entrada
2023-01-20 21:30:46,entrada
2023-01-20 21:57:40,entrada
2023-01-20 21:29:55,entrada
2023-01-20 21:33:17,entrada
2023-01-20 21:11:34,entrada
2023-01-20 21:06:40,entrada
2023-01-20 21:39:24,entrada
2023-01-20 21:05:00,entrada
2023-01-20 21:45:15,entrada
2023-01-20 21:59:47,entrada
2023-01-20 21:03:28,entrada
2023-01-20 21:37:46,entrada
2023-01-20 21:27:21,entrada
2023-01-20 21:07:31,entrada
2023-01-20 21:32:12,entrada
2023-01-20 21:26:17,entrada
2023-01-20 21:17:12,entrada
2023-01-20 21:21:13,entrada
2023-01-20 21:10:38,entrada
2023-01-20 21:49:52,entrada
2023-01-20 21:21:35,entrada
2023-01-20 21:16:50,entrada
2023-01-21 10:11:12,entrada
2023-01-21 10:07:15,entrada
2023-01-21 10:28:34,entrada
2023-01-21 10:59:28,entrada
2023-01-21 10:30:12,entrada
2023-01-21 10:11:50,entrada
2023-01-21 10:01:32,entrada
2023-01-21 10:07:40,entrada
2023-01-21 10:56:58,entrada
2023-01-21 10:39:52,entrada
2023-01-21 10:48:40,entrada
2023-01-21 10:31:37,entrada
2023-01-21 10:27:14,entrada
2023-01-21 10:22:23,entrada
2023-01-21 10:12:20,entrada
2023-01-21 10:53:11,entrada
2023-01-21 10:12:38,entrada
2023-01-21 10:22:49,entrada
2023-01-21 10:45:42,entrada
2023-01-21 10:27:13,entrada
2023-01-21 10:16:23,entrada
2023-01-21 10:52:57,entrada
2023-01-21 10:33:50,entrada
2023-01-21 10:47:21,entrada
2023-01-21 10:09:53,entrada
2023-01-21 10:07:20,entrada
2023-01-21 10:36:06,entrada
2023-01-21 10:25:12,entrada
2023-01-21 10:15:29,entrada
2023-01-21 10:30:04,entrada
2023-01-21 10:31:15,entrada
2023-01-21 10:46:08,entrada
2023-01-21 11:02:46,entrada
2023-01-21 11:04:07,entrada
2023-01-21 11:13:35,entrada
2023-01-21 11:06:06,entrada
2023-01-21 11:49:45,entrada
2023-01-21 11:31:07,entrada
2023-01-21 11:57:11,entrada
2023-01-21 11:09:13,entrada
2023-01-21 11:08:37,entrada
2023-01-21 11:29:04,entrada
2023-01-21 11:00:00,entrada
2023-01-21 11:56:19,entrada
2023-01-21 11:48:10,entrada
2023-01-21 11:25:43,entrada
2023-01-21 11:02:05,entrada
2023-01-21 11:42:44,entrada
2023-01-21 11:10:07,entrada
2023-01-21 11:28:09,entrada
2023-01-21 11:33:23,entrada
2023-01-21 11:45:47,entrada
2023-01-21 12:41:03,entrada
2023-01-21 12:43:58,entrada
2023-01-21 12:07:46,entrada
2023-01-21 12:52:54,entrada
2023-01-21 12:18:46,entrada
2023-01-21 12:39:39,entrada
2023-01-21 12:50:08,entrada
2023-01-21 12:29:55,entrada
2023-01-21 12:16:39,entrada
2023-01-21 12:43:58,entrada
2023-01-21 12:14:03,entrada
2023-01-21 12:05:15,entrada
2023-01-21 12:25:56,entrada
2023-01-21 12:36:22,entrada
2023-01-21 12:12:46,entrada
2023-01-21 12:16:56,entrada
2023-01-21 12:53:26,entrada
2023-01-21 12:51:21,entrada
2023-01-21 12:36:18,entrada
2023-01-21 12:38:34,entrada
2023-01-21 12:12:13,entrada
2023-01-21 12:47:30,entrada
2023-01-21 12:44:01,entrada
2023-01-21 12:45:51,entrada
2023-01-21 12:38:36,entrada
2023-01-21 12:13:08,entrada
2023-01-21 13:32:09,entrada
2023-01-21 13:06:36,entrada
2023-01-21 13:31:44,entrada
2023-01-21 13:21:15,entrada
2023-01-21 13:23:51,entrada
2023-01-21 13:53:13,entrada
2023-01-21 13:10:18,entrada
2023-01-21 13:22:33,entrada
2023-01-21 13:59:39,entrada
2023-01-21 13:12:38,entrada
2023-01-21 13:43:27,entrada
2023-01-21 13:39:15,entrada
2023-01-21 13:49:50,entrada
2023-01-21 13:27:03,entrada
2023-01-21 13:27:56,entrada
2023-01-21 13:59:11,entrada
2023-01-21 13:15:52,entrada
2023-01-21 13:53:48,entrada
2023-01-21 13:35:19,entrada
2023-01-21 13:25:55,entrada
2023-01-21 13:55:25,entrada
2023-01-21 13:21:55,entrada
2023-01-21 13:08:04,entrada
2023-01-21 13:16:48,entrada
2023-01-21 13:33:01,entrada
2023-01-21 13:52:54,entrada
2023-01-21 14:09:17,entrada
2023-01-21 14:34:43,entrada
2023-01-21 14:15:49,entrada
2023-01-21 14:48:06,entrada
2023-01-21 14:29:18,entrada
2023-01-21 14:54:59,entrada
2023-01-21 14:22:07,entrada
2023-01-21 14:16:20,entrada
2023-01-21 14:25:56,entrada
2023-01-21 14:27:58,entrada
2023-01-21 14:38:32,entrada
2023-01-21 14:39:18,entrada
2023-01-21 14:28:19,entrada
2023-01-21 14:19:09,entrada
2023-01-21 14:11:55,entrada
2023-01-21 14:32:55,entrada
2023-01-21 14:24:24,entrada
2023-01-21 14:52:03,entrada
2023-01-21 14:03:08,entrada
2023-01-21 14:14:55,entrada
2023-01-21 14:25:14,entrada
2023-01-21 14:25:27,entrada
2023-01-21 15:16:19,entrada
2023-01-21 15:56:12,entrada
2023-01-21 15:43:23,entrada
2023-01-21 15:53:46,entrada
2023-01-21 15:55:36,entrada
2023-01-21 15:06:07,entrada
2023-01-21 15:22:13,entrada
2023-01-21 15:03:20,entrada
2023-01-21 15:45:09,entrada
2023-01-21 15:21:29,entrada
2023-01-21 15:29:59,entrada
2023-01-21 15:15:10,entrada
2023-01-21 15:21:28,entrada
2023-01-21 15:24:57,entrada
2023-01-21 15:13:13,entrada
2023-01-21 15:01:53,entrada
2023-01-21 15:12:02,entrada
2023-01-21 15:29:17,entrada
2023-01-21 15:53:35,entrada
2023-01-21 15:20:52,entrada
2023-01-21 15:18:15,entrada
2023-01-21 15:27:03,entrada
2023-01-21 15:50:54,entrada
2023-01-21 15:14:00,entrada
2023-01-21 15:47:46,entrada
2023-01-21 15:15:53,entrada
2023-01-21 15:19:32,entrada
2023-01-21 15:16:04,entrada
2023-01-21 15:04:57,entrada
2023-01-21 16:23:06,entrada
2023-01-21 16:07:32,entrada
2023-01-21 16:24:00,entrada
2023-01-21 16:02:39,entrada
2023-01-21 16:27:42,entrada
2023-01-21 16:32:45,entrada
2023-01-21 16:00:37,entrada
2023-01-21 16:52:26,entrada
2023-01-21 16:37:34,entrada
2023-01-21 16:09:11,entrada
2023-01-21 16:09:53,entrada
2023-01-21 16:33:23,entrada
2023-01-21 16:27:21,entrada
2023-01-21 16:44:15,entrada
2023-01-21 16:12:35,entrada
2023-01-21 16:35:42,entrada
2023-01-21 16:22:13,entrada
2023-01-21 16:31:02,entrada
2023-01-21 16:26:18,entrada
2023-01-21 17:26:03,entrada
2023-01-21 17:09:38,entrada
2023-01-21 17:32:58,entrada
2023-01-21 17:37:07,entrada
2023-01-21 17:48:23,entrada
2023-01-21 17:38:32,entrada
2023-01-21 17:40:42,entrada
2023-01-21 17:18:01,entrada
2023-01-21 17:54:10,entrada
2023-01-21 17:34:16,entrada
2023-01-21 17:41:02,entrada
2023-01-21 17:21:34,entrada
2023-01-21 17:20:24,entrada
2023-01-21 17:38:01,entrada
2023-01-21 17:00:06,entrada
2023-01-21 17:19:42,entrada
2023-01-21 17:54:05,entrada
2023-01-21 17:54:35,entrada
2023-01-21 17:50:59,entrada
2023-01-21 17:20:50,entrada
2023-01-21 17:45:34,entrada
2023-01-21 17:35:07,entrada
2023-01-21 17:49:03,entrada
2023-01-21 17:42:15,entrada
2023-01-21 18:17:46,entrada
2023-01-21 18:39:17,entrada
2023-01-21 18:55:22,entrada
2023-01-21 18:34:05,entrada
2023-01-21 18:53:25,entrada
2023-01-21 18:20:23,entrada
2023-01-21 18:14:26,entrada
2023-01-21 18:31:11,entrada
2023-01-21 18:04:06,entrada
2023-01-21 18:21:26,entrada
2023-01-21 18:14:38,entrada
2023-01-21 18:44:56,entrada
2023-01-21 18:34:25,entrada
2023-01-21 18:22:12,entrada
2023-01-21 18:25:02,entrada
2023-01-21 18:28:01,entrada
2023-01-21 18:27:22,entrada
2023-01-21 18:35:48,entrada
2023-01-21 18:05:10,entrada
2023-01-21 18:37:53,entrada
2023-01-21 18:33:16,entrada
2023-01-21 18:02:43,entrada
2023-01-21 18:45:33,entrada
2023-01-21 18:21:28,entrada
2023-01-21 18:59:53,entrada
2023-01-21 18:28:04,entrada
2023-01-21 18:09:09,entrada
2023-01-21 18:52:08,entrada
2023-01-21 18:20:12,entrada
2023-01-21 18:09:37,entrada
2023-01-21 19:16:32,entrada
2023-01-21 19:54:28,entrada
2023-01-21 19:52:53,entrada
2023-01-21 19:44:30,entrada
2023-01-21 19:07:29,entrada
2023-01-21 19:12:15,entrada
2023-01-21 19:01:44,entrada
2023-01-21 19:17:34,entrada
2023-01-21 19:44:18,entrada
2023-01-21 19:12:50,entrada
2023-01-21 19:03:18,entrada
2023-01-21 19:49:24,entrada
2023-01-21 19:37:50,entrada
2023-01-21 19:56:30,entrada
2023-01-21 19:35:03,entrada
2023-01-21 19:55:38,entrada
2023-01-21 19:06:57,entrada
2023-01-21 19:54:57,entrada
2023-01-21 19:15:58,entrada
2023-01-21 19:47:04,entrada
2023-01-21 19:46:22,entrada
2023-01-21 19:35:31,entrada
2023-01-21 19:23:24,entrada
2023-01-21 19:44:27,entrada
2023-01-21 19:18:06,entrada
2023-01-21 20:08:14,entrada
2023-01-21 20:08:06,entrada
2023-01-21 20:25:23,entrada
2023-01-21 20:11:59,entrada
2023-01-21 20:19:55,entrada
2023-01-21 20:13:21,entrada
2023-01-21 20:15:28,entrada
2023-01-21 20:31:18,entrada
2023-01-21 20:54:34,entrada
2023-01-21 20:42:31,entrada
2023-01-21 20:54:52,entrada
2023-01-21 20:19:50,entrada
2023-01-21 20:39:19,entrada
2023-01-21 20:07:57,entrada
2023-01-21 20:34:41,entrada
2023-01-21 20:12:40,entrada
2023-01-21 20:05:46,entrada
2023-01-21 20:15:04,entrada
2023-01-21 20:52:44,entrada
2023-01-21 20:50:33,entrada
2023-01-21 20:05:58,entrada
2023-01-21 20:32:14,entrada
2023-01-21 20:14:13,entrada
2023-01-21 20:38:04,entrada
2023-01-21 21:09:20,entrada
2023-01-21 21:57:33,entrada
2023-01-21 21:30:28,entrada
2023-01-21 21:42:42,entrada
2023-01-21 21:10:32,entrada
2023-01-21 21:57:45,entrada
2023-01-21 21:00:20,entrada
2023-01-21 21:22:56,entrada
2023-01-21 21:08:55,entrada
2023-01-21 21:00:20,entrada
2023-01-21 21:21:53,entrada
2023-01-21 21:03:00,entrada
2023-01-21 21:50:09,entrada
2023-01-21 21:14:51,entrada
2023-01-21 21:35:28,entrada
2023-01-21 21:51:45,entrada
2023-01-21 21:04:28,entrada
2023-01-21 21:46:46,entrada
2023-01-21 21:26:24,entrada
2023-01-21 21:15:15,entrada
2023-01-21 21:35:24,entrada
2023-01-21 21:40:00,entrada
2023-01-21 21:04:40,entrada
2023-01-21 21:19:04,entrada
2023-01-21 21:35:28,entrada
2023-01-21 21:47:33,entrada
2023-01-21 21:57:47,entrada
2023-01-22 10:50:18,entrada
2023-01-22 10:01:46,entrada
2023-01-22 10:00:41,entrada
2023-01-22 10:37:53,entrada
2023-01-22 10:12:41,entrada
2023-01-22 10:43:23,entrada
2023-01-22 10:31:29,entrada
2023-01-22 10:05:37,entrada
2023-01-22 10:32:43,entrada
2023-01-22 10:54:22,entrada
2023-01-22 10:09:56,entrada
2023-01-22 10:45:14,entrada
2023-01-22 10:59:22,entrada
2023-01-22 10:55:35,entrada
2023-01-22 10:56:00,entrada
2023-01-22 10:07:02,entrada
2023-01-22 10:13:16,entrada
2023-01-22 10:33:46,entrada
2023-01-22 10:05:04,entrada
2023-01-22 10:45:50,entrada
2023-01-22 10:40:39,entrada
2023-01-22 10:28:34,entrada
2023-01-22 10:17:39,entrada
2023-01-22 11:45:09,entrada
2023-01-22 11:38:54,entrada
2023-01-22 11:59:32,entrada
2023-01-22 11:57:06,entrada
2023-01-22 11:14:25,entrada
2023-01-22 11:10:37,entrada
2023-01-22 11:26:53,entrada
2023-01-22 11:38:06,entrada
2023-01-22 11:00:09,entrada
2023-01-22 11:20:14,entrada
2023-01-22 11:29:29,entrada
2023-01-22 11:07:23,entrada
2023-01-22 11:18:02,entrada
2023-01-22 11:54:14,entrada
2023-01-22 11:35:05,entrada
2023-01-22 11:56:41,entrada
2023-01-22 11:49:47,entrada
2023-01-22 11:17:37,entrada
2023-01-22 12:40:33,entrada
2023-01-22 12:53:58,entrada
2023-01-22 12:28:02,entrada
2023-01-22 12:09:19,entrada
2023-01-22 12:01:26,entrada
2023-01-22 12:31:55,entrada
2023-01-22 12:09:39,entrada
2023-01-22 12:16:57,entrada
2023-01-22 12:53:32,entrada
2023-01-22 12:05:38,entrada
2023-01-22 12:46:17,entrada
2023-01-22 12:08:07,entrada
2023-01-22 12:24:30,entrada
2023-01-22 12:41:03,entrada
2023-01-22 12:19:27,entrada
2023-01-22 12:39:00,entrada
2023-01-22 12:39:54,entrada
2023-01-22 12:43:22,entrada
2023-01-22 12:56:46,entrada
2023-01-22 12:12:15,entrada
2023-01-22 12:25:54,entrada
2023-01-22 12:30:49,entrada
2023-01-22 12:00:16,entrada
2023-01-22 12:15:54,entrada
2023-01-22 12:36:51,entrada
2023-01-22 12:52:09,entrada
2023-01-22 13:17:11,entrada
2023-01-22 13:48:22,entrada
2023-01-22 13:10:08,entrada
2023-01-22 13:53:55,entrada
2023-01-22 13:23:24,entrada
2023-01-22 13:54:24,entrada
2023-01-22 13:46:08,entrada
2023-01-22 13:11:10,entrada
2023-01-22 13:48:37,entrada
2023-01-22 13:27:07,entrada
2023-01-22 13:09:24,entrada
2023-01-22 13:46:35,entrada
2023-01-22 13:49:42,entrada
2023-01-22 13:08:40,entrada
2023-01-22 13:59:07,entrada
2023-01-22 13:02:52,entrada
2023-01-22 13:17:45,entrada
2023-01-22 13:34:16,entrada
2023-01-22 13:35:52,entrada
2023-01-22 13:27:49,entrada
2023-01-22 13:14:18,entrada
2023-01-22 13:59:21,entrada
2023-01-22 13:05:46,entrada
2023-01-22 13:06:43,entrada
2023-01-22 13:47:08,entrada
2023-01-22 13:19:36,entrada
2023-01-22 13:10:01,entrada
2023-01-22 14:02:24,entrada
2023-01-22 14:22:26,entrada
2023-01-22 14:13:37,entrada
2023-01-22 14:31:22,entrada
2023-01-22 14:46:39,entrada
2023-01-22 14:36:02,entrada
2023-01-22 14:34:12,entrada
2023-01-22 14:33:23,entrada
2023-01-22 14:00:11,entrada
2023-01-22 14:07:18,entrada
2023-01-22 14:08:27,entrada
2023-01-22 14:13:59,entrada
2023-01-22 14:26:17,entrada
2023-01-22 14:41:40,entrada
2023-01-22 14:05:32,entrada
2023-01-22 14:36:41,entrada
2023-01-22 14:24:12,entrada
2023-01-22 14:53:22,entrada
2023-01-22 14:35:32,entrada
2023-01-22 14:20:33,entrada
2023-01-22 14:55:35,entrada
2023-01-22 14:16:09,entrada
2023-01-22 14:22:43,entrada
2023-01-22 14:58:01,entrada
2023-01-22 14:34:13,entrada
2023-01-22 14:56:46,entrada
2023-01-22 15:37:55,entrada
2023-01-22 15:44:59,entrada
2023-01-22 15:03:56,entrada
2023-01-22 15:53:36,entrada
2023-01-22 15:18:36,entrada
2023-01-22 15:52:13,entrada
2023-01-22 15:30:27,entrada
2023-01-22 15:59:35,entrada
2023-01-22 15:43:37,entrada
2023-01-22 15:18:41,entrada
2023-01-22 15:00:22,entrada
2023-01-22 15:54:27,entrada
2023-01-22 15:47:03,entrada
2023-01-22 15:40:59,entrada
2023-01-22 15:17:48,entrada
2023-01-22 15:46:50,entrada
2023-01-22 15:38:24,entrada
2023-01-22 15:17:05,entrada
2023-01-22 15:18:52,entrada
2023-01-22 15:11:24,entrada
2023-01-22 15:34:00,entrada
2023-01-22 15:04:00,entrada
2023-01-22 16:05:31,entrada
2023-01-22 16:38:47,entrada
2023-01-22 16:12:58,entrada
2023-01-22 16:02:55,entrada
2023-01-22 16:55:40,entrada
2023-01-22 16:55:34,entrada
2023-01-22 16:37:56,entrada
2023-01-22 16:16:02,entrada
2023-01-22 16:33:11,entrada
2023-01-22 16:23:05,entrada
2023-01-22 16:41:10,entrada
2023-01-22 16:47:26,entrada
2023-01-22 16:47:23,entrada
2023-01-22 16:17:26,entrada
2023-01-22 16:53:54,entrada
2023-01-22 16:55:40,entrada
2023-01-22 16:20:58,entrada
2023-01-22 16:50:33,entrada
2023-01-22 16:55:32,entrada
2023-01-22 16:57:47,entrada
2023-01-22 16:53:17,entrada
2023-01-22 16:02:23,entrada
2023-01-22 16:00:05,entrada
2023-01-22 16:18:21,entrada
2023-01-22 16:50:42,entrada
2023-01-22 16:58:07,entrada
2023-01-22 17:14:13,entrada
2023-01-22 17:30:28,entrada
2023-01-22 17:26:20,entrada
2023-01-22 17:08:19,entrada
2023-01-22 17:34:57,entrada
2023-01-22 17:14:23,entrada
2023-01-22 17:48:56,entrada
2023-01-22 17:15:35,entrada
2023-01-22 17:10:56,entrada
2023-01-22 17:07:02,entrada
2023-01-22 17:18:45,entrada
2023-01-22 17:40:02,entrada
2023-01-22 17:35:24,entrada
2023-01-22 17:59:35,entrada
2023-01-22 17:10:50,entrada
2023-01-22 17:15:54,entrada
2023-01-22 17:53:16,entrada
2023-01-22 17:41:23,entrada
2023-01-22 17:16:47,entrada
2023-01-22 17:19:21,entrada
2023-01-22 17:05:06,entrada
2023-01-22 17:13:10,entrada
2023-01-22 17:11:45,entrada
2023-01-22 17:04:04,entrada
2023-01-22 17:19:53,entrada
2023-01-22 17:54:57,entrada
2023-01-22 18:33:30,entrada
2023-01-22 18:54:11,entrada
2023-01-22 18:11:15,entrada
2023-01-22 18:24:21,entrada
2023-01-22 18:26:23,entrada
2023-01-22 18:11:52,entrada
2023-01-22 18:17:44,entrada
2023-01-22 18:46:15,entrada
2023-01-22 18:03:11,entrada
2023-01-22 18:48:32,entrada
2023-01-22 18:21:17,entrada
2023-01-22 18:53:47,entrada
2023-01-22 18:32:26,entrada
2023-01-22 18:41:18,entrada
2023-01-22 18:47:13,entrada
2023-01-22 18:24:33,entrada
2023-01-22 18:23:37,entrada
2023-01-22 18:59:53,entrada
2023-01-22 18:22:04,entrada
2023-01-22 18:43:58,entrada
2023-01-22 18:35:53,entrada
2023-01-22 18:23:35,entrada
2023-01-22 18:04:38,entrada
2023-01-22 18:05:44,entrada
2023-01-22 18:35:44,entrada
2023-01-22 18:03:09,entrada
2023-01-22 19:43:59,entrada
2023-01-22 19:49:38,entrada
2023-01-22 19:04:41,entrada
2023-01-22 19:31:05,entrada
2023-01-22 19:58:13,entrada
2023-01-22 19:05:13,entrada
2023-01-22 19:11:26,entrada
2023-01-22 19:53:25,entrada
2023-01-22 19:11:07,entrada
2023-01-22 19:09:15,entrada
2023-01-22 19:51:25,entrada
2023-01-22 19:07:40,entrada
2023-01-22 19:44:28,entrada
2023-01-22 19:19:16,entrada
2023-01-22 19:18:16,entrada
2023-01-22 19:38:59,entrada
2023-01-22 19:00:58,entrada
2023-01-22 20:48:47,entrada
2023-01-22 20:17:06,entrada
2023-01-22 20:00:27,entrada
2023-01-22 20:32:49,entrada
2023-01-22 20:03:54,entrada
2023-01-22 20:19:52,entrada
2023-01-22 20:51:35,entrada
2023-01-22 20:56:30,entrada
2023-01-22 20:37:27,entrada
2023-01-22 20:02:05,entrada
2023-01-22 20:44:22,entrada
2023-01-22 20:06:55,entrada
2023-01-22 20:35:00,entrada
2023-01-22 20:05:23,entrada
2023-01-22 20:36:44,entrada
2023-01-22 20:50:35,entrada
2023-01-22 20:23:37,entrada
2023-01-22 20:44:28,entrada
2023-01-22 20:36:44,entrada
2023-01-22 20:31:24,entrada
2023-01-22 21:53:39,entrada
2023-01-22 21:01:03,entrada
2023-01-22 21:49:27,entrada
2023-01-22 21:27:24,entrada
2023-01-22 21:25:44,entrada
2023-01-22 21:46:01,entrada
2023-01-22 21:41:33,entrada
2023-01-22 21:29:20,entrada
2023-01-22 21:43:36,entrada
2023-01-22 21:43:22,entrada
2023-01-22 21:32:59,entrada
2023-01-22 21:01:26,entrada
2023-01-22 21:47:58,entrada
2023-01-22 21:21:33,entrada
2023-01-22 21:15:19,entrada
2023-01-22 21:25:15,entrada
2023-01-22 21:05:44,entrada
2023-01-22 21:43:22,entrada
2023-01-22 21:41:36,entrada
2023-01-23 10:02:35,entrada
2023-01-23 10:48:02,entrada
2023-01-23 10:54:03,entrada
2023-01-23 10:30:01,entrada
2023-01-23 10:13:36,entrada
2023-01-23 10:30:52,entrada
2023-01-23 10:01:30,entrada
2023-01-23 10:46:42,entrada
2023-01-23 10:21:09,entrada
2023-01-23 10:51:29,entrada
2023-01-23 10:32:18,entrada
2023-01-23 10:45:24,entrada
2023-01-23 10:57:54,entrada
2023-01-23 10:53:45,entrada
2023-01-23 10:00:31,entrada
2023-01-23 10:24:40,entrada
2023-01-23 10:16:13,entrada
2023-01-23 10:44:12,entrada
2023-01-23 10:37:38,entrada
2023-01-23 10:01:31,entrada
2023-01-23 10:31:57,entrada
2023-01-23 10:39:55,entrada
2023-01-23 10:05:24,entrada
2023-01-23 10:02:17,entrada
2023-01-23 10:49:53,entrada
2023-01-23 10:54:37,entrada
2023-01-23 10:42:02,entrada
2023-01-23 10:47:04,entrada
2023-01-23 11:22:11,entrada
2023-01-23 11:53:50,entrada
2023-01-23 11:27:14,entrada
2023-01-23 11:18:11,entrada
2023-01-23 11:49:47,entrada
2023-01-23 11:01:10,entrada
2023-01-23 11:43:36,entrada
2023-01-23 11:58:58,entrada
2023-01-23 11:55:37,entrada
2023-01-23 11:24:42,entrada
2023-01-23 11:20:41,entrada
2023-01-23 11:35:08,entrada
2023-01-23 11:11:09,entrada
2023-01-23 11:58:45,entrada
2023-01-23 11:04:32,entrada
2023-01-23 11:04:15,entrada
2023-01-23 12:45:31,entrada
2023-01-23 12:09:26,entrada
2023-01-23 12:50:07,entrada
2023-01-23 12:50:35,entrada
2023-01-23 12:41:54,entrada
2023-01-23 12:34:35,entrada
2023-01-23 12:47:55,entrada
2023-01-23 12:35:24,entrada
2023-01-23 12:19:51,entrada
2023-01-23 12:44:52,entrada
2023-01-23 12:16:22,entrada
2023-01-23 12:24:47,entrada
2023-01-23 12:59:56,entrada
2023-01-23 12:48:30,entrada
2023-01-23 12:05:34,entrada
2023-01-23 12:51:55,entrada
2023-01-23 12:03:39,entrada
2023-01-23 12:19:40,entrada
2023-01-23 12:53:00,entrada
2023-01-23 12:44:25,entrada
2023-01-23 12:33:54,entrada
2023-01-23 12:09:22,entrada
2023-01-23 12:50:48,entrada
2023-01-23 12:23:12,entrada
2023-01-23 12:28:57,entrada
2023-01-23 12:45:26,entrada
2023-01-23 12:30:42,entrada
2023-01-23 13:20:20,entrada
2023-01-23 13:07:00,entrada
2023-01-23 13:37:57,entrada
2023-01-23 13:12:08,entrada
2023-01-23 13:27:05,entrada
2023-01-23 13:46:22,entrada
2023-01-23 13:47:35,entrada
2023-01-23 13:59:57,entrada
2023-01-23 13:16:08,entrada
2023-01-23 13:11:21,entrada
2023-01-23 13:50:51,entrada
2023-01-23 13:57:11,entrada
2023-01-23 13:53:05,entrada
2023-01-23 13:43:08,entrada
2023-01-23 13:51:36,entrada
2023-01-23 13:52:02,entrada
2023-01-23 13:33:07,entrada
2023-01-23 13:09:46,entrada
2023-01-23 13:40:41,entrada
2023-01-23 13:42:08,entrada
2023-01-23 13:13:36,entrada
2023-01-23 13:26:40,entrada
2023-01-23 13:31:03,entrada
2023-01-23 13:01:50,entrada
2023-01-23 13:32:20,entrada
2023-01-23 13:00:43,entrada
2023-01-23 13:10:00,entrada
2023-01-23 13:45:58,entrada
2023-01-23 13:10:06,entrada
2023-01-23 13:01:14,entrada
2023-01-23 14:32:04,entrada
2023-01-23 14:36:39,entrada
2023-01-23 14:21:21,entrada
2023-01-23 14:21:51,entrada
2023-01-23 14:14:16,entrada
2023-01-23 14:50:44,entrada
2023-01-23 14:57:27,entrada
2023-01-23 14:58:21,entrada
2023-01-23 14:20:41,entrada
2023-01-23 14:16:04,entrada
2023-01-23 14:17:16,entrada
2023-01-23 14:03:53,entrada
2023-01-23 14:06:24,entrada
2023-01-23 14:36:39,entrada
2023-01-23 14:39:42,entrada
2023-01-23 14:08:18,entrada
2023-01-23 14:50:08,entrada
2023-01-23 14:22:30,entrada
2023-01-23 14:31:51,entrada
2023-01-23 14:30:16,entrada
2023-01-23 14:47:38,entrada
2023-01-23 14:57:21,entrada
2023-01-23 14:34:29,entrada
2023-01-23 14:52:50,entrada
2023-01-23 14:39:36,entrada
2023-01-23 14:25:57,entrada
2023-01-23 14:05:33,entrada
2023-01-23 14:55:31,entrada
2023-01-23 14:24:50,entrada
2023-01-23 14:12:37,entrada
2023-01-23 14:37:01,entrada
2023-01-23 15:47:29,entrada
2023-01-23 15:20:23,entrada
2023-01-23 15:20:25,entrada
2023-01-23 15:50:56,entrada
2023-01-23 15:49:50,entrada
2023-01-23 15:59:35,entrada
2023-01-23 15:25:32,entrada
2023-01-23 15:58:35,entrada
2023-01-23 15:03:08,entrada
2023-01-23 15:07:01,entrada
2023-01-23 15:28:22,entrada
2023-01-23 15:05:54,entrada
2023-01-23 15:42:35,entrada
2023-01-23 15:45:20,entrada
2023-01-23 15:21:08,entrada
2023-01-23 15:33:58,entrada
2023-01-23 15:56:25,entrada
2023-01-23 15:00:35,entrada
2023-01-23 15:43:04,entrada
2023-01-23 15:40:21,entrada
2023-01-23 15:03:47,entrada
2023-01-23 15:01:15,entrada
2023-01-23 15:15:52,entrada
2023-01-23 15:55:55,entrada
2023-01-23 15:21:42,entrada
2023-01-23 15:00:14,entrada
2023-01-23 15:23:03,entrada
2023-01-23 15:17:16,entrada
2023-01-23 15:06:49,entrada
2023-01-23 15:44:51,entrada
2023-01-23 15:51:09,entrada
2023-01-23 16:42:08,entrada
2023-01-23 16:09:26,entrada
2023-01-23 16:05:14,entrada
2023-01-23 16:41:30,entrada
2023-01-23 16:21:52,entrada
2023-01-23 16:05:32,entrada
2023-01-23 16:28:20,entrada
2023-01-23 16:59:53,entrada
2023-01-23 16:55:51,entrada
2023-01-23 16:29:20,entrada
2023-01-23 16:35:54,entrada
2023-01-23 16:57:21,entrada
2023-01-23 16:45:19,entrada
2023-01-23 16:21:51,entrada
2023-01-23 16:59:39,entrada
2023-01-23 16:10:46,entrada
2023-01-23 16:30:50,entrada
2023-01-23 16:39:12,entrada
2023-01-23 16:17:21,entrada
2023-01-23 16:55:16,entrada
2023-01-23 16:37:24,entrada
2023-01-23 16:31:14,entrada
2023-01-23 16:12:57,entrada
2023-01-23 16:25:49,entrada
2023-01-23 16:10:12,entrada
2023-01-23 16:32:49,entrada
2023-01-23 17:51:11,entrada
2023-01-23 17:18:31,entrada
2023-01-23 17:10:37,entrada
2023-01-23 17:32:01,entrada
2023-01-23 17:54:14,entrada
2023-01-23 17:35:04,entrada
2023-01-23 17:14:42,entrada
2023-01-23 17:09:16,entrada
2023-01-23 17:33:51,entrada
2023-01-23 17:23:09,entrada
2023-01-23 17:51:29,entrada
2023-01-23 17:02:50,entrada
2023-01-23 17:59:36,entrada
2023-01-23 17:02:39,entrada
2023-01-23 17:04:27,entrada
2023-01-23 17:43:13,entrada
2023-01-23 18:16:41,entrada
2023-01-23 18:28:59,entrada
2023-01-23 18:02:20,entrada
2023-01-23 18:56:07,entrada
2023-01-23 18:13:57,entrada
2023-01-23 18:38:15,entrada
2023-01-23 18:17:30,entrada
2023-01-23 18:10:37,entrada
2023-01-23 18:19:52,entrada
2023-01-23 18:45:52,entrada
2023-01-23 18:44:03,entrada
2023-01-23 18:19:30,entrada
2023-01-23 18:19:10,entrada
2023-01-23 18:49:00,entrada
2023-01-23 18:43:17,entrada
2023-01-23 18:38:43,entrada
2023-01-23 18:32:53,entrada
2023-01-23 18:35:17,entrada
2023-01-23 18:46:30,entrada
2023-01-23 18:34:38,entrada
2023-01-23 18:37:14,entrada
2023-01-23 18:46:05,entrada
2023-01-23 18:07:39,entrada
2023-01-23 19:40:29,entrada
2023-01-23 19:47:38,entrada
2023-01-23 19:56:26,entrada
2023-01-23 19:56:41,entrada
2023-01-23 19:36:06,entrada
2023-01-23 19:04:14,entrada
2023-01-23 19:50:41,entrada
2023-01-23 19:07:55,entrada
2023-01-23 19:08:10,entrada
2023-01-23 19:59:21,entrada
2023-01-23 19:33:34,entrada
2023-01-23 19:12:10,entrada
2023-01-23 19:59:31,entrada
2023-01-23 19:41:58,entrada
2023-01-23 20:38:09,entrada
2023-01-23 20:20:05,entrada
2023-01-23 20:48:00,entrada
2023-01-23 20:33:58,entrada
2023-01-23 20:13:35,entrada
2023-01-23 20:26:08,entrada
2023-01-23 20:54:05,entrada
2023-01-23 20:30:16,entrada
2023-01-23 20:52:42,entrada
2023-01-23 20:59:35,entrada
2023-01-23 20:20:26,entrada
2023-01-23 20:40:27,entrada
2023-01-23 20:15:34,entrada
2023-01-23 20:35:55,entrada
2023-01-23 20:34:44,entrada
2023-01-23 20:18:56,entrada
2023-01-23 20:20:57,entrada
2023-01-23 20:32:22,entrada
2023-01-23 20:54:05,entrada
2023-01-23 20:31:21,entrada
2023-01-23 20:02:34,entrada
2023-01-23 20:15:41,entrada
2023-01-23 20:58:24,entrada
2023-01-23 20:16:38,entrada
2023-01-23 20:12:27,entrada
2023-01-23 21:03:54,entrada
2023-01-23 21:53:46,entrada
2023-01-23 21:26:24,entrada
2023-01-23 21:54:27,entrada
2023-01-23 21:52:21,entrada
2023-01-23 21:41:24,entrada
2023-01-23 21:16:58,entrada
2023-01-23 21:56:53,entrada
2023-01-23 21:43:51,entrada
2023-01-23 21:11:15,entrada
2023-01-23 21:36:15,entrada
2023-01-23 21:16:54,entrada
2023-01-23 21:30:14,entrada
2023-01-23 21:12:39,entrada
2023-01-23 21:26:20,entrada
2023-01-23 21:01:07,entrada
2023-01-23 21:41:06,entrada
2023-01-23 21:09:56,entrada
2023-01-23 21:03:42,entrada
2023-01-23 21:40:35,entrada
2023-01-23 21:34:42,entrada
2023-01-23 21:02:57,entrada
2023-01-23 21:17:57,entrada
2023-01-23 21:50:45,entrada
2023-01-23 21:55:42,entrada
2023-01-23 21:23:31,entrada
2023-01-23 21:33:58,entrada
2023-01-23 21:01:01,entrada
2023-01-23 21:09:22,entrada
2023-01-23 21:14:53,entrada
2023-01-24 10:08:17,entrada
2023-01-24 10:18:38,entrada
2023-01-24 10:03:05,entrada
2023-01-24 10:50:32,entrada
2023-01-24 10:31:15,entrada
2023-01-24 10:10:21,entrada
2023-01-24 10:35:49,entrada
2023-01-24 10:22:25,entrada
2023-01-24 10:59:30,entrada
2023-01-24 10:28:04,entrada
2023-01-24 10:53:37,entrada
2023-01-24 10:24:59,entrada
2023-01-24 10:33:11,entrada
2023-01-24 10:21:08,entrada
2023-01-24 10:59:19,entrada
2023-01-24 10:28:43,entrada
2023-01-24 10:28:44,entrada
2023-01-24 10:26:53,entrada
2023-01-24 10:54:16,entrada
2023-01-24 10:04:51,entrada
2023-01-24 10:44:12,entrada
2023-01-24 10:41:14,entrada
2023-01-24 10:14:17,entrada
2023-01-24 10:49:01,entrada
2023-01-24 10:22:42,entrada
2023-01-24 10:12:42,entrada
2023-01-24 10:03:46,entrada
2023-01-24 11:41:55,entrada
2023-01-24 11:51:45,entrada
2023-01-24 11:35:56,entrada
2023-01-24 11:42:02,entrada
2023-01-24 11:22:16,entrada
2023-01-24 11:06:25,entrada
2023-01-24 11:42:17,entrada
2023-01-24 11:59:45,entrada
2023-01-24 11:45:05,entrada
2023-01-24 11:30:28,entrada
2023-01-24 11:08:53,entrada
2023-01-24 11:34:16,entrada
2023-01-24 11:59:11,entrada
2023-01-24 11:35:51,entrada
2023-01-24 11:47:23,entrada
2023-01-24 11:09:57,entrada
2023-01-24 11:29:28,entrada
2023-01-24 11:38:09,entrada
2023-01-24 11:38:54,entrada
2023-01-24 11:27:17,entrada
2023-01-24 11:40:53,entrada
2023-01-24 11:49:16,entrada
2023-01-24 11:10:00,entrada
2023-01-24 12:34:54,entrada
2023-01-24 12:27:36,entrada
2023-01-24 12:46:59,entrada
2023-01-24 12:08:01,entrada
2023-01-24 12:02:57,entrada
2023-01-24 12:52:43,entrada
2023-01-24 12:47:04,entrada
2023-01-24 12:09:27,entrada
2023-01-24 12:14:13,entrada
2023-01-24 12:45:22,entrada
2023-01-24 12:12:15,entrada
2023-01-24 12:29:39,entrada
2023-01-24 12:07:16,entrada
2023-01-24 12:29:16,entrada
2023-01-24 12:34:00,entrada
2023-01-24 12:48:57,entrada
2023-01-24 12:23:47,entrada
2023-01-24 12:48:24,entrada
2023-01-24 12:01:24,entrada
2023-01-24 12:13:38,entrada
2023-01-24 12:56:50,entrada
2023-01-24 12:32:16,entrada
2023-01-24 12:58:30,entrada
2023-01-24 12:09:05,entrada
2023-01-24 12:38:24,entrada
2023-01-24 12:37:36,entrada
2023-01-24 12:29:33,entrada
2023-01-24 12:17:23,entrada
2023-01-24 12:48:55,entrada
2023-01-24 12:26:57,entrada
2023-01-24 12:26:54,entrada
2023-01-24 12:38:20,entrada
2023-01-24 13:10:45,entrada
2023-01-24 13:17:38,entrada
2023-01-24 13:04:15,entrada
2023-01-24 13:10:53,entrada
2023-01-24 13:34:47,entrada
2023-01-24 13:10:41,entrada
2023-01-24 13:22:54,entrada
2023-01-24 13:33:47,entrada
2023-01-24 13:16:09,entrada
2023-01-24 13:17:43,entrada
2023-01-24 13:07:58,entrada
2023-01-24 13:25:02,entrada
2023-01-24 13:58:51,entrada
2023-01-24 13:23:02,entrada
2023-01-24 13:37:01,entrada
2023-01-24 13:34:16,entrada
2023-01-24 13:08:35,entrada
2023-01-24 13:21:30,entrada
2023-01-24 13:54:33,entrada
2023-01-24 13:23:59,entrada
2023-01-24 14:14:38,entrada
2023-01-24 14:34:44,entrada
2023-01-24 14:09:54,entrada
2023-01-24 14:01:43,entrada
2023-01-24 14:59:23,entrada
2023-01-24 14:27:21,entrada
2023-01-24 14:43:31,entrada
2023-01-24 14:30:18,entrada
2023-01-24 14:50:20,entrada
2023-01-24 14:02:05,entrada
2023-01-24 14:31:01,entrada
2023-01-24 14:23:44,entrada
2023-01-24 14:58:59,entrada
2023-01-24 14:26:08,entrada
2023-01-24 14:12:54,entrada
2023-01-24 14:13:50,entrada
2023-01-24 14:10:13,entrada
2023-01-24 14:15:09,entrada
2023-01-24 14:19:15,entrada
2023-01-24 14:59:57,entrada
2023-01-24 14:33:56,entrada
2023-01-24 14:15:13,entrada
2023-01-24 14:52:27,entrada
2023-01-24 14:17:25,entrada
2023-01-24 14:37:06,entrada
2023-01-24 14:44:33,entrada
2023-01-24 14:46:48,entrada
2023-01-24 14:44:06,entrada
2023-01-24 14:32:34,entrada
2023-01-24 14:51:49,entrada
2023-01-24 14:38:20,entrada
2023-01-24 14:48:27,entrada
2023-01-24 14:31:43,entrada
2023-01-24 15:07:05,entrada
2023-01-24 15:10:28,entrada
2023-01-24 15:57:40,entrada
2023-01-24 15:57:04,entrada
2023-01-24 15:06:21,entrada
2023-01-24 15:58:46,entrada
2023-01-24 15:52:53,entrada
2023-01-24 15:03:31,entrada
2023-01-24 15:18:44,entrada
2023-01-24 15:32:00,entrada
2023-01-24 15:53:45,entrada
2023-01-24 15:40:55,entrada
2023-01-24 15:43:49,entrada
2023-01-24 15:40:07,entrada
2023-01-24 15:31:29,entrada
2023-01-24 15:45:27,entrada
2023-01-24 15:40:51,entrada
2023-01-24 15:31:24,entrada
2023-01-24 15:33:32,entrada
2023-01-24 15:12:24,entrada
2023-01-24 15:41:39,entrada
2023-01-24 15:38:55,entrada
2023-01-24 15:43:48,entrada
2023-01-24 15:56:43,entrada
2023-01-24 15:47:09,entrada
2023-01-24 15:58:56,entrada
2023-01-24 15:30:43,entrada
2023-01-24 15:10:24,entrada
2023-01-24 15:45:53,entrada
2023-01-24 15:51:44,entrada
2023-01-24 15:33:58,entrada
2023-01-24 16:18:19,entrada
2023-01-24 16:41:29,entrada
2023-01-24 16:25:30,entrada
2023-01-24 16:34:02,entrada
2023-01-24 16:55:39,entrada
2023-01-24 16:28:05,entrada
2023-01-24 16:51:00,entrada
2023-01-24 16:51:23,entrada
2023-01-24 16:37:33,entrada
2023-01-24 16:50:59,entrada
2023-01-24 16:06:10,entrada
2023-01-24 16:10:35,entrada
2023-01-24 16:19:15,entrada
2023-01-24 16:04:23,entrada
2023-01-24 16:29:29,entrada
2023-01-24 16:38:56,entrada
2023-01-24 16:47:46,entrada
2023-01-24 16:36:32,entrada
2023-01-24 16:19:53,entrada
2023-01-24 16:21:40,entrada
2023-01-24 16:57:20,entrada
2023-01-24 16:36:53,entrada
2023-01-24 16:26:37,entrada
2023-01-24 17:54:06,entrada
2023-01-24 17:05:05,entrada
2023-01-24 17:12:47,entrada
2023-01-24 17:12:01,entrada
2023-01-24 17:18:50,entrada
2023-01-24 17:18:49,entrada
2023-01-24 17:56:37,entrada
2023-01-24 17:01:50,entrada
2023-01-24 17:25:05,entrada
2023-01-24 17:19:22,entrada
2023-01-24 17:53:14,entrada
2023-01-24 17:05:27,entrada
2023-01-24 17:34:10,entrada
2023-01-24 17:07:56,entrada
2023-01-24 17:53:49,entrada
2023-01-24 17:48:50,entrada
2023-01-24 17:50:23,entrada
2023-01-24 17:20:48,entrada
2023-01-24 17:58:35,entrada
2023-01-24 17:06:04,entrada
2023-01-24 17:57:28,entrada
2023-01-24 17:15:05,entrada
2023-01-24 17:13:57,entrada
2023-01-24 17:51:01,entrada
2023-01-24 18:15:50,entrada
2023-01-24 18:12:54,entrada
2023-01-24 18:21:22,entrada
2023-01-24 18:35:42,entrada
2023-01-24 18:49:49,entrada
2023-01-24 18:09:16,entrada
2023-01-24 18:29:12,entrada
2023-01-24 18:29:56,entrada
2023-01-24 18:45:29,entrada
2023-01-24 18:06:09,entrada
2023-01-24 18:34:01,entrada
2023-01-24 18:29:18,entrada
2023-01-24 18:38:36,entrada
2023-01-24 18:59:02,entrada
2023-01-24 18:24:33,entrada
2023-01-24 18:54:57,entrada
2023-01-24 18:21:37,entrada
2023-01-24 18:13:38,entrada
2023-01-24 18:53:01,entrada
2023-01-24 18:31:42,entrada
2023-01-24 18:52:02,entrada
2023-01-24 18:40:07,entrada
2023-01-24 18:25:31,entrada
2023-01-24 18:10:49,entrada
2023-01-24 18:00:14,entrada
2023-01-24 18:03:03,entrada
2023-01-24 18:27:09,entrada
2023-01-24 18:10:49,entrada
2023-01-24 19:44:29,entrada
2023-01-24 19:42:34,entrada
2023-01-24 19:21:09,entrada
2023-01-24 19:10:37,entrada
2023-01-24 19:32:05,entrada
2023-01-24 19:36:06,entrada
2023-01-24 19:53:43,entrada
2023-01-24 19:11:06,entrada
2023-01-24 19:01:59,entrada
2023-01-24 19:00:22,entrada
2023-01-24 19:24:17,entrada
2023-01-24 19:43:06,entrada
2023-01-24 19:50:53,entrada
2023-01-24 19:02:28,entrada
2023-01-24 19:09:58,entrada
2023-01-24 19:58:42,entrada
2023-01-24 19:04:33,entrada
2023-01-24 19:07:13,entrada
2023-01-24 19:39:54,entrada
2023-01-24 19:05:00,entrada
2023-01-24 19:55:32,entrada
2023-01-24 19:39:10,entrada
2023-01-24 19:49:23,entrada
2023-01-24 19:09:43,entrada
2023-01-24 19:51:22,entrada
2023-01-24 19:15:36,entrada
2023-01-24 19:15:55,entrada
2023-01-24 19:43:30,entrada
2023-01-24 20:21:49,entrada
2023-01-24 20:15:27,entrada
2023-01-24 20:27:54,entrada
2023-01-24 20:21:55,entrada
2023-01-24 20:05:24,entrada
2023-01-24 20:41:01,entrada
2023-01-24 20:06:52,entrada
2023-01-24 20:16:34,entrada
2023-01-24 20:19:43,entrada
2023-01-24 20:01:06,entrada
2023-01-24 20:31:48,entrada
2023-01-24 20:18:11,entrada
2023-01-24 20:08:26,entrada
2023-01-24 20:13:01,entrada
2023-01-24 20:20:03,entrada
2023-01-24 20:59:50,entrada
2023-01-24 20:20:47,entrada
2023-01-24 20:21:48,entrada
2023-01-24 20:01:16,entrada
2023-01-24 20:18:39,entrada
2023-01-24 20:23:19,entrada
2023-01-24 20:37:11,entrada
2023-01-24 20:24:22,entrada
2023-01-24 21:16:25,entrada
2023-01-24 21:45:26,entrada
2023-01-24 21:42:27,entrada
2023-01-24 21:19:05,entrada
2023-01-24 21:07:31,entrada
2023-01-24 21:18:31,entrada
2023-01-24 21:18:23,entrada
2023-01-24 21:23:55,entrada
2023-01-24 21:16:55,entrada
2023-01-24 21:55:17,entrada
2023-01-24 21:11:40,entrada
2023-01-24 21:22:55,entrada
2023-01-24 21:47:17,entrada
2023-01-24 21:15:15,entrada
2023-01-24 21:35:22,entrada
2023-01-24 21:21:38,entrada
2023-01-24 21:32:23,entrada
2023-01-24 21:54:19,entrada
2023-01-24 21:32:30,entrada
2023-01-24 21:39:57,entrada
2023-01-24 21:54:07,entrada
2023-01-24 21:09:00,entrada
2023-01-24 21:20:24,entrada
2023-01-24 21:31:52,entrada
2023-01-24 21:45:45,entrada
2023-01-24 21:09:59,entrada
2023-01-24 21:50:56,entrada
2023-01-24 21:47:08,entrada
2023-01-24 21:19:47,entrada
2023-01-25 10:02:29,entrada
2023-01-25 10:44:16,entrada
2023-01-25 10:49:57,entrada
2023-01-25 10:57:31,entrada
2023-01-25 10:45:56,entrada
2023-01-25 10:06:38,entrada
2023-01-25 10:13:57,entrada
2023-01-25 10:55:14,entrada
2023-01-25 10:43:11,entrada
2023-01-25 10:07:15,entrada
2023-01-25 10:40:33,entrada
2023-01-25 10:45:23,entrada
2023-01-25 10:55:28,entrada
2023-01-25 10:15:04,entrada
2023-01-25 10:04:51,entrada
2023-01-25 10:29:52,entrada
2023-01-25 10:49:49,entrada
2023-01-25 10:04:42,entrada
2023-01-25 10:12:34,entrada
2023-01-25 10:48:24,entrada
2023-01-25 10:49:13,entrada
2023-01-25 10:43:45,entrada
2023-01-25 10:25:17,entrada
2023-01-25 10:19:33,entrada
2023-01-25 10:06:46,entrada
2023-01-25 10:59:09,entrada
2023-01-25 11:15:56,entrada
2023-01-25 11:41:04,entrada
2023-01-25 11:13:23,entrada
2023-01-25 11:50:03,entrada
2023-01-25 11:51:47,entrada
2023-01-25 11:23:46,entrada
2023-01-25 11:59:08,entrada
2023-01-25 11:02:54,entrada
2023-01-25 11:08:17,entrada
2023-01-25 11:35:18,entrada
2023-01-25 11:23:03,entrada
2023-01-25 11:08:32,entrada
2023-01-25 11:00:51,entrada
2023-01-25 11:50:34,entrada
2023-01-25 11:09:11,entrada
2023-01-25 11:17:13,entrada
2023-01-25 11:09:09,entrada
2023-01-25 11:17:23,entrada
2023-01-25 11:00:29,entrada
2023-01-25 11:14:07,entrada
2023-01-25 11:57:34,entrada
2023-01-25 11:17:40,entrada
2023-01-25 11:15:20,entrada
2023-01-25 11:14:04,entrada
2023-01-25 11:44:53,entrada
2023-01-25 11:51:06,entrada
2023-01-25 12:43:43,entrada
2023-01-25 12:29:54,entrada
2023-01-25 12:19:57,entrada
2023-01-25 12:36:15,entrada
2023-01-25 12:30:28,entrada
2023-01-25 12:05:28,entrada
2023-01-25 12:31:08,entrada
2023-01-25 12:36:52,entrada
2023-01-25 12:22:15,entrada
2023-01-25 12:17:18,entrada
2023-01-25 12:43:01,entrada
2023-01-25 12:57:09,entrada
2023-01-25 12:11:45,entrada
2023-01-25 12:17:18,entrada
2023-01-25 12:37:36,entrada
2023-01-25 12:26:47,entrada
2023-01-25 12:13:44,entrada
2023-01-25 12:52:33,entrada
2023-01-25 12:01:43,entrada
2023-01-25 12:32:18,entrada
2023-01-25 12:59:59,entrada
2023-01-25 12:26:47,entrada
2023-01-25 12:29:06,entrada
2023-01-25 12:26:20,entrada
2023-01-25 12:06:47,entrada
2023-01-25 13:46:19,entrada
2023-01-25 13:51:51,entrada
2023-01-25 13:38:48,entrada
2023-01-25 13:39:27,entrada
2023-01-25 13:12:25,entrada
2023-01-25 13:15:24,entrada
2023-01-25 13:09:28,entrada
2023-01-25 13:45:37,entrada
2023-01-25 13:19:53,entrada
2023-01-25 13:25:31,entrada
2023-01-25 13:38:37,entrada
2023-01-25 13:58:48,entrada
2023-01-25 13:52:23,entrada
2023-01-25 13:30:39,entrada
2023-01-25 13:11:57,entrada
2023-01-25 13:56:35,entrada
2023-01-25 13:09:05,entrada
2023-01-25 13:06:52,entrada
2023-01-25 13:30:26,entrada
2023-01-25 13:07:02,entrada
2023-01-25 13:39:46,entrada
2023-01-25 13:20:00,entrada
2023-01-25 13:44:53,entrada
2023-01-25 14:19:51,entrada
2023-01-25 14:05:32,entrada
2023-01-25 14:27:49,entrada
2023-01-25 14:37:29,entrada
2023-01-25 14:45:42,entrada
2023-01-25 14:16:08,entrada
2023-01-25 14:27:53,entrada
2023-01-25 14:06:45,entrada
2023-01-25 14:27:16,entrada
2023-01-25 14:39:59,entrada
2023-01-25 14:47:43,entrada
2023-01-25 14:43:59,entrada
2023-01-25 14:59:04,entrada
2023-01-25 14:04:13,entrada
2023-01-25 14:05:06,entrada
2023-01-25 14:54:52,entrada
2023-01-25 14:16:58,entrada
2023-01-25 14:08:30,entrada
2023-01-25 14:21:44,entrada
2023-01-25 14:08:58,entrada
2023-01-25 14:15:35,entrada
2023-01-25 14:33:44,entrada
2023-01-25 14:12:18,entrada
2023-01-25 14:11:35,entrada
2023-01-25 14:09:15,entrada
2023-01-25 14:27:55,entrada
2023-01-25 14:18:39,entrada
2023-01-25 14:05:03,entrada
2023-01-25 15:41:16,entrada
2023-01-25 15:39:57,entrada
2023-01-25 15:47:13,entrada
2023-01-25 15:09:44,entrada
2023-01-25 15:32:41,entrada
2023-01-25 15:53:11,entrada
2023-01-25 15:31:48,entrada
2023-01-25 15:23:13,entrada
2023-01-25 15:04:50,entrada
2023-01-25 15:04:46,entrada
2023-01-25 15:31:44,entrada
2023-01-25 15:48:32,entrada
2023-01-25 15:59:45,entrada
2023-01-25 15:03:56,entrada
2023-01-25 15:29:40,entrada
2023-01-25 15:16:02,entrada
2023-01-25 15:12:43,entrada
2023-01-25 15:47:35,entrada
2023-01-25 15:17:22,entrada
2023-01-25 15:34:48,entrada
2023-01-25 15:32:50,entrada
2023-01-25 16:45:21,entrada
2023-01-25 16:51:49,entrada
2023-01-25 16:46:22,entrada
2023-01-25 16:31:25,entrada
2023-01-25 16:50:26,entrada
2023-01-25 16:44:11,entrada
2023-01-25 16:18:18,entrada
2023-01-25 16:51:33,entrada
2023-01-25 16:31:28,entrada
2023-01-25 16:20:34,entrada
2023-01-25 16:41:04,entrada
2023-01-25 16:11:06,entrada
2023-01-25 16:40:01,entrada
2023-01-25 16:24:09,entrada
2023-01-25 16:37:43,entrada
2023-01-25 16:05:26,entrada
2023-01-25 16:34:09,entrada
2023-01-25 16:08:19,entrada
2023-01-25 16:36:34,entrada
2023-01-25 16:36:39,entrada
2023-01-25 16:07:45,entrada
2023-01-25 16:55:53,entrada
2023-01-25 16:30:48,entrada
2023-01-25 16:42:57,entrada
2023-01-25 16:15:27,entrada
2023-01-25 16:05:31,entrada
2023-01-25 17:31:10,entrada
2023-01-25 17:23:55,entrada
2023-01-25 17:14:40,entrada
2023-01-25 17:34:16,entrada
2023-01-25 17:24:48,entrada
2023-01-25 17:34:18,entrada
2023-01-25 17:40:30,entrada
2023-01-25 17:16:54,entrada
2023-01-25 17:49:22,entrada
2023-01-25 17:46:00,entrada
2023-01-25 17:57:09,entrada
2023-01-25 17:07:41,entrada
2023-01-25 17:25:33,entrada
2023-01-25 17:18:13,entrada
2023-01-25 17:07:50,entrada
2023-01-25 17:00:47,entrada
2023-01-25 17:24:23,entrada
2023-01-25 17:46:19,entrada
2023-01-25 17:55:29,entrada
2023-01-25 17:04:02,entrada
2023-01-25 17:31:16,entrada
2023-01-25 17:41:04,entrada
2023-01-25 17:10:37,entrada
2023-01-25 17:03:38,entrada
2023-01-25 18:32:34,entrada
2023-01-25 18:56:39,entrada
2023-01-25 18:49:23,entrada
2023-01-25 18:23:49,entrada
2023-01-25 18:23:18,entrada
2023-01-25 18:38:24,entrada
2023-01-25 18:51:30,entrada
2023-01-25 18:58:37,entrada
2023-01-25 18:24:26,entrada
2023-01-25 18:31:10,entrada
2023-01-25 18:04:43,entrada
2023-01-25 18:32:18,entrada
2023-01-25 18:42:46,entrada
2023-01-25 18:56:15,entrada
2023-01-25 18:34:10,entrada
2023-01-25 18:10:09,entrada
2023-01-25 18:33:51,entrada
2023-01-25 18:04:22,entrada
2023-01-25 18:54:24,entrada
2023-01-25 18:28:39,entrada
2023-01-25 19:36:10,entrada
2023-01-25 19:54:18,entrada
2023-01-25 19:27:38,entrada
2023-01-25 19:20:25,entrada
2023-01-25 19:21:05,entrada
2023-01-25 19:10:58,entrada
2023-01-25 19:13:59,entrada
2023-01-25 19:35:59,entrada
2023-01-25 19:39:40,entrada
2023-01-25 19:01:56,entrada
2023-01-25 19:42:59,entrada
2023-01-25 19:19:21,entrada
2023-01-25 19:38:03,entrada
2023-01-25 19:55:28,entrada
2023-01-25 19:45:57,entrada
2023-01-25 19:23:00,entrada
2023-01-25 19:23:57,entrada
2023-01-25 19:29:11,entrada
2023-01-25 19:18:36,entrada
2023-01-25 19:57:39,entrada
2023-01-25 19:42:53,entrada
2023-01-25 20:16:48,entrada
2023-01-25 20:49:52,entrada
2023-01-25 20:59:30,entrada
2023-01-25 20:40:05,entrada
2023-01-25 20:59:51,entrada
2023-01-25 20:30:02,entrada
2023-01-25 20:39:02,entrada
2023-01-25 20:32:51,entrada
2023-01-25 20:58:12,entrada
2023-01-25 20:20:36,entrada
2023-01-25 20:15:20,entrada
2023-01-25 20:55:47,entrada
2023-01-25 20:55:43,entrada
2023-01-25 20:12:03,entrada
2023-01-25 20:30:08,entrada
2023-01-25 20:47:32,entrada
2023-01-25 20:36:52,entrada
2023-01-25 20:36:23,entrada
2023-01-25 20:24:50,entrada
2023-01-25 20:40:28,entrada
2023-01-25 20:58:39,entrada
2023-01-25 20:50:49,entrada
2023-01-25 20:46:35,entrada
2023-01-25 21:34:46,entrada
2023-01-25 21:45:00,entrada
2023-01-25 21:20:07,entrada
2023-01-25 21:06:40,entrada
2023-01-25 21:49:43,entrada
2023-01-25 21:39:39,entrada
2023-01-25 21:29:37,entrada
2023-01-25 21:34:01,entrada
2023-01-25 21:45:07,entrada
2023-01-25 21:37:03,entrada
2023-01-25 21:36:20,entrada
2023-01-25 21:12:08,entrada
2023-01-25 21:44:28,entrada
2023-01-25 21:40:55,entrada
2023-01-25 21:23:15,entrada
2023-01-25 21:11:01,entrada
2023-01-25 21:18:29,entrada
2023-01-25 21:15:23,entrada
2023-01-25 21:12:04,entrada
2023-01-25 21:22:55,entrada
2023-01-25 21:37:30,entrada
2023-01-25 21:52:55,entrada
2023-01-25 21:16:48,entrada
2023-01-25 21:48:02,entrada
2023-01-25 21:25:12,entrada
2023-01-25 21:43:37,entrada
2023-01-26 10:45:28,entrada
2023-01-26 10:24:54,entrada
2023-01-26 10:12:50,entrada
2023-01-26 10:43:53,entrada
2023-01-26 10:18:57,entrada
2023-01-26 10:35:27,entrada
2023-01-26 10:03:02,entrada
2023-01-26 10:57:37,entrada
2023-01-26 10:36:42,entrada
2023-01-26 10:24:40,entrada
2023-01-26 10:34:28,entrada
2023-01-26 10:40:28,entrada
2023-01-26 10:11:34,entrada
2023-01-26 10:19:16,entrada
2023-01-26 10:52:11,entrada
2023-01-26 10:56:49,entrada
2023-01-26 10:35:09,entrada
2023-01-26 10:17:29,entrada
2023-01-26 10:07:40,entrada
2023-01-26 10:50:12,entrada
2023-01-26 10:30:56,entrada
2023-01-26 11:17:50,entrada
2023-01-26 11:07:54,entrada
2023-01-26 11:11:42,entrada
2023-01-26 11:58:29,entrada
2023-01-26 11:58:08,entrada
2023-01-26 11:27:03,entrada
2023-01-26 11:38:16,entrada
2023-01-26 11:10:58,entrada
2023-01-26 11:01:22,entrada
2023-01-26 11:49:21,entrada
2023-01-26 11:25:11,entrada
2023-01-26 11:31:08,entrada
2023-01-26 11:42:04,entrada
2023-01-26 11:25:06,entrada
2023-01-26 11:28:32,entrada
2023-01-26 11:23:24,entrada
2023-01-26 11:30:28,entrada
2023-01-26 11:04:37,entrada
2023-01-26 11:44:10,entrada
2023-01-26 11:31:07,entrada
2023-01-26 11:19:33,entrada
2023-01-26 11:46:41,entrada
2023-01-26 11:07:01,entrada
2023-01-26 11:20:14,entrada
2023-01-26 11:05:04,entrada
2023-01-26 11:53:53,entrada
2023-01-26 11:02:42,entrada
2023-01-26 11:42:15,entrada
2023-01-26 11:34:08,entrada
2023-01-26 11:34:18,entrada
2023-01-26 11:42:45,entrada
2023-01-26 11:33:38,entrada
2023-01-26 11:09:09,entrada
2023-01-26 11:19:00,entrada
2023-01-26 12:23:58,entrada
2023-01-26 12:14:05,entrada
2023-01-26 12:31:43,entrada
2023-01-26 12:33:35,entrada
2023-01-26 12:19:56,entrada
2023-01-26 12:56:52,entrada
2023-01-26 12:11:34,entrada
2023-01-26 12:48:37,entrada
2023-01-26 12:55:16,entrada
2023-01-26 12:26:16,entrada
2023-01-26 12:10:54,entrada
2023-01-26 12:38:01,entrada
2023-01-26 12:50:01,entrada
2023-01-26 12:53:28,entrada
2023-01-26 12:44:23,entrada
2023-01-26 12:23:15,entrada
2023-01-26 12:30:48,entrada
2023-01-26 12:42:08,entrada
2023-01-26 12:26:55,entrada
2023-01-26 12:40:13,entrada
2023-01-26 13:43:25,entrada
2023-01-26 13:46:25,entrada
2023-01-26 13:00:14,entrada
2023-01-26 13:10:36,entrada
2023-01-26 13:06:11,entrada
2023-01-26 13:51:56,entrada
2023-01-26 13:37:53,entrada
2023-01-26 13:02:41,entrada
2023-01-26 13:57:52,entrada
2023-01-26 13:25:53,entrada
2023-01-26 13:29:31,entrada
2023-01-26 13:35:44,entrada
2023-01-26 13:50:36,entrada
2023-01-26 13:54:58,entrada
2023-01-26 13:53:17,entrada
2023-01-26 13:00:52,entrada
2023-01-26 13:20:27,entrada
2023-01-26 13:47:15,entrada
2023-01-26 13:47:27,entrada
2023-01-26 13:21:18,entrada
2023-01-26 13:47:00,entrada
2023-01-26 13:30:51,entrada
2023-01-26 13:51:41,entrada
2023-01-26 13:33:45,entrada
2023-01-26 13:39:05,entrada
2023-01-26 14:15:56,entrada
2023-01-26 14:28:00,entrada
2023-01-26 14:59:17,entrada
2023-01-26 14:58:21,entrada
2023-01-26 14:07:06,entrada
2023-01-26 14:24:29,entrada
2023-01-26 14:33:43,entrada
2023-01-26 14:47:40,entrada
2023-01-26 14:51:10,entrada
2023-01-26 14:14:34,entrada
2023-01-26 14:22:52,entrada
2023-01-26 14:44:20,entrada
2023-01-26 14:27:12,entrada
2023-01-26 14:33:37,entrada
2023-01-26 14:05:43,entrada
2023-01-26 14:03:04,entrada
2023-01-26 14:54:39,entrada
2023-01-26 14:05:20,entrada
2023-01-26 14:27:02,entrada
2023-01-26 14:22:07,entrada
2023-01-26 14:18:52,entrada
2023-01-26 14:10:49,entrada
2023-01-26 14:09:57,entrada
2023-01-26 14:27:19,entrada
2023-01-26 14:43:51,entrada
2023-01-26 15:04:49,entrada
2023-01-26 15:39:13,entrada
2023-01-26 15:59:33,entrada
2023-01-26 15:27:07,entrada
2023-01-26 15:15:30,entrada
2023-01-26 15:06:02,entrada
2023-01-26 15:28:35,entrada
2023-01-26 15:38:03,entrada
2023-01-26 15:08:54,entrada
2023-01-26 15:16:48,entrada
2023-01-26 15:19:13,entrada
2023-01-26 15:45:28,entrada
2023-01-26 15:56:12,entrada
2023-01-26 15:35:44,entrada
2023-01-26 15:52:16,entrada
2023-01-26 15:46:49,entrada
2023-01-26 15:42:03,entrada
2023-01-26 15:59:19,entrada
2023-01-26 15:10:41,entrada
2023-01-26 15:21:44,entrada
2023-01-26 16:33:59,entrada
2023-01-26 16:48:52,entrada
2023-01-26 16:06:05,entrada
2023-01-26 16:05:21,entrada
2023-01-26 16:07:36,entrada
2023-01-26 16:14:25,entrada
2023-01-26 16:38:02,entrada
2023-01-26 16:56:09,entrada
2023-01-26 16:02:29,entrada
2023-01-26 16:45:21,entrada
2023-01-26 16:02:00,entrada
2023-01-26 16:32:18,entrada
2023-01-26 16:35:33,entrada
2023-01-26 16:56:30,entrada
2023-01-26 16:42:23,entrada
2023-01-26 16:11:12,entrada
2023-01-26 16:15:15,entrada
2023-01-26 16:50:54,entrada
2023-01-26 16:51:52,entrada
2023-01-26 16:19:40,entrada
2023-01-26 16:47:26,entrada
2023-01-26 16:38:12,entrada
2023-01-26 16:03:31,entrada
2023-01-26 16:44:39,entrada
2023-01-26 16:33:38,entrada
2023-01-26 17:03:16,entrada
2023-01-26 17:46:47,entrada
2023-01-26 17:04:23,entrada
2023-01-26 17:48:54,entrada
2023-01-26 17:06:22,entrada
2023-01-26 17:46:16,entrada
2023-01-26 17:11:10,entrada
2023-01-26 17:50:10,entrada
2023-01-26 17:33:46,entrada
2023-01-26 17:36:49,entrada
2023-01-26 17:28:52,entrada
2023-01-26 17:52:47,entrada
2023-01-26 17:35:26,entrada
2023-01-26 17:54:41,entrada
2023-01-26 17:21:01,entrada
2023-01-26 17:46:35,entrada
2023-01-26 17:47:29,entrada
2023-01-26 17:58:06,entrada
2023-01-26 17:56:56,entrada
2023-01-26 17:11:02,entrada
2023-01-26 17:16:40,entrada
2023-01-26 17:31:07,entrada
2023-01-26 17:22:37,entrada
2023-01-26 17:29:14,entrada
2023-01-26 17:09:54,entrada
2023-01-26 17:58:56,entrada
2023-01-26 18:29:34,entrada
2023-01-26 18:49:18,entrada
2023-01-26 18:45:52,entrada
2023-01-26 18:56:33,entrada
2023-01-26 18:31:11,entrada
2023-01-26 18:42:16,entrada
2023-01-26 18:58:05,entrada
2023-01-26 18:50:12,entrada
2023-01-26 18:38:21,entrada
2023-01-26 18:10:06,entrada
2023-01-26 18:44:44,entrada
2023-01-26 18:20:00,entrada
2023-01-26 18:29:18,entrada
2023-01-26 18:50:54,entrada
2023-01-26 18:46:45,entrada
2023-01-26 18:28:34,entrada
2023-01-26 18:58:52,entrada
2023-01-26 18:19:35,entrada
2023-01-26 18:38:00,entrada
2023-01-26 18:22:30,entrada
2023-01-26 18:55:50,entrada
2023-01-26 18:34:51,entrada
2023-01-26 19:07:38,entrada
2023-01-26 19:12:45,entrada
2023-01-26 19:18:10,entrada
2023-01-26 19:01:48,entrada
2023-01-26 19:05:28,entrada
2023-01-26 19:40:50,entrada
2023-01-26 19:04:40,entrada
2023-01-26 19:29:56,entrada
2023-01-26 19:38:35,entrada
2023-01-26 19:26:49,entrada
2023-01-26 19:17:51,entrada
2023-01-26 19:48:35,entrada
2023-01-26 19:59:58,entrada
2023-01-26 19:53:15,entrada
2023-01-26 19:53:54,entrada
2023-01-26 19:04:08,entrada
2023-01-26 19:33:33,entrada
2023-01-26 19:35:30,entrada
2023-01-26 19:51:19,entrada
2023-01-26 19:16:19,entrada
2023-01-26 19:27:20,entrada
2023-01-26 19:56:18,entrada
2023-01-26 19:02:29,entrada
2023-01-26 19:04:41,entrada
2023-01-26 19:05:02,entrada
2023-01-26 19:48:41,entrada
2023-01-26 19:23:43,entrada
2023-01-26 19:00:49,entrada
2023-01-26 19:50:53,entrada
2023-01-26 20:11:26,entrada
2023-01-26 20:55:16,entrada
2023-01-26 20:19:20,entrada
2023-01-26 20:29:41,entrada
2023-01-26 20:19:07,entrada
2023-01-26 20:17:56,entrada
2023-01-26 20:17:17,entrada
2023-01-26 20:01:11,entrada
2023-01-26 20:31:41,entrada
2023-01-26 20:07:50,entrada
2023-01-26 20:09:10,entrada
2023-01-26 20:13:25,entrada
2023-01-26 20:46:29,entrada
2023-01-26 20:55:54,entrada
2023-01-26 20:41:03,entrada
2023-01-26 20:38:10,entrada
2023-01-26 20:23:53,entrada
2023-01-26 20:21:02,entrada
2023-01-26 20:36:57,entrada
2023-01-26 21:47:06,entrada
2023-01-26 21:09:14,entrada
2023-01-26 21:39:10,entrada
2023-01-26 21:55:45,entrada
2023-01-26 21:44:22,entrada
2023-01-26 21:12:26,entrada
2023-01-26 21:40:16,entrada
2023-01-26 21:49:50,entrada
2023-01-26 21:12:11,entrada
2023-01-26 21:28:20,entrada
2023-01-26 21:19:19,entrada
2023-01-26 21:30:07,entrada
2023-01-26 21:23:10,entrada
2023-01-26 21:38:32,entrada
2023-01-26 21:41:14,entrada
2023-01-26 21:03:00,entrada
2023-01-26 21:31:10,entrada
2023-01-26 21:29:36,entrada
2023-01-26 21:18:50,entrada
2023-01-26 21:35:33,entrada
2023-01-26 21:06:59,entrada
2023-01-27 10:45:53,entrada
2023-01-27 10:56:21,entrada
2023-01-27 10:57:21,entrada
2023-01-27 10:09:25,entrada
2023-01-27 10:14:37,entrada
2023-01-27 10:40:41,entrada
2023-01-27 10:54:48,entrada
2023-01-27 10:00:13,entrada
2023-01-27 10:35:30,entrada
2023-01-27 10:27:33,entrada
2023-01-27 10:34:59,entrada
2023-01-27 10:38:22,entrada
2023-01-27 10:45:43,entrada
2023-01-27 10:18:17,entrada
2023-01-27 10:14:00,entrada
2023-01-27 10:24:25,entrada
2023-01-27 10:34:56,entrada
2023-01-27 10:14:03,entrada
2023-01-27 10:14:41,entrada
2023-01-27 10:37:44,entrada
2023-01-27 10:38:57,entrada
2023-01-27 10:53:00,entrada
2023-01-27 10:21:10,entrada
2023-01-27 10:45:37,entrada
2023-01-27 10:36:50,entrada
2023-01-27 10:25:50,entrada
2023-01-27 10:26:57,entrada
2023-01-27 10:12:06,entrada
2023-01-27 11:33:19,entrada
2023-01-27 11:32:14,entrada
2023-01-27 11:06:23,entrada
2023-01-27 11:25:49,entrada
2023-01-27 11:09:14,entrada
2023-01-27 11:36:58,entrada
2023-01-27 11:23:10,entrada
2023-01-27 11:39:20,entrada
2023-01-27 11:39:37,entrada
2023-01-27 11:14:14,entrada
2023-01-27 11:36:44,entrada
2023-01-27 11:13:42,entrada
2023-01-27 11:51:20,entrada
2023-01-27 11:43:19,entrada
2023-01-27 11:32:02,entrada
2023-01-27 11:39:22,entrada
2023-01-27 11:43:46,entrada
2023-01-27 11:22:26,entrada
2023-01-27 11:34:24,entrada
2023-01-27 11:31:21,entrada
2023-01-27 11:07:55,entrada
2023-01-27 11:50:51,entrada
2023-01-27 11:37:17,entrada
2023-01-27 11:27:27,entrada
2023-01-27 11:10:11,entrada
2023-01-27 11:54:01,entrada
2023-01-27 12:45:23,entrada
2023-01-27 12:17:26,entrada
2023-01-27 12:23:28,entrada
2023-01-27 12:10:47,entrada
2023-01-27 12:17:58,entrada
2023-01-27 12:47:52,entrada
2023-01-27 12:03:32,entrada
2023-01-27 12:13:43,entrada
2023-01-27 12:55:41,entrada
2023-01-27 12:31:59,entrada
2023-01-27 12:50:03,entrada
2023-01-27 12:19:20,entrada
2023-01-27 12:02:24,entrada
2023-01-27 12:03:57,entrada
2023-01-27 12:46:10,entrada
2023-01-27 12:15:58,entrada
2023-01-27 13:26:27,entrada
2023-01-27 13:43:53,entrada
2023-01-27 13:30:14,entrada
2023-01-27 13:54:52,entrada
2023-01-27 13:47:07,entrada
2023-01-27 13:05:27,entrada
2023-01-27 13:03:29,entrada
2023-01-27 13:42:16,entrada
2023-01-27 13:33:59,entrada
2023-01-27 13:05:35,entrada
2023-01-27 13:34:38,entrada
2023-01-27 13:38:15,entrada
2023-01-27 13:01:07,entrada
2023-01-27 13:14:26,entrada
2023-01-27 13:15:00,entrada
2023-01-27 13:58:09,entrada
2023-01-27 14:35:07,entrada
2023-01-27 14:43:18,entrada
2023-01-27 14:46:59,entrada
2023-01-27 14:15:11,entrada
2023-01-27 14:19:17,entrada
2023-01-27 14:53:11,entrada
2023-01-27 14:47:24,entrada
2023-01-27 14:59:51,entrada
2023-01-27 14:10:21,entrada
2023-01-27 14:51:45,entrada
2023-01-27 14:33:12,entrada
2023-01-27 14:45:37,entrada
2023-01-27 14:11:38,entrada
2023-01-27 14:35:27,entrada
2023-01-27 14:26:38,entrada
2023-01-27 14:12:42,entrada
2023-01-27 14:39:26,entrada
2023-01-27 14:50:30,entrada
2023-01-27 14:01:52,entrada
2023-01-27 14:17:25,entrada
2023-01-27 14:52:41,entrada
2023-01-27 14:30:37,entrada
2023-01-27 14:55:21,entrada
2023-01-27 14:35:18,entrada
2023-01-27 14:13:13,entrada
2023-01-27 14:49:28,entrada
2023-01-27 15:38:07,entrada
2023-01-27 15:50:56,entrada
2023-01-27 15:03:35,entrada
2023-01-27 15:18:23,entrada
2023-01-27 15:40:48,entrada
2023-01-27 15:17:32,entrada
2023-01-27 15:45:35,entrada
2023-01-27 15:09:54,entrada
2023-01-27 15:13:06,entrada
2023-01-27 15:11:21,entrada
2023-01-27 15:26:47,entrada
2023-01-27 15:36:10,entrada
2023-01-27 15:35:59,entrada
2023-01-27 15:12:31,entrada
2023-01-27 15:07:06,entrada
2023-01-27 15:42:42,entrada
2023-01-27 15:57:16,entrada
2023-01-27 15:21:45,entrada
2023-01-27 15:33:19,entrada
2023-01-27 15:52:07,entrada
2023-01-27 15:21:26,entrada
2023-01-27 15:33:20,entrada
2023-01-27 15:14:04,entrada
2023-01-27 15:37:16,entrada
2023-01-27 15:07:18,entrada
2023-01-27 15:04:22,entrada
2023-01-27 16:32:03,entrada
2023-01-27 16:43:33,entrada
2023-01-27 16:11:30,entrada
2023-01-27 16:15:01,entrada
2023-01-27 16:48:57,entrada
2023-01-27 16:59:01,entrada
2023-01-27 16:35:05,entrada
2023-01-27 16:59:22,entrada
2023-01-27 16:38:54,entrada
2023-01-27 16:46:51,entrada
2023-01-27 16:43:36,entrada
2023-01-27 16:45:15,entrada
2023-01-27 16:42:43,entrada
2023-01-27 16:18:48,entrada
2023-01-27 16:23:57,entrada
2023-01-27 16:26:06,entrada
2023-01-27 16:29:40,entrada
2023-01-27 16:13:57,entrada
2023-01-27 16:51:43,entrada
2023-01-27 16:14:11,entrada
2023-01-27 17:55:05,entrada
2023-01-27 17:36:30,entrada
2023-01-27 17:52:48,entrada
2023-01-27 17:47:33,entrada
2023-01-27 17:30:59,entrada
2023-01-27 17:10:35,entrada
2023-01-27 17:05:26,entrada
2023-01-27 17:06:48,entrada
2023-01-27 17:31:07,entrada
2023-01-27 17:59:32,entrada
2023-01-27 17:56:46,entrada
2023-01-27 17:51:43,entrada
2023-01-27 17:14:54,entrada
2023-01-27 17:26:29,entrada
2023-01-27 17:21:46,entrada
2023-01-27 17:28:40,entrada
2023-01-27 17:47:29,entrada
2023-01-27 17:01:14,entrada
2023-01-27 17:46:26,entrada
2023-01-27 17:06:26,entrada
2023-01-27 17:20:12,entrada
2023-01-27 18:06:16,entrada
2023-01-27 18:12:57,entrada
2023-01-27 18:20:30,entrada
2023-01-27 18:08:44,entrada
2023-01-27 18:46:12,entrada
2023-01-27 18:16:07,entrada
2023-01-27 18:08:08,entrada
2023-01-27 18:39:47,entrada
2023-01-27 18:51:29,entrada
2023-01-27 18:06:16,entrada
2023-01-27 18:38:37,entrada
2023-01-27 18:04:16,entrada
2023-01-27 18:39:57,entrada
2023-01-27 18:00:15,entrada
2023-01-27 18:16:29,entrada
2023-01-27 18:30:34,entrada
2023-01-27 18:44:07,entrada
2023-01-27 18:47:55,entrada
2023-01-27 18:29:38,entrada
2023-01-27 18:20:14,entrada
2023-01-27 18:55:33,entrada
2023-01-27 18:55:59,entrada
2023-01-27 18:26:01,entrada
2023-01-27 19:40:36,entrada
2023-01-27 19:52:48,entrada
2023-01-27 19:44:37,entrada
2023-01-27 19:55:21,entrada
2023-01-27 19:13:14,entrada
2023-01-27 19:54:45,entrada
2023-01-27 19:03:17,entrada
2023-01-27 19:00:11,entrada
2023-01-27 19:53:40,entrada
2023-01-27 19:41:52,entrada
2023-01-27 19:59:49,entrada
2023-01-27 19:16:18,entrada
2023-01-27 19:35:47,entrada
2023-01-27 19:06:08,entrada
2023-01-27 19:07:24,entrada
2023-01-27 19:06:41,entrada
2023-01-27 19:07:23,entrada
2023-01-27 19:16:11,entrada
2023-01-27 19:45:30,entrada
2023-01-27 19:11:56,entrada
2023-01-27 19:01:11,entrada
2023-01-27 19:26:45,entrada
2023-01-27 19:06:57,entrada
2023-01-27 19:57:12,entrada
2023-01-27 19:52:35,entrada
2023-01-27 20:06:04,entrada
2023-01-27 20:25:54,entrada
2023-01-27 20:15:59,entrada
2023-01-27 20:56:07,entrada
2023-01-27 20:21:33,entrada
2023-01-27 20:39:27,entrada
2023-01-27 20:45:35,entrada
2023-01-27 20:55:46,entrada
2023-01-27 20:06:51,entrada
2023-01-27 20:39:58,entrada
2023-01-27 20:42:27,entrada
2023-01-27 20:58:01,entrada
2023-01-27 20:08:05,entrada
2023-01-27 20:54:57,entrada
2023-01-27 20:00:02,entrada
2023-01-27 20:09:36,entrada
2023-01-27 20:43:22,entrada
2023-01-27 20:32:08,entrada
2023-01-27 20:52:12,entrada
2023-01-27 20:27:50,entrada
2023-01-27 20:06:25,entrada
2023-01-27 20:15:39,entrada
2023-01-27 20:57:25,entrada
2023-01-27 20:50:38,entrada
2023-01-27 20:54:31,entrada
2023-01-27 20:35:41,entrada
2023-01-27 20:56:00,entrada
2023-01-27 20:48:20,entrada
2023-01-27 20:12:50,entrada
2023-01-27 21:00:17,entrada
2023-01-27 21:45:55,entrada
2023-01-27 21:06:41,entrada
2023-01-27 21:40:01,entrada
2023-01-27 21:39:53,entrada
2023-01-27 21:30:32,entrada
2023-01-27 21:51:29,entrada
2023-01-27 21:30:33,entrada
2023-01-27 21:06:24,entrada
2023-01-27 21:15:21,entrada
2023-01-27 21:35:52,entrada
2023-01-27 21:26:16,entrada
2023-01-27 21:03:57,entrada
2023-01-27 21:34:40,entrada
2023-01-27 21:21:46,entrada
2023-01-27 21:51:34,entrada
2023-01-27 21:43:14,entrada
2023-01-27 21:51:39,entrada
2023-01-27 21:43:20,entrada
2023-01-27 21:12:46,entrada
2023-01-27 21:10:48,entrada
2023-01-27 21:52:55,entrada
2023-01-27 21:26:30,entrada
2023-01-28 10:25:47,entrada
2023-01-28 10:04:47,entrada
2023-01-28 10:24:50,entrada
2023-01-28 10:33:46,entrada
2023-01-28 10:03:33,entrada
2023-01-28 10:26:54,entrada
2023-01-28 10:41:53,entrada
2023-01-28 10:55:28,entrada
2023-01-28 10:04:17,entrada
2023-01-28 10:03:00,entrada
2023-01-28 10:49:19,entrada
2023-01-28 10:05:19,entrada
2023-01-28 10:19:45,entrada
2023-01-28 10:26:25,entrada
2023-01-28 10:31:09,entrada
2023-01-28 10:17:40,entrada
2023-01-28 10:11:09,entrada
2023-01-28 10:23:23,entrada
2023-01-28 10:52:50,entrada
2023-01-28 10:37:45,entrada
2023-01-28 10:24:07,entrada
2023-01-28 10:54:13,entrada
2023-01-28 10:42:30,entrada
2023-01-28 11:57:11,entrada
2023-01-28 11:04:41,entrada
2023-01-28 11:59:40,entrada
2023-01-28 11:19:07,entrada
2023-01-28 11:00:55,entrada
2023-01-28 11:05:55,entrada
2023-01-28 11:53:10,entrada
2023-01-28 11:02:30,entrada
2023-01-28 11:27:46,entrada
2023-01-28 11:42:55,entrada
2023-01-28 11:04:59,entrada
2023-01-28 11:25:15,entrada
2023-01-28 11:52:30,entrada
2023-01-28 11:27:06,entrada
2023-01-28 11:37:08,entrada
2023-01-28 11:38:34,entrada
2023-01-28 11:42:26,entrada
2023-01-28 11:11:52,entrada
2023-01-28 11:24:42,entrada
2023-01-28 11:28:30,entrada
2023-01-28 11:57:33,entrada
2023-01-28 11:32:26,entrada
2023-01-28 12:39:08,entrada
2023-01-28 12:52:53,entrada
2023-01-28 12:05:53,entrada
2023-01-28 12:01:15,entrada
2023-01-28 12:51:00,entrada
2023-01-28 12:29:59,entrada
2023-01-28 12:47:32,entrada
2023-01-28 12:00:38,entrada
2023-01-28 12:15:16,entrada
2023-01-28 12:47:47,entrada
2023-01-28 12:37:17,entrada
2023-01-28 12:21:21,entrada
2023-01-28 12:59:58,entrada
2023-01-28 12:34:30,entrada
2023-01-28 12:39:26,entrada
2023-01-28 12:35:54,entrada
2023-01-28 12:03:48,entrada
2023-01-28 12:53:04,entrada
2023-01-28 13:54:06,entrada
2023-01-28 13:22:33,entrada
2023-01-28 13:52:57,entrada
2023-01-28 13:49:31,entrada
2023-01-28 13:20:59,entrada
2023-01-28 13:05:15,entrada
2023-01-28 13:34:53,entrada
2023-01-28 13:46:52,entrada
2023-01-28 13:19:41,entrada
2023-01-28 13:40:10,entrada
2023-01-28 13:31:13,entrada
2023-01-28 13:23:43,entrada
2023-01-28 13:38:42,entrada
2023-01-28 13:30:16,entrada
2023-01-28 13:24:08,entrada
2023-01-28 13:21:54,entrada
2023-01-28 13:44:47,entrada
2023-01-28 13:34:36,entrada
2023-01-28 13:54:16,entrada
2023-01-28 13:27:00,entrada
2023-01-28 13:52:08,entrada
2023-01-28 13:54:48,entrada
2023-01-28 13:12:46,entrada
2023-01-28 13:31:27,entrada
2023-01-28 13:52:30,entrada
2023-01-28 13:07:07,entrada
2023-01-28 13:59:33,entrada
2023-01-28 13:22:09,entrada
2023-01-28 13:36:47,entrada
2023-01-28 14:07:58,entrada
2023-01-28 14:38:30,entrada
2023-01-28 14:11:32,entrada
2023-01-28 14:57:11,entrada
2023-01-28 14:24:37,entrada
2023-01-28 14:47:17,entrada
2023-01-28 14:18:54,entrada
2023-01-28 14:02:34,entrada
2023-01-28 14:04:34,entrada
2023-01-28 14:50:26,entrada
2023-01-28 14:36:45,entrada
2023-01-28 14:20:15,entrada
2023-01-28 14:27:24,entrada
2023-01-28 14:32:16,entrada
2023-01-28 14:42:29,entrada
2023-01-28 14:40:52,entrada
2023-01-28 14:03:01,entrada
2023-01-28 14:59:08,entrada
2023-01-28 14:53:30,entrada
2023-01-28 14:24:36,entrada
2023-01-28 14:35:54,entrada
2023-01-28 14:04:23,entrada
2023-01-28 14:23:28,entrada
2023-01-28 14:49:44,entrada
2023-01-28 14:30:36,entrada
2023-01-28 14:57:55,entrada
2023-01-28 15:57:46,entrada
2023-01-28 15:54:26,entrada
2023-01-28 15:06:26,entrada
2023-01-28 15:18:16,entrada
2023-01-28 15:40:10,entrada
2023-01-28 15:04:01,entrada
2023-01-28 15:46:55,entrada
2023-01-28 15:11:41,entrada
2023-01-28 15:41:51,entrada
2023-01-28 15:10:09,entrada
2023-01-28 15:27:06,entrada
2023-01-28 15:13:12,entrada
2023-01-28 15:04:50,entrada
2023-01-28 15:41:07,entrada
2023-01-28 15:49:00,entrada
2023-01-28 15:04:10,entrada
2023-01-28 15:51:42,entrada
2023-01-28 15:47:09,entrada
2023-01-28 15:14:38,entrada
2023-01-28 15:46:28,entrada
2023-01-28 15:24:47,entrada
2023-01-28 15:05:10,entrada
2023-01-28 15:16:14,entrada
2023-01-28 16:22:23,entrada
2023-01-28 16:09:49,entrada
2023-01-28 16:54:47,entrada
2023-01-28 16:11:18,entrada
2023-01-28 16:31:23,entrada
2023-01-28 16:21:02,entrada
2023-01-28 16:39:26,entrada
2023-01-28 16:18:08,entrada
2023-01-28 16:58:50,entrada
2023-01-28 16:48:12,entrada
2023-01-28 16:01:35,entrada
2023-01-28 16:28:10,entrada
2023-01-28 16:33:03,entrada
2023-01-28 16:03:51,entrada
2023-01-28 16:00:24,entrada
2023-01-28 16:25:10,entrada
2023-01-28 16:22:01,entrada
2023-01-28 16:18:28,entrada
2023-01-28 17:03:38,entrada
2023-01-28 17:20:43,entrada
2023-01-28 17:01:15,entrada
2023-01-28 17:06:18,entrada
2023-01-28 17:42:32,entrada
2023-01-28 17:08:36,entrada
2023-01-28 17:57:16,entrada
2023-01-28 17:26:32,entrada
2023-01-28 17:48:11,entrada
2023-01-28 17:56:44,entrada
2023-01-28 17:55:10,entrada
2023-01-28 17:12:30,entrada
2023-01-28 17:12:37,entrada
2023-01-28 17:25:30,entrada
2023-01-28 17:21:05,entrada
2023-01-28 17:19:20,entrada
2023-01-28 17:09:18,entrada
2023-01-28 17:34:25,entrada
2023-01-28 17:06:36,entrada
2023-01-28 17:07:04,entrada
2023-01-28 17:43:35,entrada
2023-01-28 17:50:27,entrada
2023-01-28 17:49:02,entrada
2023-01-28 18:21:24,entrada
2023-01-28 18:26:54,entrada
2023-01-28 18:16:05,entrada
2023-01-28 18:42:50,entrada
2023-01-28 18:15:07,entrada
2023-01-28 18:32:09,entrada
2023-01-28 18:33:18,entrada
2023-01-28 18:13:02,entrada
2023-01-28 18:54:55,entrada
2023-01-28 18:40:22,entrada
2023-01-28 18:39:10,entrada
2023-01-28 18:46:05,entrada
2023-01-28 18:33:00,entrada
2023-01-28 18:34:24,entrada
2023-01-28 18:28:22,entrada
2023-01-28 18:17:13,entrada
2023-01-28 18:16:01,entrada
2023-01-28 18:30:18,entrada
2023-01-28 18:31:53,entrada
2023-01-28 18:27:40,entrada
2023-01-28 18:07:41,entrada
2023-01-28 18:40:58,entrada
2023-01-28 18:58:39,entrada
2023-01-28 19:13:55,entrada
2023-01-28 19:47:36,entrada
2023-01-28 19:39:15,entrada
2023-01-28 19:20:00,entrada
2023-01-28 19:59:10,entrada
2023-01-28 19:10:01,entrada
2023-01-28 19:31:53,entrada
2023-01-28 19:18:55,entrada
2023-01-28 19:04:02,entrada
2023-01-28 19:27:25,entrada
2023-01-28 19:22:29,entrada
2023-01-28 19:07:35,entrada
2023-01-28 19:28:12,entrada
2023-01-28 19:58:24,entrada
2023-01-28 19:21:45,entrada
2023-01-28 19:32:36,entrada
2023-01-28 19:52:06,entrada
2023-01-28 19:22:05,entrada
2023-01-28 19:14:14,entrada
2023-01-28 19:39:33,entrada
2023-01-28 19:13:28,entrada
2023-01-28 19:15:28,entrada
2023-01-28 20:14:55,entrada
2023-01-28 20:34:38,entrada
2023-01-28 20:23:07,entrada
2023-01-28 20:42:41,entrada
2023-01-28 20:19:40,entrada
2023-01-28 20:46:25,entrada
2023-01-28 20:51:23,entrada
2023-01-28 20:21:04,entrada
2023-01-28 20:14:35,entrada
2023-01-28 20:36:28,entrada
2023-01-28 20:14:26,entrada
2023-01-28 20:48:54,entrada
2023-01-28 20:07:59,entrada
2023-01-28 20:56:28,entrada
2023-01-28 20:18:30,entrada
2023-01-28 20:08:09,entrada
2023-01-28 20:36:09,entrada
2023-01-28 20:53:32,entrada
2023-01-28 20:24:56,entrada
2023-01-28 20:53:55,entrada
2023-01-28 20:03:52,entrada
2023-01-28 20:04:22,entrada
2023-01-28 20:38:54,entrada
2023-01-28 20:04:51,entrada
2023-01-28 20:07:16,entrada
2023-01-28 20:00:53,entrada
2023-01-28 21:55:12,entrada
2023-01-28 21:56:20,entrada
2023-01-28 21:44:36,entrada
2023-01-28 21:22:06,entrada
2023-01-28 21:16:27,entrada
2023-01-28 21:46:29,entrada
2023-01-28 21:04:23,entrada
2023-01-28 21:06:58,entrada
2023-01-28 21:33:55,entrada
2023-01-28 21:49:41,entrada
2023-01-28 21:32:58,entrada
2023-01-28 21:26:13,entrada
2023-01-28 21:58:18,entrada
2023-01-28 21:47:50,entrada
2023-01-28 21:37:11,entrada
2023-01-28 21:02:06,entrada
2023-01-28 21:55:34,entrada
2023-01-28 21:24:48,entrada
2023-01-28 21:14:18,entrada
2023-01-28 21:59:18,entrada
2023-01-28 21:22:10,entrada
2023-01-29 10:57:09,entrada
2023-01-29 10:21:06,entrada
2023-01-29 10:23:01,entrada
2023-01-29 10:31:20,entrada
2023-01-29 10:06:07,entrada
2023-01-29 10:52:50,entrada
2023-01-29 10:37:20,entrada
2023-01-29 10:07:56,entrada
2023-01-29 10:24:27,entrada
2023-01-29 10:27:53,entrada
2023-01-29 10:30:51,entrada
2023-01-29 10:35:24,entrada
2023-01-29 10:51:55,entrada
2023-01-29 10:40:36,entrada
2023-01-29 10:37:50,entrada
2023-01-29 10:11:36,entrada
2023-01-29 10:36:30,entrada
2023-01-29 10:17:25,entrada
2023-01-29 10:05:08,entrada
2023-01-29 10:10:30,entrada
2023-01-29 10:54:45,entrada
2023-01-29 10:55:01,entrada
2023-01-29 11:42:30,entrada
2023-01-29 11:52:29,entrada
2023-01-29 11:40:19,entrada
2023-01-29 11:07:43,entrada
2023-01-29 11:29:34,entrada
2023-01-29 11:20:46,entrada
2023-01-29 11:39:57,entrada
2023-01-29 11:27:38,entrada
2023-01-29 11:16:11,entrada
2023-01-29 11:51:49,entrada
2023-01-29 11:17:46,entrada
2023-01-29 11:54:27,entrada
2023-01-29 11:59:02,entrada
2023-01-29 11:50:14,entrada
2023-01-29 11:15:21,entrada
2023-01-29 11:53:48,entrada
2023-01-29 11:30:30,entrada
2023-01-29 11:00:10,entrada
2023-01-29 11:05:22,entrada
2023-01-29 11:08:51,entrada
2023-01-29 11:15:57,entrada
2023-01-29 11:37:43,entrada
2023-01-29 12:07:53,entrada
2023-01-29 12:41:08,entrada
2023-01-29 12:36:54,entrada
2023-01-29 12:26:35,entrada
2023-01-29 12:05:05,entrada
2023-01-29 12:44:03,entrada
2023-01-29 12:21:39,entrada
2023-01-29 12:26:36,entrada
2023-01-29 12:01:08,entrada
2023-01-29 12:10:19,entrada
2023-01-29 12:51:42,entrada
2023-01-29 12:38:57,entrada
2023-01-29 12:13:25,entrada
2023-01-29 12:37:29,entrada
2023-01-29 12:35:37,entrada
2023-01-29 12:34:54,entrada
2023-01-29 12:05:02,entrada
2023-01-29 12:00:59,entrada
2023-01-29 12:57:52,entrada
2023-01-29 12:57:17,entrada
2023-01-29 12:22:31,entrada
2023-01-29 13:29:09,entrada
2023-01-29 13:19:44,entrada
2023-01-29 13:15:40,entrada
2023-01-29 13:15:41,entrada
2023-01-29 13:02:22,entrada
2023-01-29 13:21:56,entrada
2023-01-29 13:27:45,entrada
2023-01-29 13:44:35,entrada
2023-01-29 13:03:37,entrada
2023-01-29 13:23:18,entrada
2023-01-29 13:10:39,entrada
2023-01-29 13:45:39,entrada
2023-01-29 13:45:54,entrada
2023-01-29 13:38:52,entrada
2023-01-29 13:17:11,entrada
2023-01-29 13:13:46,entrada
2023-01-29 13:17:43,entrada
2023-01-29 13:41:11,entrada
2023-01-29 13:39:26,entrada
2023-01-29 13:05:23,entrada
2023-01-29 13:50:32,entrada
2023-01-29 13:44:53,entrada
2023-01-29 13:15:49,entrada
2023-01-29 13:11:30,entrada
2023-01-29 13:56:36,entrada
2023-01-29 13:52:12,entrada
2023-01-29 13:57:07,entrada
2023-01-29 13:37:02,entrada
2023-01-29 13:56:57,entrada
2023-01-29 13:19:57,entrada
2023-01-29 13:03:43,entrada
2023-01-29 13:44:01,entrada
2023-01-29 13:50:35,entrada
2023-01-29 13:22:44,entrada
2023-01-29 13:18:39,entrada
2023-01-29 13:07:15,entrada
2023-01-29 14:08:53,entrada
2023-01-29 14:06:28,entrada
2023-01-29 14:43:16,entrada
2023-01-29 14:08:05,entrada
2023-01-29 14:43:19,entrada
2023-01-29 14:09:08,entrada
2023-01-29 14:11:32,entrada
2023-01-29 14:31:33,entrada
2023-01-29 14:18:32,entrada
2023-01-29 14:47:15,entrada
2023-01-29 14:49:49,entrada
2023-01-29 14:22:25,entrada
2023-01-29 14:44:53,entrada
2023-01-29 14:43:40,entrada
2023-01-29 14:36:08,entrada
2023-01-29 14:29:12,entrada
2023-01-29 15:37:10,entrada
2023-01-29 15:32:14,entrada
2023-01-29 15:11:23,entrada
2023-01-29 15:49:36,entrada
2023-01-29 15:10:55,entrada
2023-01-29 15:52:18,entrada
2023-01-29 15:53:00,entrada
2023-01-29 15:16:39,entrada
2023-01-29 15:54:15,entrada
2023-01-29 15:25:57,entrada
2023-01-29 15:42:58,entrada
2023-01-29 15:50:55,entrada
2023-01-29 15:42:14,entrada
2023-01-29 15:07:29,entrada
2023-01-29 15:13:32,entrada
2023-01-29 15:41:06,entrada
2023-01-29 15:17:11,entrada
2023-01-29 15:01:49,entrada
2023-01-29 15:28:20,entrada
2023-01-29 15:06:51,entrada
2023-01-29 16:46:53,entrada
2023-01-29 16:31:58,entrada
2023-01-29 16:55:26,entrada
2023-01-29 16:09:24,entrada
2023-01-29 16:48:44,entrada
2023-01-29 16:32:10,entrada
2023-01-29 16:36:08,entrada
2023-01-29 16:06:06,entrada
2023-01-29 16:33:18,entrada
2023-01-29 16:19:49,entrada
2023-01-29 16:41:24,entrada
2023-01-29 16:04:47,entrada
2023-01-29 16:28:54,entrada
2023-01-29 16:26:24,entrada
2023-01-29 16:36:14,entrada
2023-01-29 16:53:47,entrada
2023-01-29 16:03:13,entrada
2023-01-29 16:55:48,entrada
2023-01-29 16:16:20,entrada
2023-01-29 16:15:25,entrada
2023-01-29 16:08:01,entrada
2023-01-29 17:56:59,entrada
2023-01-29 17:11:08,entrada
2023-01-29 17:41:27,entrada
2023-01-29 17:12:19,entrada
2023-01-29 17:51:12,entrada
2023-01-29 17:26:25,entrada
2023-01-29 17:28:28,entrada
2023-01-29 17:21:08,entrada
2023-01-29 17:23:41,entrada
2023-01-29 17:18:37,entrada
2023-01-29 17:30:38,entrada
2023-01-29 17:14:53,entrada
2023-01-29 17:31:50,entrada
2023-01-29 17:45:47,entrada
2023-01-29 17:45:28,entrada
2023-01-29 17:56:51,entrada
2023-01-29 17:33:08,entrada
2023-01-29 17:34:05,entrada
2023-01-29 17:36:13,entrada
2023-01-29 17:46:49,entrada
2023-01-29 17:48:08,entrada
2023-01-29 17:18:22,entrada
2023-01-29 17:56:40,entrada
2023-01-29 17:27:15,entrada
2023-01-29 17:25:37,entrada
2023-01-29 17:39:24,entrada
2023-01-29 18:21:45,entrada
2023-01-29 18:12:47,entrada
2023-01-29 18:22:46,entrada
2023-01-29 18:30:34,entrada
2023-01-29 18:37:40,entrada
2023-01-29 18:34:44,entrada
2023-01-29 18:12:53,entrada
2023-01-29 18:06:04,entrada
2023-01-29 18:57:28,entrada
2023-01-29 18:07:07,entrada
2023-01-29 18:53:06,entrada
2023-01-29 18:18:38,entrada
2023-01-29 18:22:35,entrada
2023-01-29 18:41:31,entrada
2023-01-29 18:44:03,entrada
2023-01-29 18:29:50,entrada
2023-01-29 18:41:38,entrada
2023-01-29 18:04:02,entrada
2023-01-29 18:21:27,entrada
2023-01-29 18:21:21,entrada
2023-01-29 18:33:28,entrada
2023-01-29 18:42:41,entrada
2023-01-29 18:59:54,entrada
2023-01-29 18:12:06,entrada
2023-01-29 18:09:27,entrada
2023-01-29 18:03:58,entrada
2023-01-29 18:31:21,entrada
2023-01-29 18:19:47,entrada
2023-01-29 18:19:05,entrada
2023-01-29 18:08:27,entrada
2023-01-29 19:27:06,entrada
2023-01-29 19:14:59,entrada
2023-01-29 19:40:35,entrada
2023-01-29 19:07:09,entrada
2023-01-29 19:14:54,entrada
2023-01-29 19:17:45,entrada
2023-01-29 19:36:40,entrada
2023-01-29 19:44:56,entrada
2023-01-29 19:50:42,entrada
2023-01-29 19:43:34,entrada
2023-01-29 19:01:54,entrada
2023-01-29 19:21:14,entrada
2023-01-29 19:36:38,entrada
2023-01-29 19:35:04,entrada
2023-01-29 19:56:47,entrada
2023-01-29 19:14:26,entrada
2023-01-29 19:15:56,entrada
2023-01-29 19:35:37,entrada
2023-01-29 19:17:34,entrada
2023-01-29 19:24:21,entrada
2023-01-29 20:47:52,entrada
2023-01-29 20:58:08,entrada
2023-01-29 20:55:50,entrada
2023-01-29 20:31:16,entrada
2023-01-29 20:41:18,entrada
2023-01-29 20:39:26,entrada
2023-01-29 20:50:36,entrada
2023-01-29 20:33:46,entrada
2023-01-29 20:48:58,entrada
2023-01-29 20:09:29,entrada
2023-01-29 20:20:20,entrada
2023-01-29 20:53:33,entrada
2023-01-29 20:08:33,entrada
2023-01-29 20:49:11,entrada
2023-01-29 20:46:20,entrada
2023-01-29 20:56:19,entrada
2023-01-29 20:05:49,entrada
2023-01-29 20:44:35,entrada
2023-01-29 20:11:40,entrada
2023-01-29 20:30:01,entrada
2023-01-29 20:15:00,entrada
2023-01-29 20:03:46,entrada
2023-01-29 20:51:00,entrada
2023-01-29 20:51:46,entrada
2023-01-29 21:00:51,entrada
2023-01-29 21:54:57,entrada
2023-01-29 21:31:20,entrada
2023-01-29 21:03:08,entrada
2023-01-29 21:55:50,entrada
2023-01-29 21:45:21,entrada
2023-01-29 21:11:29,entrada
2023-01-29 21:29:31,entrada
2023-01-29 21:59:35,entrada
2023-01-29 21:06:16,entrada
2023-01-29 21:00:13,entrada
2023-01-29 21:46:43,entrada
2023-01-29 21:43:37,entrada
2023-01-29 21:25:26,entrada
2023-01-29 21:44:15,entrada
2023-01-29 21:45:06,entrada
2023-01-29 21:31:24,entrada
2023-01-29 21:30:15,entrada
2023-01-29 21:54:40,entrada
2023-01-29 21:57:13,entrada
2023-01-29 21:24:29,entrada
2023-01-29 21:55:06,entrada
2023-01-29 21:11:02,entrada
2023-01-29 21:26:45,entrada
2023-01-30 10:46:54,entrada
2023-01-30 10:04:53,entrada
2023-01-30 10:02:05,entrada
2023-01-30 10:22:45,entrada
2023-01-30 10:55:01,entrada
2023-01-30 10:17:29,entrada
2023-01-30 10:37:55,entrada
2023-01-30 10:04:45,entrada
2023-01-30 10:48:10,entrada
2023-01-30 10:00:09,entrada
2023-01-30 10:40:51,entrada
2023-01-30 10:43:25,entrada
2023-01-30 10:32:26,entrada
2023-01-30 10:55:49,entrada
2023-01-30 10:11:01,entrada
2023-01-30 10:00:00,entrada
2023-01-30 10:56:32,entrada
2023-01-30 10:21:11,entrada
2023-01-30 10:38:35,entrada
2023-01-30 10:20:19,entrada
2023-01-30 10:35:25,entrada
2023-01-30 10:46:30,entrada
2023-01-30 10:00:37,entrada
2023-01-30 10:13:25,entrada
2023-01-30 10:45:41,entrada
2023-01-30 10:06:54,entrada
2023-01-30 10:55:54,entrada
2023-01-30 11:36:42,entrada
2023-01-30 11:18:36,entrada
2023-01-30 11:52:07,entrada
2023-01-30 11:06:39,entrada
2023-01-30 11:12:36,entrada
2023-01-30 11:59:26,entrada
2023-01-30 11:17:23,entrada
2023-01-30 11:40:01,entrada
2023-01-30 11:15:13,entrada
2023-01-30 11:16:59,entrada
2023-01-30 11:05:34,entrada
2023-01-30 11:16:44,entrada
2023-01-30 11:37:59,entrada
2023-01-30 11:39:56,entrada
2023-01-30 11:05:59,entrada
2023-01-30 11:47:37,entrada
2023-01-30 11:48:20,entrada
2023-01-30 11:34:22,entrada
2023-01-30 11:11:56,entrada
2023-01-30 11:28:26,entrada
2023-01-30 11:05:20,entrada
2023-01-30 11:06:42,entrada
2023-01-30 11:40:15,entrada
2023-01-30 11:04:14,entrada
2023-01-30 11:20:57,entrada
2023-01-30 11:03:04,entrada
2023-01-30 11:06:34,entrada
2023-01-30 11:35:56,entrada
2023-01-30 11:14:27,entrada
2023-01-30 11:01:55,entrada
2023-01-30 12:08:44,entrada
2023-01-30 12:16:40,entrada
2023-01-30 12:12:08,entrada
2023-01-30 12:05:26,entrada
2023-01-30 12:41:36,entrada
2023-01-30 12:38:42,entrada
2023-01-30 12:23:08,entrada
2023-01-30 12:56:41,entrada
2023-01-30 12:10:34,entrada
2023-01-30 12:28:07,entrada
2023-01-30 12:16:06,entrada
2023-01-30 12:11:47,entrada
2023-01-30 12:14:52,entrada
2023-01-30 12:28:44,entrada
2023-01-30 12:49:49,entrada
2023-01-30 12:23:36,entrada
2023-01-30 12:13:59,entrada
2023-01-30 12:10:34,entrada
2023-01-30 12:16:58,entrada
2023-01-30 12:54:26,entrada
2023-01-30 12:43:02,entrada
2023-01-30 12:54:59,entrada
2023-01-30 12:01:03,entrada
2023-01-30 12:17:19,entrada
2023-01-30 12:20:13,entrada
2023-01-30 12:07:01,entrada
2023-01-30 12:25:18,entrada
2023-01-30 12:41:27,entrada
2023-01-30 12:28:04,entrada
2023-01-30 13:52:47,entrada
2023-01-30 13:06:19,entrada
2023-01-30 13:52:43,entrada
2023-01-30 13:48:42,entrada
2023-01-30 13:35:18,entrada
2023-01-30 13:01:33,entrada
2023-01-30 13:55:16,entrada
2023-01-30 13:23:08,entrada
2023-01-30 13:53:00,entrada
2023-01-30 13:41:27,entrada
2023-01-30 13:54:14,entrada
2023-01-30 13:20:14,entrada
2023-01-30 13:56:22,entrada
2023-01-30 13:52:01,entrada
2023-01-30 13:45:35,entrada
2023-01-30 13:49:08,entrada
2023-01-30 13:01:01,entrada
2023-01-30 13:17:16,entrada
2023-01-30 13:40:07,entrada
2023-01-30 13:33:33,entrada
2023-01-30 13:04:43,entrada
2023-01-30 14:50:40,entrada
2023-01-30 14:50:22,entrada
2023-01-30 14:00:22,entrada
2023-01-30 14:56:27,entrada
2023-01-30 14:58:31,entrada
2023-01-30 14:07:54,entrada
2023-01-30 14:25:13,entrada
2023-01-30 14:23:47,entrada
2023-01-30 14:28:03,entrada
2023-01-30 14:17:13,entrada
2023-01-30 14:26:40,entrada
2023-01-30 14:46:02,entrada
2023-01-30 14:29:58,entrada
2023-01-30 14:35:22,entrada
2023-01-30 14:17:45,entrada
2023-01-30 14:46:39,entrada
2023-01-30 14:59:09,entrada
2023-01-30 14:55:11,entrada
2023-01-30 14:52:40,entrada
2023-01-30 14:07:31,entrada
2023-01-30 14:16:40,entrada
2023-01-30 14:44:13,entrada
2023-01-30 14:36:08,entrada
2023-01-30 14:56:57,entrada
2023-01-30 15:57:34,entrada
2023-01-30 15:04:56,entrada
2023-01-30 15:38:10,entrada
2023-01-30 15:11:42,entrada
2023-01-30 15:18:12,entrada
2023-01-30 15:03:13,entrada
2023-01-30 15:43:58,entrada
2023-01-30 15:01:07,entrada
2023-01-30 15:21:50,entrada
2023-01-30 15:12:20,entrada
2023-01-30 15:20:27,entrada
2023-01-30 15:32:28,entrada
2023-01-30 15:36:21,entrada
2023-01-30 15:57:25,entrada
2023-01-30 15:58:10,entrada
2023-01-30 15:10:44,entrada
2023-01-30 15:33:18,entrada
2023-01-30 15:47:57,entrada
2023-01-30 15:36:13,entrada
2023-01-30 15:28:18,entrada
2023-01-30 15:36:20,entrada
2023-01-30 15:23:25,entrada
2023-01-30 15:40:55,entrada
2023-01-30 15:11:47,entrada
2023-01-30 15:18:46,entrada
2023-01-30 15:48:29,entrada
2023-01-30 15:14:02,entrada
2023-01-30 15:48:12,entrada
2023-01-30 15:58:08,entrada
2023-01-30 15:59:12,entrada
2023-01-30 15:15:50,entrada
2023-01-30 15:13:07,entrada
2023-01-30 15:53:18,entrada
2023-01-30 15:56:55,entrada
2023-01-30 16:03:29,entrada
2023-01-30 16:59:52,entrada
2023-01-30 16:32:35,entrada
2023-01-30 16:29:13,entrada
2023-01-30 16:22:47,entrada
2023-01-30 16:27:57,entrada
2023-01-30 16:06:41,entrada
2023-01-30 16:09:03,entrada
2023-01-30 16:43:37,entrada
2023-01-30 16:12:20,entrada
2023-01-30 16:32:39,entrada
2023-01-30 16:27:22,entrada
2023-01-30 16:31:47,entrada
2023-01-30 16:04:57,entrada
2023-01-30 16:25:38,entrada
2023-01-30 16:25:02,entrada
2023-01-30 16:23:52,entrada
2023-01-30 16:33:33,entrada
2023-01-30 16:19:54,entrada
2023-01-30 16:29:41,entrada
2023-01-30 16:19:40,entrada
2023-01-30 16:17:37,entrada
2023-01-30 16:19:05,entrada
2023-01-30 16:57:56,entrada
2023-01-30 16:41:59,entrada
2023-01-30 16:24:40,entrada
2023-01-30 16:40:02,entrada
2023-01-30 16:43:42,entrada
2023-01-30 16:45:56,entrada
2023-01-30 16:18:09,entrada
2023-01-30 17:02:57,entrada
2023-01-30 17:25:05,entrada
2023-01-30 17:19:46,entrada
2023-01-30 17:45:12,entrada
2023-01-30 17:40:22,entrada
2023-01-30 17:14:45,entrada
2023-01-30 17:30:03,entrada
2023-01-30 17:10:53,entrada
2023-01-30 17:01:15,entrada
2023-01-30 17:50:30,entrada
2023-01-30 17:47:58,entrada
2023-01-30 17:38:42,entrada
2023-01-30 17:43:03,entrada
2023-01-30 17:47:27,entrada
2023-01-30 17:57:15,entrada
2023-01-30 17:38:24,entrada
2023-01-30 17:12:04,entrada
2023-01-30 17:29:00,entrada
2023-01-30 17:04:53,entrada
2023-01-30 17:13:10,entrada
2023-01-30 18:26:27,entrada
2023-01-30 18:25:09,entrada
2023-01-30 18:23:16,entrada
2023-01-30 18:51:15,entrada
2023-01-30 18:16:00,entrada
2023-01-30 18:59:20,entrada
2023-01-30 18:53:46,entrada
2023-01-30 18:48:42,entrada
2023-01-30 18:21:04,entrada
2023-01-30 18:35:57,entrada
2023-01-30 18:20:55,entrada
2023-01-30 18:08:26,entrada
2023-01-30 18:47:11,entrada
2023-01-30 18:17:53,entrada
2023-01-30 18:34:14,entrada
2023-01-30 18:49:43,entrada
2023-01-30 18:29:44,entrada
2023-01-30 18:32:35,entrada
2023-01-30 18:39:50,entrada
2023-01-30 18:52:29,entrada
2023-01-30 18:25:20,entrada
2023-01-30 18:36:42,entrada
2023-01-30 18:56:30,entrada
2023-01-30 18:55:55,entrada
2023-01-30 18:16:16,entrada
2023-01-30 18:33:23,entrada
2023-01-30 19:34:31,entrada
2023-01-30 19:27:08,entrada
2023-01-30 19:23:03,entrada
2023-01-30 19:55:44,entrada
2023-01-30 19:40:02,entrada
2023-01-30 19:47:21,entrada
2023-01-30 19:39:57,entrada
2023-01-30 19:38:56,entrada
2023-01-30 19:54:48,entrada
2023-01-30 19:24:59,entrada
2023-01-30 19:47:52,entrada
2023-01-30 19:21:49,entrada
2023-01-30 19:47:46,entrada
2023-01-30 19:33:19,entrada
2023-01-30 19:35:36,entrada
2023-01-30 19:38:26,entrada
2023-01-30 19:59:46,entrada
2023-01-30 19:48:31,entrada
2023-01-30 19:41:51,entrada
2023-01-30 19:28:40,entrada
2023-01-30 19:47:31,entrada
2023-01-30 19:23:02,entrada
2023-01-30 19:53:26,entrada
2023-01-30 19:08:39,entrada
2023-01-30 19:22:06,entrada
2023-01-30 19:16:36,entrada
2023-01-30 19:06:29,entrada
2023-01-30 19:12:17,entrada
2023-01-30 19:30:21,entrada
2023-01-30 19:13:17,entrada
2023-01-30 20:12:20,entrada
2023-01-30 20:38:24,entrada
2023-01-30 20:57:36,entrada
2023-01-30 20:56:48,entrada
2023-01-30 20:12:14,entrada
2023-01-30 20:27:02,entrada
2023-01-30 20:22:03,entrada
2023-01-30 20:46:49,entrada
2023-01-30 20:59:02,entrada
2023-01-30 20:38:07,entrada
2023-01-30 20:42:24,entrada
2023-01-30 20:53:57,entrada
2023-01-30 20:40:51,entrada
2023-01-30 20:11:04,entrada
2023-01-30 20:32:45,entrada
2023-01-30 20:24:24,entrada
2023-01-30 20:56:34,entrada
2023-01-30 20:14:41,entrada
2023-01-30 20:25:09,entrada
2023-01-30 20:23:34,entrada
2023-01-30 20:28:37,entrada
2023-01-30 20:04:23,entrada
2023-01-30 21:32:48,entrada
2023-01-30 21:47:43,entrada
2023-01-30 21:59:29,entrada
2023-01-30 21:29:15,entrada
2023-01-30 21:08:16,entrada
2023-01-30 21:34:59,entrada
2023-01-30 21:49:46,entrada
2023-01-30 21:14:47,entrada
2023-01-30 21:27:19,entrada
2023-01-30 21:32:32,entrada
2023-01-30 21:35:12,entrada
2023-01-30 21:03:22,entrada
2023-01-30 21:07:12,entrada
2023-01-30 21:23:39,entrada
2023-01-30 21:45:29,entrada
2023-01-30 21:59:29,entrada
2023-01-30 21:24:32,entrada
2023-01-30 21:08:25,entrada
2023-01-30 21:23:32,entrada
2023-01-30 21:38:24,entrada
2023-01-30 21:51:44,entrada
2023-01-30 21:14:40,entrada
2023-01-30 21:47:48,entrada
2023-01-30 21:40:05,entrada
2023-01-30 21:19:43,entrada
2023-01-30 21:15:59,entrada
2023-01-30 21:20:14,entrada
2023-01-30 21:38:41,entrada
2023-01-30 21:03:23,entrada
2023-01-31 10:52:21,entrada
2023-01-31 10:36:14,entrada
2023-01-31 10:05:00,entrada
2023-01-31 10:19:40,entrada
2023-01-31 10:35:01,entrada
2023-01-31 10:05:01,entrada
2023-01-31 10:02:06,entrada
2023-01-31 10:19:48,entrada
2023-01-31 10:40:53,entrada
2023-01-31 10:40:50,entrada
2023-01-31 10:04:24,entrada
2023-01-31 10:37:17,entrada
2023-01-31 10:00:24,entrada
2023-01-31 10:16:45,entrada
2023-01-31 10:14:04,entrada
2023-01-31 10:16:20,entrada
2023-01-31 10:52:54,entrada
2023-01-31 10:22:42,entrada
2023-01-31 10:09:16,entrada
2023-01-31 10:56:00,entrada
2023-01-31 10:36:47,entrada
2023-01-31 10:06:11,entrada
2023-01-31 10:39:49,entrada
2023-01-31 11:36:28,entrada
2023-01-31 11:59:27,entrada
2023-01-31 11:33:00,entrada
2023-01-31 11:47:24,entrada
2023-01-31 11:20:33,entrada
2023-01-31 11:25:35,entrada
2023-01-31 11:34:22,entrada
2023-01-31 11:16:46,entrada
2023-01-31 11:41:11,entrada
2023-01-31 11:43:19,entrada
2023-01-31 11:38:26,entrada
2023-01-31 11:41:36,entrada
2023-01-31 11:19:51,entrada
2023-01-31 11:10:27,entrada
2023-01-31 11:01:23,entrada
2023-01-31 11:15:11,entrada
2023-01-31 11:15:35,entrada
2023-01-31 11:01:24,entrada
2023-01-31 11:28:27,entrada
2023-01-31 11:09:44,entrada
2023-01-31 11:22:31,entrada
2023-01-31 11:30:18,entrada
2023-01-31 11:14:54,entrada
2023-01-31 11:32:59,entrada
2023-01-31 11:16:51,entrada
2023-01-31 11:35:19,entrada
2023-01-31 11:08:37,entrada
2023-01-31 12:23:12,entrada
2023-01-31 12:00:11,entrada
2023-01-31 12:50:41,entrada
2023-01-31 12:23:36,entrada
2023-01-31 12:19:05,entrada
2023-01-31 12:11:20,entrada
2023-01-31 12:02:26,entrada
2023-01-31 12:45:52,entrada
2023-01-31 12:35:16,entrada
2023-01-31 12:48:45,entrada
2023-01-31 12:14:38,entrada
2023-01-31 12:03:16,entrada
2023-01-31 12:37:10,entrada
2023-01-31 12:11:46,entrada
2023-01-31 12:31:26,entrada
2023-01-31 12:43:42,entrada
2023-01-31 12:26:48,entrada
2023-01-31 12:39:43,entrada
2023-01-31 12:28:08,entrada
2023-01-31 12:42:02,entrada
2023-01-31 12:38:28,entrada
2023-01-31 12:20:34,entrada
2023-01-31 12:52:47,entrada
2023-01-31 13:15:38,entrada
2023-01-31 13:44:44,entrada
2023-01-31 13:46:22,entrada
2023-01-31 13:31:48,entrada
2023-01-31 13:16:58,entrada
2023-01-31 13:18:41,entrada
2023-01-31 13:33:13,entrada
2023-01-31 13:54:02,entrada
2023-01-31 13:38:24,entrada
2023-01-31 13:59:10,entrada
2023-01-31 13:48:14,entrada
2023-01-31 13:18:42,entrada
2023-01-31 13:14:14,entrada
2023-01-31 13:37:14,entrada
2023-01-31 13:08:04,entrada
2023-01-31 13:18:23,entrada
2023-01-31 13:28:59,entrada
2023-01-31 13:04:21,entrada
2023-01-31 13:12:49,entrada
2023-01-31 13:51:48,entrada
2023-01-31 13:46:45,entrada
2023-01-31 13:28:15,entrada
2023-01-31 13:35:16,entrada
2023-01-31 13:19:13,entrada
2023-01-31 13:49:05,entrada
2023-01-31 13:21:39,entrada
2023-01-31 13:08:31,entrada
2023-01-31 13:23:32,entrada
2023-01-31 13:12:34,entrada
2023-01-31 14:30:41,entrada
2023-01-31 14:31:18,entrada
2023-01-31 14:30:38,entrada
2023-01-31 14:19:27,entrada
2023-01-31 14:02:31,entrada
2023-01-31 14:21:43,entrada
2023-01-31 14:57:53,entrada
2023-01-31 14:41:52,entrada
2023-01-31 14:43:14,entrada
2023-01-31 14:37:18,entrada
2023-01-31 14:30:25,entrada
2023-01-31 14:04:56,entrada
2023-01-31 14:19:58,entrada
2023-01-31 14:01:20,entrada
2023-01-31 14:50:59,entrada
2023-01-31 14:50:35,entrada
2023-01-31 14:27:19,entrada
2023-01-31 14:36:38,entrada
2023-01-31 14:35:10,entrada
2023-01-31 14:54:56,entrada
2023-01-31 14:02:36,entrada
2023-01-31 14:19:31,entrada
2023-01-31 14:46:24,entrada
2023-01-31 14:20:57,entrada
2023-01-31 15:39:43,entrada
2023-01-31 15:23:10,entrada
2023-01-31 15:01:00,entrada
2023-01-31 15:56:57,entrada
2023-01-31 15:27:03,entrada
2023-01-31 15:40:58,entrada
2023-01-31 15:29:59,entrada
2023-01-31 15:58:06,entrada
2023-01-31 15:59:21,entrada
2023-01-31 15:25:28,entrada
2023-01-31 15:24:09,entrada
2023-01-31 15:19:13,entrada
2023-01-31 15:32:04,entrada
2023-01-31 15:44:05,entrada
2023-01-31 15:21:59,entrada
2023-01-31 15:16:14,entrada
2023-01-31 15:38:39,entrada
2023-01-31 15:27:52,entrada
2023-01-31 15:01:17,entrada
2023-01-31 15:26:20,entrada
2023-01-31 15:22:06,entrada
2023-01-31 15:51:58,entrada
2023-01-31 15:47:18,entrada
2023-01-31 15:08:11,entrada
2023-01-31 15:45:29,entrada
2023-01-31 15:06:01,entrada
2023-01-31 15:16:10,entrada
2023-01-31 15:49:11,entrada
2023-01-31 16:34:31,entrada
2023-01-31 16:49:16,entrada
2023-01-31 16:01:25,entrada
2023-01-31 16:53:43,entrada
2023-01-31 16:16:37,entrada
2023-01-31 16:48:01,entrada
2023-01-31 16:07:45,entrada
2023-01-31 16:05:08,entrada
2023-01-31 16:00:04,entrada
2023-01-31 16:38:08,entrada
2023-01-31 16:13:26,entrada
2023-01-31 16:08:35,entrada
2023-01-31 16:28:19,entrada
2023-01-31 16:14:35,entrada
2023-01-31 16:02:55,entrada
2023-01-31 16:52:22,entrada
2023-01-31 16:57:53,entrada
2023-01-31 16:45:08,entrada
2023-01-31 16:29:18,entrada
2023-01-31 16:37:02,entrada
2023-01-31 17:38:08,entrada
2023-01-31 17:59:52,entrada
2023-01-31 17:11:53,entrada
2023-01-31 17:28:09,entrada
2023-01-31 17:26:18,entrada
2023-01-31 17:12:41,entrada
2023-01-31 17:36:31,entrada
2023-01-31 17:14:20,entrada
2023-01-31 17:02:07,entrada
2023-01-31 17:05:28,entrada
2023-01-31 17:18:16,entrada
2023-01-31 17:09:32,entrada
2023-01-31 17:12:26,entrada
2023-01-31 17:41:11,entrada
2023-01-31 17:01:09,entrada
2023-01-31 17:20:22,entrada
2023-01-31 17:00:32,entrada
2023-01-31 17:51:25,entrada
2023-01-31 17:14:21,entrada
2023-01-31 17:24:00,entrada
2023-01-31 17:58:25,entrada
2023-01-31 17:20:40,entrada
2023-01-31 17:23:38,entrada
2023-01-31 17:15:31,entrada
2023-01-31 17:15:12,entrada
2023-01-31 17:41:31,entrada
2023-01-31 17:49:40,entrada
2023-01-31 17:43:23,entrada
2023-01-31 18:44:49,entrada
2023-01-31 18:23:46,entrada
2023-01-31 18:46:07,entrada
2023-01-31 18:50:54,entrada
2023-01-31 18:13:38,entrada
2023-01-31 18:13:04,entrada
2023-01-31 18:46:20,entrada
2023-01-31 18:14:55,entrada
2023-01-31 18:35:32,entrada
2023-01-31 18:16:56,entrada
2023-01-31 18:19:00,entrada
2023-01-31 18:15:44,entrada
2023-01-31 18:17:09,entrada
2023-01-31 18:22:17,entrada
2023-01-31 18:48:57,entrada
2023-01-31 18:08:45,entrada
2023-01-31 18:52:29,entrada
2023-01-31 18:12:51,entrada
2023-01-31 18:51:30,entrada
2023-01-31 18:45:42,entrada
2023-01-31 18:12:31,entrada
2023-01-31 18:16:02,entrada
2023-01-31 18:00:52,entrada
2023-01-31 18:04:31,entrada
2023-01-31 18:24:44,entrada
2023-01-31 18:55:04,entrada
2023-01-31 18:36:22,entrada
2023-01-31 18:11:33,entrada
2023-01-31 18:22:15,entrada
2023-01-31 18:48:04,entrada
2023-01-31 18:43:46,entrada
2023-01-31 19:38:58,entrada
2023-01-31 19:25:00,entrada
2023-01-31 19:15:47,entrada
2023-01-31 19:48:46,entrada
2023-01-31 19:52:08,entrada
2023-01-31 19:04:51,entrada
2023-01-31 19:07:20,entrada
2023-01-31 19:32:38,entrada
2023-01-31 19:42:19,entrada
2023-01-31 19:57:52,entrada
2023-01-31 19:44:21,entrada
2023-01-31 19:12:38,entrada
2023-01-31 19:10:17,entrada
2023-01-31 19:29:32,entrada
2023-01-31 19:43:02,entrada
2023-01-31 19:57:59,entrada
2023-01-31 19:00:35,entrada
2023-01-31 19:05:36,entrada
2023-01-31 19:28:10,entrada
2023-01-31 19:51:54,entrada
2023-01-31 19:12:10,entrada
2023-01-31 19:58:37,entrada
2023-01-31 19:50:24,entrada
2023-01-31 20:49:13,entrada
2023-01-31 20:09:32,entrada
2023-01-31 20:08:17,entrada
2023-01-31 20:12:58,entrada
2023-01-31 20:16:22,entrada
2023-01-31 20:24:53,entrada
2023-01-31 20:15:23,entrada
2023-01-31 20:30:10,entrada
2023-01-31 20:22:40,entrada
2023-01-31 20:38:21,entrada
2023-01-31 20:32:40,entrada
2023-01-31 20:41:47,entrada
2023-01-31 20:52:17,entrada
2023-01-31 20:13:27,entrada
2023-01-31 20:10:23,entrada
2023-01-31 20:35:18,entrada
2023-01-31 20:12:32,entrada
2023-01-31 20:52:18,entrada
2023-01-31 20:46:51,entrada
2023-01-31 20:31:14,entrada
2023-01-31 20:56:10,entrada
2023-01-31 20:22:58,entrada
2023-01-31 20:04:55,entrada
2023-01-31 21:31:26,entrada
2023-01-31 21:50:33,entrada
2023-01-31 21:27:08,entrada
2023-01-31 21:07:20,entrada
2023-01-31 21:45:29,entrada
2023-01-31 21:28:08,entrada
2023-01-31 21:12:17,entrada
2023-01-31 21:37:54,entrada
2023-01-31 21:21:30,entrada
2023-01-31 21:34:41,entrada
2023-01-31 21:41:09,entrada
2023-01-31 21:08:30,entrada
2023-01-31 21:43:55,entrada
2023-01-31 21:39:23,entrada
2023-01-31 21:40:48,entrada
2023-01-31 21:07:49,entrada
2023-01-31 21:19:16,entrada
2023-01-31 21:27:05,entrada
2023-01-31 21:41:32,entrada
2023-01-31 21:27:52,entrada
2023-01-31 21:56:00,entrada
2023-01-31 21:40:51,entrada
