datetime,event
2023-01-01 10:06:20,salida
2023-01-01 10:08:38,salida
2023-01-01 10:17:03,salida
2023-01-01 10:24:59,salida
2023-01-01 10:13:49,salida
2023-01-01 10:57:08,salida
2023-01-01 10:25:52,salida
2023-01-01 10:01:19,salida
2023-01-01 10:27:46,salida
2023-01-01 10:59:06,salida
2023-01-01 10:43:07,salida
2023-01-01 10:46:34,salida
2023-01-01 10:13:16,salida
2023-01-01 10:35:49,salida
2023-01-01 10:39:03,salida
2023-01-01 10:01:05,salida
2023-01-01 10:53:41,salida
2023-01-01 10:03:53,salida
2023-01-01 10:28:17,salida
2023-01-01 10:25:43,salida
2023-01-01 10:33:09,salida
2023-01-01 10:35:13,salida
2023-01-01 11:36:46,salida
2023-01-01 11:13:02,salida
2023-01-01 11:00:04,salida
2023-01-01 11:25:54,salida
2023-01-01 11:13:38,salida
2023-01-01 11:26:08,salida
2023-01-01 11:14:14,salida
2023-01-01 11:25:41,salida
2023-01-01 11:59:12,salida
2023-01-01 11:50:31,salida
2023-01-01 11:38:48,salida
2023-01-01 11:51:31,salida
2023-01-01 11:03:29,salida
2023-01-01 11:36:22,salida
2023-01-01 11:38:44,salida
2023-01-01 11:14:42,salida
2023-01-01 11:28:35,salida
2023-01-01 11:12:31,salida
2023-01-01 11:06:58,salida
2023-01-01 11:50:21,salida
2023-01-01 12:03:54,salida
2023-01-01 12:10:55,salida
2023-01-01 12:58:16,salida
2023-01-01 12:37:23,salida
2023-01-01 12:04:51,salida
2023-01-01 12:33:05,salida
2023-01-01 12:21:10,salida
2023-01-01 12:47:15,salida
2023-01-01 12:32:08,salida
2023-01-01 12:59:58,salida
2023-01-01 12:05:15,salida
2023-01-01 12:28:02,salida
2023-01-01 12:19:59,salida
2023-01-01 12:58:35,salida
2023-01-01 12:18:25,salida
2023-01-01 12:02:18,salida
2023-01-01 12:19:31,salida
2023-01-01 12:06:51,salida
2023-01-01 12:40:32,salida
2023-01-01 12:39:38,salida
2023-01-01 12:17:39,salida
2023-01-01 12:00:10,salida
2023-01-01 12:27:56,salida
2023-01-01 12:24:49,salida
2023-01-01 12:22:30,salida
2023-01-01 12:29:41,salida
2023-01-01 12:34:06,salida
2023-01-01 13:32:47,salida
2023-01-01 13:11:58,salida
2023-01-01 13:50:21,salida
2023-01-01 13:54:21,salida
2023-01-01 13:45:29,salida
2023-01-01 13:37:37,salida
2023-01-01 13:44:50,salida
2023-01-01 13:53:07,salida
2023-01-01 13:26:26,salida
2023-01-01 13:33:20,salida
2023-01-01 13:29:32,salida
2023-01-01 13:27:46,salida
2023-01-01 13:32:04,salida
2023-01-01 13:59:47,salida
2023-01-01 13:18:03,salida
2023-01-01 13:34:48,salida
2023-01-01 13:16:43,salida
2023-01-01 13:27:29,salida
2023-01-01 13:28:45,salida
2023-01-01 14:21:57,salida
2023-01-01 14:57:21,salida
2023-01-01 14:48:51,salida
2023-01-01 14:41:05,salida
2023-01-01 14:14:53,salida
2023-01-01 14:42:59,salida
2023-01-01 14:36:32,salida
2023-01-01 14:07:52,salida
2023-01-01 14:59:43,salida
2023-01-01 14:43:04,salida
2023-01-01 14:38:03,salida
2023-01-01 14:05:44,salida
2023-01-01 14:31:51,salida
2023-01-01 14:29:46,salida
2023-01-01 14:34:54,salida
2023-01-01 14:39:51,salida
2023-01-01 14:15:12,salida
2023-01-01 14:49:59,salida
2023-01-01 14:41:29,salida
2023-01-01 14:18:16,salida
2023-01-01 14:55:18,salida
2023-01-01 14:27:57,salida
2023-01-01 14:54:25,salida
2023-01-01 14:36:25,salida
2023-01-01 14:52:22,salida
2023-01-01 14:08:11,salida
2023-01-01 14:52:00,salida
2023-01-01 14:57:57,salida
2023-01-01 15:59:32,salida
2023-01-01 15:32:50,salida
2023-01-01 15:42:36,salida
2023-01-01 15:11:02,salida
2023-01-01 15:00:32,salida
2023-01-01 15:39:09,salida
2023-01-01 15:42:43,salida
2023-01-01 15:28:12,salida
2023-01-01 15:11:30,salida
2023-01-01 15:45:01,salida
2023-01-01 15:50:49,salida
2023-01-01 15:34:22,salida
2023-01-01 15:16:25,salida
2023-01-01 15:07:28,salida
2023-01-01 15:25:09,salida
2023-01-01 15:25:33,salida
2023-01-01 15:50:40,salida
2023-01-01 15:06:03,salida
2023-01-01 15:57:52,salida
2023-01-01 15:49:44,salida
2023-01-01 15:10:28,salida
2023-01-01 15:55:35,salida
2023-01-01 15:24:20,salida
2023-01-01 15:56:35,salida
2023-01-01 15:09:36,salida
2023-01-01 16:44:52,salida
2023-01-01 16:41:57,salida
2023-01-01 16:38:13,salida
2023-01-01 16:30:57,salida
2023-01-01 16:04:34,salida
2023-01-01 16:22:28,salida
2023-01-01 16:42:10,salida
2023-01-01 16:17:46,salida
2023-01-01 16:11:08,salida
2023-01-01 16:09:57,salida
2023-01-01 16:43:16,salida
2023-01-01 16:37:06,salida
2023-01-01 16:45:12,salida
2023-01-01 16:39:41,salida
2023-01-01 16:08:49,salida
2023-01-01 16:26:57,salida
2023-01-01 16:01:04,salida
2023-01-01 16:28:36,salida
2023-01-01 16:37:18,salida
2023-01-01 16:07:47,salida
2023-01-01 17:56:10,salida
2023-01-01 17:11:09,salida
2023-01-01 17:31:15,salida
2023-01-01 17:07:37,salida
2023-01-01 17:11:23,salida
2023-01-01 17:27:52,salida
2023-01-01 17:07:57,salida
2023-01-01 17:27:35,salida
2023-01-01 17:25:07,salida
2023-01-01 17:57:59,salida
2023-01-01 17:49:27,salida
2023-01-01 17:27:36,salida
2023-01-01 17:40:35,salida
2023-01-01 17:26:53,salida
2023-01-01 17:16:08,salida
2023-01-01 17:32:52,salida
2023-01-01 17:19:12,salida
2023-01-01 17:27:47,salida
2023-01-01 17:28:12,salida
2023-01-01 17:45:34,salida
2023-01-01 17:05:17,salida
2023-01-01 17:50:04,salida
2023-01-01 17:46:24,salida
2023-01-01 17:01:09,salida
2023-01-01 17:55:29,salida
2023-01-01 17:49:58,salida
2023-01-01 17:44:04,salida
2023-01-01 18:46:22,salida
2023-01-01 18:14:36,salida
2023-01-01 18:20:13,salida
2023-01-01 18:01:10,salida
2023-01-01 18:50:38,salida
2023-01-01 18:37:59,salida
2023-01-01 18:33:37,salida
2023-01-01 18:49:33,salida
2023-01-01 18:17:29,salida
2023-01-01 18:14:26,salida
2023-01-01 18:50:33,salida
2023-01-01 18:51:56,salida
2023-01-01 18:37:32,salida
2023-01-01 18:23:14,salida
2023-01-01 18:59:29,salida
2023-01-01 18:54:41,salida
2023-01-01 18:50:16,salida
2023-01-01 18:04:28,salida
2023-01-01 18:03:09,salida
2023-01-01 18:55:16,salida
2023-01-01 18:09:16,salida
2023-01-01 18:59:19,salida
2023-01-01 18:23:04,salida
2023-01-01 18:33:05,salida
2023-01-01 18:52:01,salida
2023-01-01 18:12:42,salida
2023-01-01 18:42:47,salida
2023-01-01 19:21:13,salida
2023-01-01 19:25:27,salida
2023-01-01 19:22:13,salida
2023-01-01 19:23:01,salida
2023-01-01 19:44:25,salida
2023-01-01 19:13:58,salida
2023-01-01 19:55:50,salida
2023-01-01 19:06:02,salida
2023-01-01 19:46:22,salida
2023-01-01 19:45:42,salida
2023-01-01 19:46:59,salida
2023-01-01 19:44:17,salida
2023-01-01 19:57:37,salida
2023-01-01 19:34:50,salida
2023-01-01 19:14:24,salida
2023-01-01 19:54:36,salida
2023-01-01 19:27:09,salida
2023-01-01 19:38:56,salida
2023-01-01 19:16:38,salida
2023-01-01 19:21:25,salida
2023-01-01 20:03:14,salida
2023-01-01 20:05:53,salida
2023-01-01 20:48:29,salida
2023-01-01 20:55:37,salida
2023-01-01 20:50:56,salida
2023-01-01 20:01:14,salida
2023-01-01 20:10:07,salida
2023-01-01 20:25:50,salida
2023-01-01 20:44:43,salida
2023-01-01 20:04:05,salida
2023-01-01 20:25:53,salida
2023-01-01 20:03:18,salida
2023-01-01 20:19:32,salida
2023-01-01 20:19:48,salida
2023-01-01 20:11:46,salida
2023-01-01 20:00:25,salida
2023-01-01 20:13:37,salida
2023-01-01 20:36:10,salida
2023-01-01 20:35:12,salida
2023-01-01 20:42:02,salida
2023-01-01 20:32:05,salida
2023-01-01 20:49:55,salida
2023-01-01 20:09:04,salida
2023-01-01 20:22:09,salida
2023-01-01 21:14:32,salida
2023-01-01 21:24:16,salida
2023-01-01 21:32:46,salida
2023-01-01 21:54:01,salida
2023-01-01 21:13:52,salida
2023-01-01 21:39:39,salida
2023-01-01 21:50:38,salida
2023-01-01 21:50:05,salida
2023-01-01 21:05:02,salida
2023-01-01 21:06:50,salida
2023-01-01 21:07:41,salida
2023-01-01 21:51:14,salida
2023-01-01 21:46:28,salida
2023-01-01 21:32:51,salida
2023-01-01 21:29:38,salida
2023-01-01 21:26:35,salida
2023-01-01 21:28:37,salida
2023-01-01 21:56:32,salida
2023-01-01 21:36:26,salida
2023-01-01 21:54:32,salida
2023-01-01 21:03:21,salida
2023-01-02 10:36:07,salida
2023-01-02 10:41:48,salida
2023-01-02 10:27:30,salida
2023-01-02 10:57:08,salida
2023-01-02 10:53:50,salida
2023-01-02 10:28:13,salida
2023-01-02 10:39:40,salida
2023-01-02 10:21:10,salida
2023-01-02 10:22:00,salida
2023-01-02 10:45:36,salida
2023-01-02 10:20:25,salida
2023-01-02 10:45:35,salida
2023-01-02 10:53:22,salida
2023-01-02 10:56:00,salida
2023-01-02 10:53:54,salida
2023-01-02 10:50:39,salida
2023-01-02 10:14:20,salida
2023-01-02 10:46:08,salida
2023-01-02 10:52:08,salida
2023-01-02 10:09:51,salida
2023-01-02 10:56:52,salida
2023-01-02 10:25:40,salida
2023-01-02 11:50:46,salida
2023-01-02 11:49:01,salida
2023-01-02 11:53:27,salida
2023-01-02 11:48:49,salida
2023-01-02 11:29:37,salida
2023-01-02 11:50:03,salida
2023-01-02 11:00:07,salida
2023-01-02 11:28:54,salida
2023-01-02 11:38:02,salida
2023-01-02 11:31:09,salida
2023-01-02 11:09:18,salida
2023-01-02 11:45:33,salida
2023-01-02 11:59:32,salida
2023-01-02 11:22:54,salida
2023-01-02 11:27:31,salida
2023-01-02 11:49:06,salida
2023-01-02 11:28:07,salida
2023-01-02 11:00:56,salida
2023-01-02 11:54:02,salida
2023-01-02 11:23:22,salida
2023-01-02 11:58:07,salida
2023-01-02 11:53:56,salida
2023-01-02 12:39:01,salida
2023-01-02 12:44:24,salida
2023-01-02 12:38:08,salida
2023-01-02 12:53:21,salida
2023-01-02 12:42:45,salida
2023-01-02 12:03:25,salida
2023-01-02 12:57:28,salida
2023-01-02 12:44:33,salida
2023-01-02 12:22:36,salida
2023-01-02 12:10:05,salida
2023-01-02 12:17:20,salida
2023-01-02 12:41:35,salida
2023-01-02 12:40:37,salida
2023-01-02 12:33:16,salida
2023-01-02 12:36:24,salida
2023-01-02 12:37:57,salida
2023-01-02 12:11:22,salida
2023-01-02 12:52:41,salida
2023-01-02 12:21:20,salida
2023-01-02 12:26:56,salida
2023-01-02 12:30:05,salida
2023-01-02 12:26:39,salida
2023-01-02 12:33:11,salida
2023-01-02 12:44:56,salida
2023-01-02 12:52:06,salida
2023-01-02 13:11:15,salida
2023-01-02 13:23:18,salida
2023-01-02 13:07:30,salida
2023-01-02 13:20:16,salida
2023-01-02 13:22:36,salida
2023-01-02 13:53:15,salida
2023-01-02 13:05:07,salida
2023-01-02 13:24:17,salida
2023-01-02 13:24:11,salida
2023-01-02 13:14:58,salida
2023-01-02 13:25:40,salida
2023-01-02 13:44:25,salida
2023-01-02 13:46:31,salida
2023-01-02 13:09:15,salida
2023-01-02 13:06:16,salida
2023-01-02 13:22:25,salida
2023-01-02 13:20:21,salida
2023-01-02 13:57:06,salida
2023-01-02 13:13:14,salida
2023-01-02 13:52:06,salida
2023-01-02 13:08:50,salida
2023-01-02 13:47:07,salida
2023-01-02 13:49:58,salida
2023-01-02 13:22:28,salida
2023-01-02 13:17:30,salida
2023-01-02 13:29:51,salida
2023-01-02 13:38:34,salida
2023-01-02 13:17:58,salida
2023-01-02 13:41:38,salida
2023-01-02 13:16:13,salida
2023-01-02 13:30:23,salida
2023-01-02 13:34:43,salida
2023-01-02 13:59:44,salida
2023-01-02 14:29:49,salida
2023-01-02 14:03:17,salida
2023-01-02 14:36:24,salida
2023-01-02 14:47:00,salida
2023-01-02 14:52:45,salida
2023-01-02 14:14:08,salida
2023-01-02 14:14:48,salida
2023-01-02 14:56:23,salida
2023-01-02 14:03:11,salida
2023-01-02 14:58:57,salida
2023-01-02 14:36:36,salida
2023-01-02 14:42:59,salida
2023-01-02 14:05:38,salida
2023-01-02 14:55:45,salida
2023-01-02 14:23:10,salida
2023-01-02 14:12:33,salida
2023-01-02 14:24:06,salida
2023-01-02 14:51:03,salida
2023-01-02 14:58:07,salida
2023-01-02 15:59:47,salida
2023-01-02 15:12:27,salida
2023-01-02 15:04:12,salida
2023-01-02 15:16:49,salida
2023-01-02 15:39:44,salida
2023-01-02 15:31:28,salida
2023-01-02 15:50:57,salida
2023-01-02 15:02:55,salida
2023-01-02 15:39:33,salida
2023-01-02 15:39:26,salida
2023-01-02 15:12:44,salida
2023-01-02 15:32:05,salida
2023-01-02 15:23:18,salida
2023-01-02 15:15:39,salida
2023-01-02 15:27:32,salida
2023-01-02 15:58:58,salida
2023-01-02 15:47:40,salida
2023-01-02 15:12:42,salida
2023-01-02 15:44:24,salida
2023-01-02 15:52:41,salida
2023-01-02 15:35:26,salida
2023-01-02 15:37:59,salida
2023-01-02 15:06:04,salida
2023-01-02 15:42:44,salida
2023-01-02 16:46:28,salida
2023-01-02 16:11:35,salida
2023-01-02 16:58:34,salida
2023-01-02 16:51:11,salida
2023-01-02 16:06:28,salida
2023-01-02 16:10:32,salida
2023-01-02 16:05:46,salida
2023-01-02 16:14:31,salida
2023-01-02 16:50:10,salida
2023-01-02 16:57:22,salida
2023-01-02 16:25:33,salida
2023-01-02 16:45:33,salida
2023-01-02 16:28:03,salida
2023-01-02 16:16:34,salida
2023-01-02 16:12:40,salida
2023-01-02 16:38:14,salida
2023-01-02 16:54:28,salida
2023-01-02 16:28:10,salida
2023-01-02 16:51:31,salida
2023-01-02 16:01:46,salida
2023-01-02 16:13:19,salida
2023-01-02 16:21:10,salida
2023-01-02 16:26:02,salida
2023-01-02 16:16:43,salida
2023-01-02 17:16:07,salida
2023-01-02 17:20:17,salida
2023-01-02 17:29:17,salida
2023-01-02 17:45:46,salida
2023-01-02 17:30:37,salida
2023-01-02 17:31:10,salida
2023-01-02 17:44:24,salida
2023-01-02 17:32:59,salida
2023-01-02 17:37:40,salida
2023-01-02 17:07:10,salida
2023-01-02 17:21:50,salida
2023-01-02 17:23:40,salida
2023-01-02 17:16:11,salida
2023-01-02 17:56:45,salida
2023-01-02 17:31:14,salida
2023-01-02 17:15:53,salida
2023-01-02 17:21:27,salida
2023-01-02 17:19:32,salida
2023-01-02 17:09:39,salida
2023-01-02 17:31:49,salida
2023-01-02 17:59:32,salida
2023-01-02 17:01:32,salida
2023-01-02 17:32:40,salida
2023-01-02 17:12:29,salida
2023-01-02 17:32:12,salida
2023-01-02 17:51:25,salida
2023-01-02 17:21:38,salida
2023-01-02 18:12:24,salida
2023-01-02 18:44:50,salida
2023-01-02 18:57:18,salida
2023-01-02 18:54:45,salida
2023-01-02 18:35:44,salida
2023-01-02 18:07:28,salida
2023-01-02 18:54:52,salida
2023-01-02 18:54:31,salida
2023-01-02 18:50:43,salida
2023-01-02 18:17:05,salida
2023-01-02 18:17:18,salida
2023-01-02 18:21:36,salida
2023-01-02 18:31:55,salida
2023-01-02 18:40:58,salida
2023-01-02 18:02:27,salida
2023-01-02 18:09:50,salida
2023-01-02 19:19:01,salida
2023-01-02 19:38:05,salida
2023-01-02 19:16:58,salida
2023-01-02 19:24:56,salida
2023-01-02 19:27:01,salida
2023-01-02 19:34:36,salida
2023-01-02 19:04:00,salida
2023-01-02 19:39:11,salida
2023-01-02 19:55:35,salida
2023-01-02 19:44:22,salida
2023-01-02 19:46:30,salida
2023-01-02 19:10:09,salida
2023-01-02 19:02:53,salida
2023-01-02 19:13:15,salida
2023-01-02 19:09:28,salida
2023-01-02 19:09:11,salida
2023-01-02 19:29:40,salida
2023-01-02 19:00:04,salida
2023-01-02 19:19:07,salida
2023-01-02 19:42:11,salida
2023-01-02 19:00:56,salida
2023-01-02 19:53:19,salida
2023-01-02 19:27:56,salida
2023-01-02 19:42:36,salida
2023-01-02 19:46:36,salida
2023-01-02 19:11:36,salida
2023-01-02 20:31:37,salida
2023-01-02 20:04:46,salida
2023-01-02 20:21:46,salida
2023-01-02 20:33:00,salida
2023-01-02 20:54:54,salida
2023-01-02 20:25:42,salida
2023-01-02 20:09:29,salida
2023-01-02 20:49:17,salida
2023-01-02 20:16:25,salida
2023-01-02 20:07:46,salida
2023-01-02 20:39:48,salida
2023-01-02 20:11:26,salida
2023-01-02 20:07:24,salida
2023-01-02 20:45:03,salida
2023-01-02 20:32:00,salida
2023-01-02 20:18:30,salida
2023-01-02 20:15:13,salida
2023-01-02 20:52:47,salida
2023-01-02 20:04:40,salida
2023-01-02 21:52:28,salida
2023-01-02 21:25:24,salida
2023-01-02 21:11:04,salida
2023-01-02 21:33:47,salida
2023-01-02 21:36:14,salida
2023-01-02 21:43:35,salida
2023-01-02 21:14:42,salida
2023-01-02 21:47:22,salida
2023-01-02 21:05:45,salida
2023-01-02 21:49:43,salida
2023-01-02 21:58:42,salida
2023-01-02 21:44:20,salida
2023-01-02 21:22:42,salida
2023-01-02 21:54:15,salida
2023-01-02 21:46:52,salida
2023-01-02 21:59:14,salida
2023-01-02 21:24:35,salida
2023-01-02 21:10:50,salida
2023-01-02 21:14:03,salida
2023-01-02 21:20:12,salida
2023-01-02 21:21:18,salida
2023-01-02 21:33:13,salida
2023-01-02 21:03:47,salida
2023-01-02 21:52:51,salida
2023-01-02 21:45:26,salida
2023-01-03 10:33:32,salida
2023-01-03 10:54:20,salida
2023-01-03 10:16:21,salida
2023-01-03 10:47:36,salida
2023-01-03 10:14:34,salida
2023-01-03 10:27:06,salida
2023-01-03 10:31:10,salida
2023-01-03 10:09:08,salida
2023-01-03 10:13:12,salida
2023-01-03 10:56:24,salida
2023-01-03 10:01:34,salida
2023-01-03 10:06:20,salida
2023-01-03 10:17:02,salida
2023-01-03 10:41:53,salida
2023-01-03 10:38:40,salida
2023-01-03 10:48:10,salida
2023-01-03 10:38:23,salida
2023-01-03 10:59:45,salida
2023-01-03 10:18:03,salida
2023-01-03 10:25:37,salida
2023-01-03 10:41:31,salida
2023-01-03 10:38:44,salida
2023-01-03 10:45:35,salida
2023-01-03 10:39:36,salida
2023-01-03 10:32:35,salida
2023-01-03 10:02:08,salida
2023-01-03 10:07:32,salida
2023-01-03 10:58:05,salida
2023-01-03 11:20:19,salida
2023-01-03 11:05:21,salida
2023-01-03 11:17:07,salida
2023-01-03 11:38:31,salida
2023-01-03 11:32:52,salida
2023-01-03 11:15:11,salida
2023-01-03 11:37:51,salida
2023-01-03 11:33:13,salida
2023-01-03 11:35:32,salida
2023-01-03 11:22:49,salida
2023-01-03 11:44:01,salida
2023-01-03 11:40:20,salida
2023-01-03 11:01:26,salida
2023-01-03 11:56:08,salida
2023-01-03 11:00:10,salida
2023-01-03 11:02:51,salida
2023-01-03 11:22:25,salida
2023-01-03 11:03:17,salida
2023-01-03 11:54:05,salida
2023-01-03 11:34:21,salida
2023-01-03 11:42:14,salida
2023-01-03 11:21:59,salida
2023-01-03 11:36:51,salida
2023-01-03 11:41:11,salida
2023-01-03 11:46:48,salida
2023-01-03 11:41:37,salida
2023-01-03 12:27:12,salida
2023-01-03 12:30:13,salida
2023-01-03 12:19:17,salida
2023-01-03 12:28:59,salida
2023-01-03 12:05:31,salida
2023-01-03 12:28:42,salida
2023-01-03 12:01:59,salida
2023-01-03 12:22:18,salida
2023-01-03 12:30:50,salida
2023-01-03 12:04:18,salida
2023-01-03 12:33:09,salida
2023-01-03 12:24:01,salida
2023-01-03 12:10:49,salida
2023-01-03 12:30:55,salida
2023-01-03 12:14:08,salida
2023-01-03 12:22:18,salida
2023-01-03 12:08:34,salida
2023-01-03 12:20:08,salida
2023-01-03 13:31:35,salida
2023-01-03 13:16:34,salida
2023-01-03 13:48:59,salida
2023-01-03 13:10:20,salida
2023-01-03 13:51:54,salida
2023-01-03 13:52:25,salida
2023-01-03 13:03:33,salida
2023-01-03 13:51:47,salida
2023-01-03 13:59:17,salida
2023-01-03 13:39:34,salida
2023-01-03 13:40:28,salida
2023-01-03 13:51:28,salida
2023-01-03 13:37:41,salida
2023-01-03 13:20:41,salida
2023-01-03 13:12:48,salida
2023-01-03 13:40:16,salida
2023-01-03 14:39:24,salida
2023-01-03 14:08:01,salida
2023-01-03 14:14:49,salida
2023-01-03 14:02:48,salida
2023-01-03 14:35:03,salida
2023-01-03 14:13:40,salida
2023-01-03 14:40:24,salida
2023-01-03 14:57:54,salida
2023-01-03 14:49:09,salida
2023-01-03 14:20:35,salida
2023-01-03 14:11:26,salida
2023-01-03 14:39:01,salida
2023-01-03 14:53:12,salida
2023-01-03 14:52:31,salida
2023-01-03 14:30:15,salida
2023-01-03 14:31:31,salida
2023-01-03 14:59:33,salida
2023-01-03 14:10:09,salida
2023-01-03 14:14:16,salida
2023-01-03 14:39:17,salida
2023-01-03 14:54:08,salida
2023-01-03 14:24:39,salida
2023-01-03 14:58:13,salida
2023-01-03 14:59:57,salida
2023-01-03 14:24:49,salida
2023-01-03 14:21:51,salida
2023-01-03 14:29:19,salida
2023-01-03 14:20:43,salida
2023-01-03 14:31:50,salida
2023-01-03 15:15:07,salida
2023-01-03 15:00:43,salida
2023-01-03 15:04:02,salida
2023-01-03 15:00:03,salida
2023-01-03 15:39:34,salida
2023-01-03 15:31:41,salida
2023-01-03 15:33:42,salida
2023-01-03 15:24:09,salida
2023-01-03 15:20:45,salida
2023-01-03 15:38:26,salida
2023-01-03 15:26:01,salida
2023-01-03 15:40:47,salida
2023-01-03 15:12:08,salida
2023-01-03 15:51:35,salida
2023-01-03 15:21:41,salida
2023-01-03 15:25:57,salida
2023-01-03 15:53:11,salida
2023-01-03 15:16:13,salida
2023-01-03 15:13:56,salida
2023-01-03 15:33:52,salida
2023-01-03 15:56:19,salida
2023-01-03 16:29:54,salida
2023-01-03 16:48:54,salida
2023-01-03 16:32:17,salida
2023-01-03 16:51:48,salida
2023-01-03 16:58:27,salida
2023-01-03 16:58:46,salida
2023-01-03 16:10:56,salida
2023-01-03 16:59:53,salida
2023-01-03 16:44:32,salida
2023-01-03 16:16:05,salida
2023-01-03 16:03:19,salida
2023-01-03 16:47:46,salida
2023-01-03 16:26:14,salida
2023-01-03 16:05:46,salida
2023-01-03 16:13:59,salida
2023-01-03 16:10:38,salida
2023-01-03 16:08:25,salida
2023-01-03 16:15:04,salida
2023-01-03 16:56:51,salida
2023-01-03 16:09:49,salida
2023-01-03 16:02:12,salida
2023-01-03 16:42:48,salida
2023-01-03 17:49:32,salida
2023-01-03 17:26:06,salida
2023-01-03 17:05:14,salida
2023-01-03 17:17:31,salida
2023-01-03 17:55:10,salida
2023-01-03 17:19:23,salida
2023-01-03 17:14:47,salida
2023-01-03 17:06:20,salida
2023-01-03 17:41:25,salida
2023-01-03 17:43:55,salida
2023-01-03 17:13:56,salida
2023-01-03 17:36:57,salida
2023-01-03 17:20:17,salida
2023-01-03 17:04:02,salida
2023-01-03 17:22:25,salida
2023-01-03 17:36:23,salida
2023-01-03 17:48:18,salida
2023-01-03 17:50:24,salida
2023-01-03 17:20:11,salida
2023-01-03 17:56:40,salida
2023-01-03 17:32:49,salida
2023-01-03 17:52:03,salida
2023-01-03 17:41:56,salida
2023-01-03 17:06:21,salida
2023-01-03 17:54:32,salida
2023-01-03 17:16:23,salida
2023-01-03 18:02:07,salida
2023-01-03 18:43:32,salida
2023-01-03 18:41:51,salida
2023-01-03 18:34:05,salida
2023-01-03 18:38:51,salida
2023-01-03 18:22:24,salida
2023-01-03 18:58:49,salida
2023-01-03 18:42:18,salida
2023-01-03 18:04:50,salida
2023-01-03 18:10:55,salida
2023-01-03 18:11:09,salida
2023-01-03 18:07:23,salida
2023-01-03 18:59:27,salida
2023-01-03 18:40:35,salida
2023-01-03 18:36:20,salida
2023-01-03 18:07:54,salida
2023-01-03 18:08:46,salida
2023-01-03 18:14:47,salida
2023-01-03 18:45:39,salida
2023-01-03 18:17:41,salida
2023-01-03 19:04:24,salida
2023-01-03 19:02:32,salida
2023-01-03 19:03:24,salida
2023-01-03 19:19:33,salida
2023-01-03 19:25:04,salida
2023-01-03 19:34:27,salida
2023-01-03 19:28:08,salida
2023-01-03 19:51:37,salida
2023-01-03 19:49:05,salida
2023-01-03 19:18:59,salida
2023-01-03 19:43:56,salida
2023-01-03 19:10:01,salida
2023-01-03 19:46:43,salida
2023-01-03 19:43:08,salida
2023-01-03 19:20:23,salida
2023-01-03 20:59:12,salida
2023-01-03 20:14:17,salida
2023-01-03 20:50:32,salida
2023-01-03 20:05:58,salida
2023-01-03 20:26:22,salida
2023-01-03 20:58:26,salida
2023-01-03 20:33:55,salida
2023-01-03 20:45:37,salida
2023-01-03 20:13:35,salida
2023-01-03 20:52:07,salida
2023-01-03 20:34:18,salida
2023-01-03 20:29:13,salida
2023-01-03 20:58:19,salida
2023-01-03 20:48:24,salida
2023-01-03 20:39:23,salida
2023-01-03 20:13:25,salida
2023-01-03 20:37:22,salida
2023-01-03 20:21:47,salida
2023-01-03 20:56:18,salida
2023-01-03 20:45:50,salida
2023-01-03 20:02:41,salida
2023-01-03 20:18:08,salida
2023-01-03 20:27:19,salida
2023-01-03 20:44:06,salida
2023-01-03 20:13:08,salida
2023-01-03 20:58:59,salida
2023-01-03 20:54:56,salida
2023-01-03 20:59:18,salida
2023-01-03 21:46:14,salida
2023-01-03 21:40:18,salida
2023-01-03 21:25:51,salida
2023-01-03 21:28:21,salida
2023-01-03 21:39:20,salida
2023-01-03 21:50:37,salida
2023-01-03 21:19:56,salida
2023-01-03 21:28:50,salida
2023-01-03 21:03:54,salida
2023-01-03 21:06:27,salida
2023-01-03 21:27:03,salida
2023-01-03 21:21:11,salida
2023-01-03 21:44:02,salida
2023-01-03 21:21:43,salida
2023-01-03 21:01:23,salida
2023-01-03 21:33:26,salida
2023-01-03 21:54:40,salida
2023-01-03 21:00:07,salida
2023-01-03 21:22:37,salida
2023-01-03 21:05:21,salida
2023-01-03 21:24:17,salida
2023-01-03 21:16:11,salida
2023-01-03 21:05:25,salida
2023-01-04 10:32:44,salida
2023-01-04 10:25:38,salida
2023-01-04 10:27:57,salida
2023-01-04 10:04:07,salida
2023-01-04 10:24:26,salida
2023-01-04 10:45:22,salida
2023-01-04 10:29:44,salida
2023-01-04 10:46:22,salida
2023-01-04 10:48:46,salida
2023-01-04 10:19:17,salida
2023-01-04 10:17:01,salida
2023-01-04 10:03:29,salida
2023-01-04 10:32:35,salida
2023-01-04 10:17:36,salida
2023-01-04 10:18:46,salida
2023-01-04 10:27:39,salida
2023-01-04 10:19:48,salida
2023-01-04 10:32:11,salida
2023-01-04 10:57:50,salida
2023-01-04 10:14:40,salida
2023-01-04 10:38:01,salida
2023-01-04 10:28:40,salida
2023-01-04 10:09:01,salida
2023-01-04 11:23:38,salida
2023-01-04 11:33:55,salida
2023-01-04 11:27:36,salida
2023-01-04 11:06:03,salida
2023-01-04 11:36:55,salida
2023-01-04 11:00:00,salida
2023-01-04 11:46:19,salida
2023-01-04 11:18:28,salida
2023-01-04 11:09:59,salida
2023-01-04 11:17:27,salida
2023-01-04 11:34:42,salida
2023-01-04 11:46:30,salida
2023-01-04 11:26:10,salida
2023-01-04 11:48:48,salida
2023-01-04 11:37:04,salida
2023-01-04 11:07:33,salida
2023-01-04 11:47:51,salida
2023-01-04 11:55:11,salida
2023-01-04 11:37:00,salida
2023-01-04 11:30:03,salida
2023-01-04 11:48:44,salida
2023-01-04 11:49:04,salida
2023-01-04 11:29:55,salida
2023-01-04 11:23:58,salida
2023-01-04 11:02:10,salida
2023-01-04 12:27:23,salida
2023-01-04 12:34:12,salida
2023-01-04 12:46:33,salida
2023-01-04 12:10:35,salida
2023-01-04 12:50:16,salida
2023-01-04 12:34:59,salida
2023-01-04 12:17:39,salida
2023-01-04 12:21:56,salida
2023-01-04 12:23:57,salida
2023-01-04 12:18:36,salida
2023-01-04 12:38:20,salida
2023-01-04 12:07:27,salida
2023-01-04 12:04:16,salida
2023-01-04 12:36:35,salida
2023-01-04 12:53:18,salida
2023-01-04 12:26:52,salida
2023-01-04 12:33:10,salida
2023-01-04 12:53:44,salida
2023-01-04 12:46:11,salida
2023-01-04 13:18:37,salida
2023-01-04 13:02:58,salida
2023-01-04 13:04:12,salida
2023-01-04 13:46:45,salida
2023-01-04 13:30:54,salida
2023-01-04 13:15:49,salida
2023-01-04 13:31:21,salida
2023-01-04 13:28:21,salida
2023-01-04 13:42:02,salida
2023-01-04 13:53:09,salida
2023-01-04 13:41:20,salida
2023-01-04 13:15:11,salida
2023-01-04 13:01:40,salida
2023-01-04 13:23:34,salida
2023-01-04 13:55:29,salida
2023-01-04 13:56:29,salida
2023-01-04 13:46:34,salida
2023-01-04 13:18:49,salida
2023-01-04 13:07:25,salida
2023-01-04 13:48:39,salida
2023-01-04 13:06:29,salida
2023-01-04 13:06:02,salida
2023-01-04 13:00:35,salida
2023-01-04 14:18:52,salida
2023-01-04 14:18:56,salida
2023-01-04 14:24:21,salida
2023-01-04 14:30:16,salida
2023-01-04 14:54:22,salida
2023-01-04 14:31:09,salida
2023-01-04 14:09:35,salida
2023-01-04 14:07:53,salida
2023-01-04 14:51:19,salida
2023-01-04 14:31:49,salida
2023-01-04 14:13:49,salida
2023-01-04 14:27:45,salida
2023-01-04 14:51:52,salida
2023-01-04 14:23:14,salida
2023-01-04 14:21:29,salida
2023-01-04 14:03:12,salida
2023-01-04 14:58:22,salida
2023-01-04 14:07:17,salida
2023-01-04 14:11:54,salida
2023-01-04 14:30:13,salida
2023-01-04 14:33:17,salida
2023-01-04 14:55:33,salida
2023-01-04 14:10:40,salida
2023-01-04 14:11:48,salida
2023-01-04 14:14:56,salida
2023-01-04 15:46:24,salida
2023-01-04 15:29:08,salida
2023-01-04 15:20:19,salida
2023-01-04 15:18:18,salida
2023-01-04 15:11:36,salida
2023-01-04 15:41:16,salida
2023-01-04 15:36:53,salida
2023-01-04 15:47:38,salida
2023-01-04 15:27:40,salida
2023-01-04 15:34:46,salida
2023-01-04 15:47:17,salida
2023-01-04 15:13:34,salida
2023-01-04 15:43:40,salida
2023-01-04 15:59:06,salida
2023-01-04 15:40:12,salida
2023-01-04 15:17:36,salida
2023-01-04 15:12:35,salida
2023-01-04 15:30:01,salida
2023-01-04 15:15:08,salida
2023-01-04 15:08:37,salida
2023-01-04 15:10:53,salida
2023-01-04 16:19:54,salida
2023-01-04 16:27:15,salida
2023-01-04 16:46:16,salida
2023-01-04 16:39:27,salida
2023-01-04 16:57:11,salida
2023-01-04 16:26:53,salida
2023-01-04 16:52:41,salida
2023-01-04 16:58:46,salida
2023-01-04 16:29:40,salida
2023-01-04 16:33:36,salida
2023-01-04 16:05:06,salida
2023-01-04 16:31:31,salida
2023-01-04 16:52:24,salida
2023-01-04 16:32:54,salida
2023-01-04 16:57:06,salida
2023-01-04 16:51:56,salida
2023-01-04 16:11:15,salida
2023-01-04 16:15:42,salida
2023-01-04 16:52:35,salida
2023-01-04 16:12:06,salida
2023-01-04 16:35:46,salida
2023-01-04 16:50:08,salida
2023-01-04 16:31:10,salida
2023-01-04 16:07:32,salida
2023-01-04 16:22:24,salida
2023-01-04 17:45:49,salida
2023-01-04 17:25:48,salida
2023-01-04 17:49:04,salida
2023-01-04 17:19:51,salida
2023-01-04 17:40:10,salida
2023-01-04 17:55:53,salida
2023-01-04 17:32:49,salida
2023-01-04 17:37:26,salida
2023-01-04 17:33:14,salida
2023-01-04 17:31:57,salida
2023-01-04 17:20:45,salida
2023-01-04 17:04:05,salida
2023-01-04 17:37:21,salida
2023-01-04 17:17:13,salida
2023-01-04 17:09:45,salida
2023-01-04 17:12:30,salida
2023-01-04 17:29:02,salida
2023-01-04 18:28:02,salida
2023-01-04 18:43:12,salida
2023-01-04 18:44:09,salida
2023-01-04 18:35:08,salida
2023-01-04 18:53:55,salida
2023-01-04 18:54:26,salida
2023-01-04 18:33:50,salida
2023-01-04 18:00:31,salida
2023-01-04 18:24:28,salida
2023-01-04 18:06:48,salida
2023-01-04 18:02:19,salida
2023-01-04 18:19:52,salida
2023-01-04 18:29:34,salida
2023-01-04 18:34:48,salida
2023-01-04 18:38:26,salida
2023-01-04 18:25:13,salida
2023-01-04 18:16:17,salida
2023-01-04 18:44:51,salida
2023-01-04 18:28:19,salida
2023-01-04 18:52:26,salida
2023-01-04 18:17:03,salida
2023-01-04 18:00:49,salida
2023-01-04 18:00:57,salida
2023-01-04 18:25:44,salida
2023-01-04 18:19:51,salida
2023-01-04 18:22:09,salida
2023-01-04 18:58:10,salida
2023-01-04 18:40:40,salida
2023-01-04 18:04:57,salida
2023-01-04 18:00:16,salida
2023-01-04 18:21:33,salida
2023-01-04 18:55:44,salida
2023-01-04 19:40:56,salida
2023-01-04 19:56:59,salida
2023-01-04 19:53:05,salida
2023-01-04 19:36:56,salida
2023-01-04 19:09:39,salida
2023-01-04 19:06:38,salida
2023-01-04 19:37:20,salida
2023-01-04 19:19:02,salida
2023-01-04 19:50:21,salida
2023-01-04 19:46:03,salida
2023-01-04 19:27:11,salida
2023-01-04 19:37:50,salida
2023-01-04 19:35:46,salida
2023-01-04 19:40:04,salida
2023-01-04 19:12:22,salida
2023-01-04 19:57:49,salida
2023-01-04 19:29:36,salida
2023-01-04 19:24:47,salida
2023-01-04 19:26:50,salida
2023-01-04 20:52:02,salida
2023-01-04 20:16:48,salida
2023-01-04 20:11:47,salida
2023-01-04 20:46:44,salida
2023-01-04 20:54:00,salida
2023-01-04 20:16:02,salida
2023-01-04 20:25:14,salida
2023-01-04 20:35:31,salida
2023-01-04 20:31:03,salida
2023-01-04 20:17:48,salida
2023-01-04 20:18:42,salida
2023-01-04 20:51:34,salida
2023-01-04 20:39:13,salida
2023-01-04 20:57:32,salida
2023-01-04 20:13:33,salida
2023-01-04 20:54:03,salida
2023-01-04 20:23:58,salida
2023-01-04 20:28:18,salida
2023-01-04 20:05:56,salida
2023-01-04 20:32:48,salida
2023-01-04 20:39:18,salida
2023-01-04 20:52:00,salida
2023-01-04 20:04:26,salida
2023-01-04 20:15:05,salida
2023-01-04 20:39:12,salida
2023-01-04 20:47:34,salida
2023-01-04 20:18:11,salida
2023-01-04 21:28:23,salida
2023-01-04 21:17:09,salida
2023-01-04 21:40:56,salida
2023-01-04 21:07:25,salida
2023-01-04 21:28:09,salida
2023-01-04 21:16:01,salida
2023-01-04 21:05:57,salida
2023-01-04 21:04:27,salida
2023-01-04 21:40:04,salida
2023-01-04 21:17:25,salida
2023-01-04 21:19:40,salida
2023-01-04 21:48:26,salida
2023-01-04 21:48:11,salida
2023-01-04 21:06:58,salida
2023-01-04 21:02:09,salida
2023-01-04 21:33:24,salida
2023-01-04 21:34:15,salida
2023-01-04 21:01:59,salida
2023-01-04 21:23:09,salida
2023-01-04 21:37:21,salida
2023-01-04 21:25:42,salida
2023-01-04 21:54:38,salida
2023-01-04 21:26:28,salida
2023-01-04 21:46:37,salida
2023-01-05 10:45:41,salida
2023-01-05 10:31:31,salida
2023-01-05 10:05:47,salida
2023-01-05 10:37:16,salida
2023-01-05 10:09:49,salida
2023-01-05 10:26:53,salida
2023-01-05 10:49:34,salida
2023-01-05 10:51:58,salida
2023-01-05 10:20:24,salida
2023-01-05 10:27:46,salida
2023-01-05 10:14:03,salida
2023-01-05 10:28:58,salida
2023-01-05 10:08:26,salida
2023-01-05 10:25:18,salida
2023-01-05 10:55:27,salida
2023-01-05 10:16:42,salida
2023-01-05 10:56:40,salida
2023-01-05 10:41:49,salida
2023-01-05 10:19:44,salida
2023-01-05 10:39:38,salida
2023-01-05 10:48:52,salida
2023-01-05 11:05:42,salida
2023-01-05 11:24:38,salida
2023-01-05 11:48:59,salida
2023-01-05 11:27:32,salida
2023-01-05 11:53:36,salida
2023-01-05 11:08:17,salida
2023-01-05 11:55:58,salida
2023-01-05 11:20:01,salida
2023-01-05 11:57:42,salida
2023-01-05 11:58:59,salida
2023-01-05 11:37:57,salida
2023-01-05 11:39:35,salida
2023-01-05 11:49:59,salida
2023-01-05 12:48:41,salida
2023-01-05 12:57:38,salida
2023-01-05 12:15:32,salida
2023-01-05 12:48:20,salida
2023-01-05 12:08:05,salida
2023-01-05 12:50:44,salida
2023-01-05 12:34:38,salida
2023-01-05 12:21:40,salida
2023-01-05 12:53:04,salida
2023-01-05 12:41:22,salida
2023-01-05 12:16:11,salida
2023-01-05 12:22:15,salida
2023-01-05 12:02:29,salida
2023-01-05 12:56:21,salida
2023-01-05 12:08:28,salida
2023-01-05 12:46:36,salida
2023-01-05 12:22:12,salida
2023-01-05 12:31:45,salida
2023-01-05 12:51:46,salida
2023-01-05 12:47:22,salida
2023-01-05 12:44:16,salida
2023-01-05 12:54:39,salida
2023-01-05 12:20:01,salida
2023-01-05 12:36:05,salida
2023-01-05 12:43:17,salida
2023-01-05 12:29:21,salida
2023-01-05 12:53:32,salida
2023-01-05 13:28:38,salida
2023-01-05 13:23:25,salida
2023-01-05 13:16:06,salida
2023-01-05 13:12:04,salida
2023-01-05 13:25:48,salida
2023-01-05 13:02:06,salida
2023-01-05 13:57:48,salida
2023-01-05 13:38:52,salida
2023-01-05 13:00:48,salida
2023-01-05 13:16:42,salida
2023-01-05 13:24:58,salida
2023-01-05 13:02:14,salida
2023-01-05 13:28:52,salida
2023-01-05 13:42:31,salida
2023-01-05 13:25:59,salida
2023-01-05 13:15:24,salida
2023-01-05 14:14:19,salida
2023-01-05 14:28:58,salida
2023-01-05 14:41:28,salida
2023-01-05 14:02:18,salida
2023-01-05 14:02:53,salida
2023-01-05 14:13:39,salida
2023-01-05 14:58:54,salida
2023-01-05 14:03:58,salida
2023-01-05 14:59:51,salida
2023-01-05 14:10:57,salida
2023-01-05 14:30:42,salida
2023-01-05 14:31:26,salida
2023-01-05 14:29:42,salida
2023-01-05 14:01:48,salida
2023-01-05 14:08:27,salida
2023-01-05 14:30:59,salida
2023-01-05 14:33:55,salida
2023-01-05 14:14:47,salida
2023-01-05 14:24:35,salida
2023-01-05 15:50:25,salida
2023-01-05 15:22:17,salida
2023-01-05 15:31:48,salida
2023-01-05 15:37:56,salida
2023-01-05 15:46:02,salida
2023-01-05 15:37:02,salida
2023-01-05 15:29:00,salida
2023-01-05 15:29:44,salida
2023-01-05 15:31:27,salida
2023-01-05 15:20:57,salida
2023-01-05 15:45:12,salida
2023-01-05 15:26:35,salida
2023-01-05 15:06:21,salida
2023-01-05 15:09:38,salida
2023-01-05 15:52:14,salida
2023-01-05 15:14:03,salida
2023-01-05 15:31:22,salida
2023-01-05 15:54:05,salida
2023-01-05 15:23:19,salida
2023-01-05 15:57:36,salida
2023-01-05 16:21:37,salida
2023-01-05 16:30:13,salida
2023-01-05 16:23:49,salida
2023-01-05 16:48:31,salida
2023-01-05 16:35:31,salida
2023-01-05 16:54:14,salida
2023-01-05 16:42:57,salida
2023-01-05 16:34:02,salida
2023-01-05 16:15:04,salida
2023-01-05 16:20:09,salida
2023-01-05 16:18:24,salida
2023-01-05 16:03:28,salida
2023-01-05 16:18:42,salida
2023-01-05 16:01:09,salida
2023-01-05 16:42:24,salida
2023-01-05 16:19:47,salida
2023-01-05 16:18:22,salida
2023-01-05 16:23:10,salida
2023-01-05 17:36:48,salida
2023-01-05 17:37:01,salida
2023-01-05 17:35:53,salida
2023-01-05 17:25:10,salida
2023-01-05 17:07:43,salida
2023-01-05 17:39:42,salida
2023-01-05 17:21:19,salida
2023-01-05 17:07:28,salida
2023-01-05 17:39:25,salida
2023-01-05 17:29:16,salida
2023-01-05 17:19:51,salida
2023-01-05 17:54:15,salida
2023-01-05 17:45:42,salida
2023-01-05 17:06:15,salida
2023-01-05 17:44:58,salida
2023-01-05 17:46:55,salida
2023-01-05 17:47:26,salida
2023-01-05 17:52:22,salida
2023-01-05 17:23:08,salida
2023-01-05 17:34:50,salida
2023-01-05 17:19:36,salida
2023-01-05 17:41:16,salida
2023-01-05 17:46:30,salida
2023-01-05 17:54:56,salida
2023-01-05 17:07:14,salida
2023-01-05 18:37:23,salida
2023-01-05 18:55:22,salida
2023-01-05 18:21:01,salida
2023-01-05 18:30:54,salida
2023-01-05 18:10:27,salida
2023-01-05 18:45:31,salida
2023-01-05 18:04:37,salida
2023-01-05 18:09:39,salida
2023-01-05 18:45:23,salida
2023-01-05 18:34:43,salida
2023-01-05 18:47:59,salida
2023-01-05 18:22:16,salida
2023-01-05 18:00:54,salida
2023-01-05 18:30:30,salida
2023-01-05 18:41:56,salida
2023-01-05 18:54:41,salida
2023-01-05 18:52:55,salida
2023-01-05 18:33:08,salida
2023-01-05 18:21:12,salida
2023-01-05 19:58:11,salida
2023-01-05 19:48:58,salida
2023-01-05 19:30:28,salida
2023-01-05 19:04:51,salida
2023-01-05 19:24:40,salida
2023-01-05 19:30:20,salida
2023-01-05 19:57:19,salida
2023-01-05 19:38:21,salida
2023-01-05 19:03:12,salida
2023-01-05 19:44:41,salida
2023-01-05 19:49:48,salida
2023-01-05 19:19:51,salida
2023-01-05 19:12:16,salida
2023-01-05 19:53:35,salida
2023-01-05 19:32:00,salida
2023-01-05 19:14:12,salida
2023-01-05 19:16:23,salida
2023-01-05 19:57:07,salida
2023-01-05 19:49:26,salida
2023-01-05 19:44:22,salida
2023-01-05 19:45:07,salida
2023-01-05 19:07:58,salida
2023-01-05 19:25:46,salida
2023-01-05 19:58:12,salida
2023-01-05 19:38:36,salida
2023-01-05 19:48:27,salida
2023-01-05 19:24:15,salida
2023-01-05 19:54:01,salida
2023-01-05 19:53:17,salida
2023-01-05 19:16:29,salida
2023-01-05 20:50:53,salida
2023-01-05 20:07:40,salida
2023-01-05 20:48:34,salida
2023-01-05 20:50:10,salida
2023-01-05 20:23:48,salida
2023-01-05 20:20:50,salida
2023-01-05 20:01:39,salida
2023-01-05 20:18:38,salida
2023-01-05 20:27:58,salida
2023-01-05 20:16:05,salida
2023-01-05 20:18:55,salida
2023-01-05 20:37:27,salida
2023-01-05 20:01:37,salida
2023-01-05 20:54:36,salida
2023-01-05 20:50:51,salida
2023-01-05 20:03:21,salida
2023-01-05 20:25:48,salida
2023-01-05 20:42:35,salida
2023-01-05 20:57:12,salida
2023-01-05 20:51:57,salida
2023-01-05 21:11:40,salida
2023-01-05 21:52:43,salida
2023-01-05 21:25:46,salida
2023-01-05 21:33:22,salida
2023-01-05 21:30:49,salida
2023-01-05 21:19:11,salida
2023-01-05 21:22:03,salida
2023-01-05 21:22:47,salida
2023-01-05 21:54:47,salida
2023-01-05 21:00:53,salida
2023-01-05 21:24:01,salida
2023-01-05 21:29:02,salida
2023-01-05 21:57:20,salida
2023-01-05 21:24:19,salida
2023-01-05 21:48:51,salida
2023-01-05 21:21:20,salida
2023-01-06 10:43:11,salida
2023-01-06 10:38:25,salida
2023-01-06 10:12:58,salida
2023-01-06 10:07:53,salida
2023-01-06 10:27:57,salida
2023-01-06 10:29:08,salida
2023-01-06 10:38:30,salida
2023-01-06 10:57:20,salida
2023-01-06 10:55:46,salida
2023-01-06 10:33:54,salida
2023-01-06 10:30:51,salida
2023-01-06 10:24:11,salida
2023-01-06 10:00:54,salida
2023-01-06 10:21:39,salida
2023-01-06 10:36:46,salida
2023-01-06 10:00:00,salida
2023-01-06 10:56:41,salida
2023-01-06 10:53:41,salida
2023-01-06 10:20:14,salida
2023-01-06 10:16:21,salida
2023-01-06 10:37:34,salida
2023-01-06 10:44:15,salida
2023-01-06 10:07:46,salida
2023-01-06 10:16:16,salida
2023-01-06 10:53:25,salida
2023-01-06 11:34:16,salida
2023-01-06 11:34:18,salida
2023-01-06 11:19:35,salida
2023-01-06 11:34:31,salida
2023-01-06 11:57:47,salida
2023-01-06 11:43:39,salida
2023-01-06 11:23:16,salida
2023-01-06 11:06:42,salida
2023-01-06 11:49:00,salida
2023-01-06 11:34:31,salida
2023-01-06 11:35:12,salida
2023-01-06 11:05:57,salida
2023-01-06 11:13:36,salida
2023-01-06 11:47:14,salida
2023-01-06 11:46:03,salida
2023-01-06 11:39:58,salida
2023-01-06 12:05:47,salida
2023-01-06 12:55:58,salida
2023-01-06 12:02:41,salida
2023-01-06 12:10:42,salida
2023-01-06 12:16:31,salida
2023-01-06 12:03:03,salida
2023-01-06 12:16:40,salida
2023-01-06 12:18:04,salida
2023-01-06 12:31:21,salida
2023-01-06 12:55:05,salida
2023-01-06 12:34:21,salida
2023-01-06 12:00:19,salida
2023-01-06 12:21:47,salida
2023-01-06 12:54:10,salida
2023-01-06 12:12:58,salida
2023-01-06 12:41:02,salida
2023-01-06 12:08:59,salida
2023-01-06 12:11:22,salida
2023-01-06 12:13:32,salida
2023-01-06 12:17:48,salida
2023-01-06 12:58:40,salida
2023-01-06 12:08:22,salida
2023-01-06 12:09:18,salida
2023-01-06 12:46:04,salida
2023-01-06 12:46:51,salida
2023-01-06 13:59:11,salida
2023-01-06 13:12:42,salida
2023-01-06 13:16:16,salida
2023-01-06 13:55:35,salida
2023-01-06 13:20:07,salida
2023-01-06 13:04:25,salida
2023-01-06 13:15:35,salida
2023-01-06 13:27:53,salida
2023-01-06 13:28:46,salida
2023-01-06 13:11:36,salida
2023-01-06 13:29:22,salida
2023-01-06 13:15:13,salida
2023-01-06 13:09:06,salida
2023-01-06 13:44:51,salida
2023-01-06 13:59:36,salida
2023-01-06 13:28:02,salida
2023-01-06 13:14:35,salida
2023-01-06 13:46:45,salida
2023-01-06 13:51:18,salida
2023-01-06 13:12:41,salida
2023-01-06 13:20:36,salida
2023-01-06 14:30:18,salida
2023-01-06 14:30:52,salida
2023-01-06 14:31:01,salida
2023-01-06 14:58:51,salida
2023-01-06 14:09:01,salida
2023-01-06 14:01:59,salida
2023-01-06 14:23:16,salida
2023-01-06 14:31:15,salida
2023-01-06 14:15:45,salida
2023-01-06 14:38:52,salida
2023-01-06 14:30:42,salida
2023-01-06 14:23:00,salida
2023-01-06 14:10:54,salida
2023-01-06 14:20:03,salida
2023-01-06 14:06:25,salida
2023-01-06 14:46:49,salida
2023-01-06 14:11:30,salida
2023-01-06 14:16:32,salida
2023-01-06 14:10:27,salida
2023-01-06 14:31:00,salida
2023-01-06 14:46:27,salida
2023-01-06 14:52:41,salida
2023-01-06 14:06:01,salida
2023-01-06 14:41:23,salida
2023-01-06 14:03:43,salida
2023-01-06 15:13:36,salida
2023-01-06 15:17:23,salida
2023-01-06 15:13:33,salida
2023-01-06 15:57:11,salida
2023-01-06 15:21:55,salida
2023-01-06 15:05:35,salida
2023-01-06 15:44:35,salida
2023-01-06 15:21:13,salida
2023-01-06 15:15:35,salida
2023-01-06 15:55:24,salida
2023-01-06 15:31:32,salida
2023-01-06 15:44:35,salida
2023-01-06 15:19:17,salida
2023-01-06 15:37:02,salida
2023-01-06 15:22:31,salida
2023-01-06 15:44:58,salida
2023-01-06 15:15:58,salida
2023-01-06 15:04:03,salida
2023-01-06 15:20:39,salida
2023-01-06 15:50:13,salida
2023-01-06 15:38:30,salida
2023-01-06 16:47:50,salida
2023-01-06 16:32:02,salida
2023-01-06 16:59:34,salida
2023-01-06 16:04:26,salida
2023-01-06 16:43:11,salida
2023-01-06 16:19:44,salida
2023-01-06 16:19:08,salida
2023-01-06 16:38:03,salida
2023-01-06 16:50:53,salida
2023-01-06 16:18:37,salida
2023-01-06 16:26:44,salida
2023-01-06 16:42:12,salida
2023-01-06 16:12:59,salida
2023-01-06 16:56:21,salida
2023-01-06 16:27:51,salida
2023-01-06 16:46:52,salida
2023-01-06 16:44:21,salida
2023-01-06 16:42:18,salida
2023-01-06 16:07:51,salida
2023-01-06 16:07:41,salida
2023-01-06 16:25:47,salida
2023-01-06 16:50:25,salida
2023-01-06 16:22:42,salida
2023-01-06 16:12:27,salida
2023-01-06 16:08:19,salida
2023-01-06 16:55:18,salida
2023-01-06 16:47:38,salida
2023-01-06 16:50:11,salida
2023-01-06 16:14:30,salida
2023-01-06 17:15:45,salida
2023-01-06 17:29:51,salida
2023-01-06 17:28:44,salida
2023-01-06 17:14:45,salida
2023-01-06 17:55:24,salida
2023-01-06 17:50:37,salida
2023-01-06 17:41:58,salida
2023-01-06 17:46:52,salida
2023-01-06 17:53:51,salida
2023-01-06 17:57:37,salida
2023-01-06 17:22:24,salida
2023-01-06 17:41:06,salida
2023-01-06 17:21:16,salida
2023-01-06 17:17:48,salida
2023-01-06 17:40:09,salida
2023-01-06 17:09:56,salida
2023-01-06 17:06:47,salida
2023-01-06 17:49:37,salida
2023-01-06 17:26:51,salida
2023-01-06 17:32:00,salida
2023-01-06 17:43:52,salida
2023-01-06 17:59:33,salida
2023-01-06 17:03:16,salida
2023-01-06 17:03:42,salida
2023-01-06 17:53:25,salida
2023-01-06 17:03:00,salida
2023-01-06 17:06:29,salida
2023-01-06 17:49:08,salida
2023-01-06 17:34:07,salida
2023-01-06 18:29:56,salida
2023-01-06 18:41:32,salida
2023-01-06 18:09:36,salida
2023-01-06 18:11:53,salida
2023-01-06 18:29:26,salida
2023-01-06 18:38:08,salida
2023-01-06 18:53:20,salida
2023-01-06 18:11:54,salida
2023-01-06 18:28:32,salida
2023-01-06 18:42:52,salida
2023-01-06 18:14:01,salida
2023-01-06 18:51:38,salida
2023-01-06 18:52:43,salida
2023-01-06 18:53:17,salida
2023-01-06 18:02:06,salida
2023-01-06 18:42:17,salida
2023-01-06 18:43:37,salida
2023-01-06 18:36:57,salida
2023-01-06 18:32:43,salida
2023-01-06 18:58:30,salida
2023-01-06 18:57:10,salida
2023-01-06 18:03:58,salida
2023-01-06 19:07:54,salida
2023-01-06 19:57:19,salida
2023-01-06 19:46:03,salida
2023-01-06 19:50:20,salida
2023-01-06 19:02:44,salida
2023-01-06 19:07:22,salida
2023-01-06 19:15:12,salida
2023-01-06 19:02:47,salida
2023-01-06 19:08:59,salida
2023-01-06 19:13:12,salida
2023-01-06 19:52:56,salida
2023-01-06 19:06:14,salida
2023-01-06 19:06:37,salida
2023-01-06 19:33:40,salida
2023-01-06 19:21:23,salida
2023-01-06 19:48:36,salida
2023-01-06 19:43:00,salida
2023-01-06 19:09:42,salida
2023-01-06 19:15:45,salida
2023-01-06 19:07:55,salida
2023-01-06 19:48:24,salida
2023-01-06 19:49:11,salida
2023-01-06 19:24:16,salida
2023-01-06 20:11:46,salida
2023-01-06 20:12:49,salida
2023-01-06 20:46:56,salida
2023-01-06 20:54:10,salida
2023-01-06 20:18:34,salida
2023-01-06 20:38:52,salida
2023-01-06 20:25:45,salida
2023-01-06 20:13:53,salida
2023-01-06 20:44:43,salida
2023-01-06 20:23:40,salida
2023-01-06 20:00:50,salida
2023-01-06 20:42:54,salida
2023-01-06 20:21:22,salida
2023-01-06 20:55:53,salida
2023-01-06 20:18:17,salida
2023-01-06 20:11:54,salida
2023-01-06 21:56:30,salida
2023-01-06 21:20:25,salida
2023-01-06 21:39:47,salida
2023-01-06 21:44:12,salida
2023-01-06 21:48:22,salida
2023-01-06 21:19:36,salida
2023-01-06 21:53:52,salida
2023-01-06 21:27:16,salida
2023-01-06 21:27:40,salida
2023-01-06 21:01:24,salida
2023-01-06 21:57:49,salida
2023-01-06 21:40:05,salida
2023-01-06 21:10:56,salida
2023-01-06 21:37:05,salida
2023-01-06 21:44:10,salida
2023-01-06 21:13:01,salida
2023-01-06 21:39:02,salida
2023-01-06 21:54:52,salida
2023-01-06 21:34:32,salida
2023-01-06 21:23:18,salida
2023-01-06 21:17:48,salida
2023-01-06 21:51:23,salida
2023-01-06 21:44:34,salida
2023-01-06 21:00:35,salida
2023-01-06 21:24:44,salida
2023-01-06 21:48:59,salida
2023-01-06 21:42:33,salida
2023-01-06 21:24:15,salida
2023-01-06 21:33:28,salida
2023-01-06 21:18:22,salida
2023-01-07 10:14:17,salida
2023-01-07 10:46:01,salida
2023-01-07 10:28:12,salida
2023-01-07 10:03:41,salida
2023-01-07 10:44:09,salida
2023-01-07 10:30:40,salida
2023-01-07 10:07:02,salida
2023-01-07 10:47:45,salida
2023-01-07 10:08:29,salida
2023-01-07 10:52:10,salida
2023-01-07 10:34:36,salida
2023-01-07 10:41:12,salida
2023-01-07 10:35:55,salida
2023-01-07 10:12:11,salida
2023-01-07 10:36:09,salida
2023-01-07 10:59:55,salida
2023-01-07 10:08:51,salida
2023-01-07 10:06:01,salida
2023-01-07 11:35:06,salida
2023-01-07 11:29:18,salida
2023-01-07 11:48:24,salida
2023-01-07 11:15:46,salida
2023-01-07 11:53:39,salida
2023-01-07 11:50:07,salida
2023-01-07 11:17:27,salida
2023-01-07 11:15:51,salida
2023-01-07 11:18:41,salida
2023-01-07 11:16:44,salida
2023-01-07 11:12:06,salida
2023-01-07 11:26:09,salida
2023-01-07 11:33:35,salida
2023-01-07 11:24:05,salida
2023-01-07 11:23:17,salida
2023-01-07 11:22:05,salida
2023-01-07 11:28:24,salida
2023-01-07 11:54:16,salida
2023-01-07 11:45:23,salida
2023-01-07 11:10:25,salida
2023-01-07 11:50:33,salida
2023-01-07 12:30:30,salida
2023-01-07 12:16:59,salida
2023-01-07 12:23:51,salida
2023-01-07 12:22:17,salida
2023-01-07 12:49:53,salida
2023-01-07 12:13:49,salida
2023-01-07 12:14:14,salida
2023-01-07 12:05:26,salida
2023-01-07 12:14:49,salida
2023-01-07 12:35:54,salida
2023-01-07 12:07:14,salida
2023-01-07 12:02:46,salida
2023-01-07 12:12:40,salida
2023-01-07 12:33:23,salida
2023-01-07 12:39:31,salida
2023-01-07 12:31:29,salida
2023-01-07 12:51:48,salida
2023-01-07 12:12:00,salida
2023-01-07 12:33:14,salida
2023-01-07 12:43:13,salida
2023-01-07 12:56:28,salida
2023-01-07 12:33:17,salida
2023-01-07 12:53:06,salida
2023-01-07 12:28:54,salida
2023-01-07 12:30:24,salida
2023-01-07 12:37:13,salida
2023-01-07 13:05:15,salida
2023-01-07 13:33:22,salida
2023-01-07 13:49:41,salida
2023-01-07 13:23:55,salida
2023-01-07 13:48:12,salida
2023-01-07 13:55:17,salida
2023-01-07 13:53:12,salida
2023-01-07 13:48:36,salida
2023-01-07 13:42:38,salida
2023-01-07 13:41:16,salida
2023-01-07 13:14:17,salida
2023-01-07 13:22:53,salida
2023-01-07 13:50:29,salida
2023-01-07 13:57:33,salida
2023-01-07 13:57:03,salida
2023-01-07 13:02:06,salida
2023-01-07 13:55:17,salida
2023-01-07 13:41:06,salida
2023-01-07 13:39:05,salida
2023-01-07 13:21:57,salida
2023-01-07 13:00:03,salida
2023-01-07 13:45:48,salida
2023-01-07 13:51:49,salida
2023-01-07 13:42:28,salida
2023-01-07 14:43:58,salida
2023-01-07 14:53:39,salida
2023-01-07 14:25:15,salida
2023-01-07 14:27:00,salida
2023-01-07 14:35:09,salida
2023-01-07 14:42:16,salida
2023-01-07 14:56:58,salida
2023-01-07 14:22:06,salida
2023-01-07 14:43:52,salida
2023-01-07 14:06:43,salida
2023-01-07 14:14:33,salida
2023-01-07 14:45:44,salida
2023-01-07 14:03:13,salida
2023-01-07 14:13:15,salida
2023-01-07 14:06:31,salida
2023-01-07 14:18:01,salida
2023-01-07 14:09:49,salida
2023-01-07 14:16:36,salida
2023-01-07 14:11:05,salida
2023-01-07 14:21:31,salida
2023-01-07 14:40:19,salida
2023-01-07 14:00:53,salida
2023-01-07 14:46:52,salida
2023-01-07 15:13:51,salida
2023-01-07 15:31:05,salida
2023-01-07 15:38:09,salida
2023-01-07 15:06:25,salida
2023-01-07 15:33:29,salida
2023-01-07 15:35:20,salida
2023-01-07 15:59:16,salida
2023-01-07 15:32:09,salida
2023-01-07 15:50:46,salida
2023-01-07 15:41:50,salida
2023-01-07 15:11:55,salida
2023-01-07 15:15:40,salida
2023-01-07 15:31:14,salida
2023-01-07 15:26:27,salida
2023-01-07 15:16:45,salida
2023-01-07 15:58:49,salida
2023-01-07 15:57:01,salida
2023-01-07 15:35:49,salida
2023-01-07 15:06:12,salida
2023-01-07 16:13:48,salida
2023-01-07 16:28:30,salida
2023-01-07 16:03:17,salida
2023-01-07 16:58:19,salida
2023-01-07 16:55:55,salida
2023-01-07 16:46:42,salida
2023-01-07 16:43:08,salida
2023-01-07 16:12:14,salida
2023-01-07 16:26:14,salida
2023-01-07 16:27:36,salida
2023-01-07 16:54:18,salida
2023-01-07 16:25:51,salida
2023-01-07 16:25:24,salida
2023-01-07 16:25:25,salida
2023-01-07 16:45:27,salida
2023-01-07 16:48:17,salida
2023-01-07 16:31:52,salida
2023-01-07 17:02:51,salida
2023-01-07 17:03:25,salida
2023-01-07 17:10:01,salida
2023-01-07 17:13:43,salida
2023-01-07 17:29:48,salida
2023-01-07 17:11:25,salida
2023-01-07 17:43:32,salida
2023-01-07 17:12:13,salida
2023-01-07 17:23:33,salida
2023-01-07 17:43:25,salida
2023-01-07 17:20:27,salida
2023-01-07 17:47:35,salida
2023-01-07 17:39:01,salida
2023-01-07 17:41:08,salida
2023-01-07 17:22:14,salida
2023-01-07 17:12:22,salida
2023-01-07 17:16:47,salida
2023-01-07 17:59:01,salida
2023-01-07 17:19:19,salida
2023-01-07 18:02:28,salida
2023-01-07 18:05:16,salida
2023-01-07 18:25:20,salida
2023-01-07 18:07:20,salida
2023-01-07 18:56:10,salida
2023-01-07 18:37:07,salida
2023-01-07 18:41:23,salida
2023-01-07 18:34:54,salida
2023-01-07 18:13:54,salida
2023-01-07 18:13:09,salida
2023-01-07 18:11:37,salida
2023-01-07 18:43:54,salida
2023-01-07 18:45:33,salida
2023-01-07 19:47:07,salida
2023-01-07 19:35:28,salida
2023-01-07 19:41:11,salida
2023-01-07 19:13:47,salida
2023-01-07 19:53:49,salida
2023-01-07 19:20:21,salida
2023-01-07 19:20:43,salida
2023-01-07 19:49:29,salida
2023-01-07 19:38:19,salida
2023-01-07 19:23:22,salida
2023-01-07 19:06:08,salida
2023-01-07 19:00:25,salida
2023-01-07 19:37:37,salida
2023-01-07 19:53:43,salida
2023-01-07 19:21:43,salida
2023-01-07 19:09:54,salida
2023-01-07 19:57:05,salida
2023-01-07 20:29:43,salida
2023-01-07 20:52:09,salida
2023-01-07 20:22:51,salida
2023-01-07 20:48:10,salida
2023-01-07 20:01:57,salida
2023-01-07 20:25:35,salida
2023-01-07 20:32:46,salida
2023-01-07 20:12:39,salida
2023-01-07 20:24:03,salida
2023-01-07 20:41:18,salida
2023-01-07 20:17:36,salida
2023-01-07 20:29:18,salida
2023-01-07 20:57:22,salida
2023-01-07 20:58:53,salida
2023-01-07 20:15:00,salida
2023-01-07 20:11:23,salida
2023-01-07 20:33:52,salida
2023-01-07 20:56:07,salida
2023-01-07 20:17:56,salida
2023-01-07 20:47:04,salida
2023-01-07 20:25:29,salida
2023-01-07 20:53:12,salida
2023-01-07 20:18:28,salida
2023-01-07 21:15:29,salida
2023-01-07 21:03:39,salida
2023-01-07 21:15:30,salida
2023-01-07 21:52:41,salida
2023-01-07 21:24:43,salida
2023-01-07 21:11:25,salida
2023-01-07 21:36:47,salida
2023-01-07 21:32:27,salida
2023-01-07 21:08:11,salida
2023-01-07 21:04:53,salida
2023-01-07 21:51:53,salida
2023-01-07 21:27:55,salida
2023-01-07 21:34:04,salida
2023-01-07 21:33:45,salida
2023-01-07 21:33:12,salida
2023-01-07 21:38:41,salida
2023-01-07 21:44:47,salida
2023-01-07 21:57:13,salida
2023-01-07 21:10:41,salida
2023-01-07 21:37:03,salida
2023-01-07 21:52:32,salida
2023-01-07 21:06:55,salida
2023-01-07 21:40:07,salida
2023-01-08 10:48:58,salida
2023-01-08 10:08:03,salida
2023-01-08 10:06:22,salida
2023-01-08 10:01:48,salida
2023-01-08 10:23:39,salida
2023-01-08 10:54:30,salida
2023-01-08 10:46:30,salida
2023-01-08 10:46:39,salida
2023-01-08 10:47:50,salida
2023-01-08 10:42:33,salida
2023-01-08 10:54:23,salida
2023-01-08 10:48:59,salida
2023-01-08 10:25:15,salida
2023-01-08 10:56:46,salida
2023-01-08 10:12:14,salida
2023-01-08 10:26:03,salida
2023-01-08 10:15:29,salida
2023-01-08 10:43:29,salida
2023-01-08 11:56:30,salida
2023-01-08 11:51:39,salida
2023-01-08 11:37:42,salida
2023-01-08 11:18:35,salida
2023-01-08 11:49:32,salida
2023-01-08 11:12:13,salida
2023-01-08 11:55:32,salida
2023-01-08 11:28:42,salida
2023-01-08 11:48:35,salida
2023-01-08 11:57:43,salida
2023-01-08 11:09:30,salida
2023-01-08 11:05:56,salida
2023-01-08 11:00:06,salida
2023-01-08 11:57:26,salida
2023-01-08 11:20:27,salida
2023-01-08 11:15:55,salida
2023-01-08 11:45:22,salida
2023-01-08 11:51:19,salida
2023-01-08 11:37:53,salida
2023-01-08 11:24:27,salida
2023-01-08 11:04:55,salida
2023-01-08 11:20:17,salida
2023-01-08 11:46:05,salida
2023-01-08 11:56:28,salida
2023-01-08 11:18:32,salida
2023-01-08 11:00:44,salida
2023-01-08 11:02:41,salida
2023-01-08 11:20:34,salida
2023-01-08 12:23:13,salida
2023-01-08 12:04:17,salida
2023-01-08 12:41:56,salida
2023-01-08 12:18:11,salida
2023-01-08 12:17:16,salida
2023-01-08 12:29:23,salida
2023-01-08 12:10:34,salida
2023-01-08 12:22:16,salida
2023-01-08 12:00:14,salida
2023-01-08 12:31:59,salida
2023-01-08 12:08:14,salida
2023-01-08 12:27:23,salida
2023-01-08 12:59:34,salida
2023-01-08 12:21:26,salida
2023-01-08 12:18:44,salida
2023-01-08 12:11:19,salida
2023-01-08 12:00:20,salida
2023-01-08 13:43:57,salida
2023-01-08 13:16:03,salida
2023-01-08 13:06:40,salida
2023-01-08 13:30:50,salida
2023-01-08 13:59:58,salida
2023-01-08 13:54:38,salida
2023-01-08 13:54:33,salida
2023-01-08 13:05:49,salida
2023-01-08 13:37:44,salida
2023-01-08 13:57:50,salida
2023-01-08 13:33:43,salida
2023-01-08 13:14:13,salida
2023-01-08 13:05:49,salida
2023-01-08 13:36:49,salida
2023-01-08 13:31:02,salida
2023-01-08 13:02:21,salida
2023-01-08 13:21:09,salida
2023-01-08 13:50:02,salida
2023-01-08 13:11:28,salida
2023-01-08 13:47:16,salida
2023-01-08 13:06:12,salida
2023-01-08 13:55:01,salida
2023-01-08 13:03:09,salida
2023-01-08 13:38:23,salida
2023-01-08 13:16:51,salida
2023-01-08 13:05:18,salida
2023-01-08 13:04:31,salida
2023-01-08 13:09:08,salida
2023-01-08 14:44:34,salida
2023-01-08 14:02:55,salida
2023-01-08 14:04:25,salida
2023-01-08 14:10:06,salida
2023-01-08 14:52:55,salida
2023-01-08 14:09:41,salida
2023-01-08 14:51:33,salida
2023-01-08 14:02:07,salida
2023-01-08 14:30:10,salida
2023-01-08 14:44:06,salida
2023-01-08 14:44:01,salida
2023-01-08 14:05:40,salida
2023-01-08 14:31:19,salida
2023-01-08 14:56:33,salida
2023-01-08 14:49:15,salida
2023-01-08 14:24:11,salida
2023-01-08 14:06:38,salida
2023-01-08 14:16:44,salida
2023-01-08 14:10:05,salida
2023-01-08 14:22:26,salida
2023-01-08 14:45:05,salida
2023-01-08 14:37:01,salida
2023-01-08 15:25:06,salida
2023-01-08 15:41:46,salida
2023-01-08 15:52:58,salida
2023-01-08 15:37:04,salida
2023-01-08 15:22:27,salida
2023-01-08 15:33:52,salida
2023-01-08 15:14:31,salida
2023-01-08 15:25:47,salida
2023-01-08 15:30:18,salida
2023-01-08 15:08:28,salida
2023-01-08 15:53:57,salida
2023-01-08 15:50:38,salida
2023-01-08 15:03:02,salida
2023-01-08 15:55:28,salida
2023-01-08 15:51:10,salida
2023-01-08 15:32:37,salida
2023-01-08 15:57:10,salida
2023-01-08 15:26:32,salida
2023-01-08 15:20:38,salida
2023-01-08 16:20:01,salida
2023-01-08 16:53:26,salida
2023-01-08 16:37:25,salida
2023-01-08 16:57:58,salida
2023-01-08 16:37:45,salida
2023-01-08 16:24:10,salida
2023-01-08 16:07:07,salida
2023-01-08 16:32:52,salida
2023-01-08 16:06:37,salida
2023-01-08 16:20:07,salida
2023-01-08 16:50:53,salida
2023-01-08 16:20:55,salida
2023-01-08 16:19:07,salida
2023-01-08 16:57:45,salida
2023-01-08 16:30:49,salida
2023-01-08 16:56:28,salida
2023-01-08 16:47:08,salida
2023-01-08 16:14:29,salida
2023-01-08 16:25:09,salida
2023-01-08 16:28:53,salida
2023-01-08 17:00:16,salida
2023-01-08 17:58:00,salida
2023-01-08 17:52:51,salida
2023-01-08 17:44:29,salida
2023-01-08 17:40:46,salida
2023-01-08 17:02:45,salida
2023-01-08 17:54:10,salida
2023-01-08 17:23:21,salida
2023-01-08 17:43:44,salida
2023-01-08 17:25:12,salida
2023-01-08 17:00:23,salida
2023-01-08 17:09:34,salida
2023-01-08 17:23:27,salida
2023-01-08 17:35:15,salida
2023-01-08 17:39:15,salida
2023-01-08 17:58:16,salida
2023-01-08 17:50:53,salida
2023-01-08 17:14:15,salida
2023-01-08 17:14:56,salida
2023-01-08 17:33:10,salida
2023-01-08 17:00:14,salida
2023-01-08 17:25:50,salida
2023-01-08 17:03:42,salida
2023-01-08 17:04:34,salida
2023-01-08 17:12:09,salida
2023-01-08 17:10:17,salida
2023-01-08 18:20:35,salida
2023-01-08 18:43:38,salida
2023-01-08 18:46:38,salida
2023-01-08 18:28:53,salida
2023-01-08 18:25:20,salida
2023-01-08 18:16:15,salida
2023-01-08 18:59:30,salida
2023-01-08 18:50:08,salida
2023-01-08 18:30:13,salida
2023-01-08 18:48:36,salida
2023-01-08 18:01:51,salida
2023-01-08 18:47:45,salida
2023-01-08 18:13:58,salida
2023-01-08 18:32:34,salida
2023-01-08 18:57:38,salida
2023-01-08 18:57:46,salida
2023-01-08 18:50:19,salida
2023-01-08 18:01:50,salida
2023-01-08 19:49:41,salida
2023-01-08 19:37:44,salida
2023-01-08 19:41:17,salida
2023-01-08 19:57:19,salida
2023-01-08 19:57:47,salida
2023-01-08 19:24:56,salida
2023-01-08 19:37:12,salida
2023-01-08 19:03:54,salida
2023-01-08 19:13:32,salida
2023-01-08 19:27:51,salida
2023-01-08 19:36:07,salida
2023-01-08 19:43:33,salida
2023-01-08 19:43:04,salida
2023-01-08 19:53:04,salida
2023-01-08 19:30:44,salida
2023-01-08 19:08:41,salida
2023-01-08 19:31:32,salida
2023-01-08 19:02:29,salida
2023-01-08 19:49:11,salida
2023-01-08 20:59:29,salida
2023-01-08 20:07:33,salida
2023-01-08 20:56:46,salida
2023-01-08 20:08:50,salida
2023-01-08 20:19:39,salida
2023-01-08 20:24:18,salida
2023-01-08 20:04:10,salida
2023-01-08 20:14:07,salida
2023-01-08 20:18:22,salida
2023-01-08 20:26:39,salida
2023-01-08 20:31:25,salida
2023-01-08 20:26:18,salida
2023-01-08 20:49:41,salida
2023-01-08 20:28:38,salida
2023-01-08 20:59:40,salida
2023-01-08 20:32:18,salida
2023-01-08 20:36:18,salida
2023-01-08 20:32:46,salida
2023-01-08 20:15:22,salida
2023-01-08 20:06:25,salida
2023-01-08 20:31:11,salida
2023-01-08 20:07:04,salida
2023-01-08 20:41:27,salida
2023-01-08 20:52:04,salida
2023-01-08 20:48:25,salida
2023-01-08 20:04:21,salida
2023-01-08 20:14:12,salida
2023-01-08 20:27:32,salida
2023-01-08 21:52:54,salida
2023-01-08 21:58:08,salida
2023-01-08 21:14:51,salida
2023-01-08 21:01:24,salida
2023-01-08 21:12:33,salida
2023-01-08 21:50:57,salida
2023-01-08 21:33:34,salida
2023-01-08 21:37:02,salida
2023-01-08 21:41:55,salida
2023-01-08 21:58:05,salida
2023-01-08 21:54:47,salida
2023-01-08 21:48:18,salida
2023-01-08 21:02:17,salida
2023-01-08 21:38:08,salida
2023-01-08 21:51:11,salida
2023-01-08 21:04:02,salida
2023-01-09 10:28:02,salida
2023-01-09 10:57:13,salida
2023-01-09 10:24:47,salida
2023-01-09 10:00:52,salida
2023-01-09 10:02:53,salida
2023-01-09 10:25:17,salida
2023-01-09 10:08:37,salida
2023-01-09 10:22:20,salida
2023-01-09 10:56:00,salida
2023-01-09 10:20:26,salida
2023-01-09 10:41:58,salida
2023-01-09 10:05:54,salida
2023-01-09 10:43:35,salida
2023-01-09 10:27:44,salida
2023-01-09 11:37:19,salida
2023-01-09 11:49:24,salida
2023-01-09 11:01:56,salida
2023-01-09 11:31:25,salida
2023-01-09 11:05:40,salida
2023-01-09 11:56:02,salida
2023-01-09 11:32:00,salida
2023-01-09 11:50:04,salida
2023-01-09 11:12:18,salida
2023-01-09 11:11:47,salida
2023-01-09 11:24:56,salida
2023-01-09 11:50:34,salida
2023-01-09 11:11:29,salida
2023-01-09 11:04:33,salida
2023-01-09 11:21:38,salida
2023-01-09 11:12:56,salida
2023-01-09 11:46:53,salida
2023-01-09 11:02:59,salida
2023-01-09 12:20:16,salida
2023-01-09 12:22:56,salida
2023-01-09 12:42:16,salida
2023-01-09 12:57:13,salida
2023-01-09 12:28:19,salida
2023-01-09 12:29:18,salida
2023-01-09 12:52:38,salida
2023-01-09 12:55:12,salida
2023-01-09 12:17:22,salida
2023-01-09 12:45:32,salida
2023-01-09 12:38:39,salida
2023-01-09 12:17:08,salida
2023-01-09 12:32:31,salida
2023-01-09 12:53:16,salida
2023-01-09 12:18:26,salida
2023-01-09 12:05:34,salida
2023-01-09 12:55:36,salida
2023-01-09 12:33:19,salida
2023-01-09 12:24:03,salida
2023-01-09 12:09:09,salida
2023-01-09 12:23:20,salida
2023-01-09 13:28:41,salida
2023-01-09 13:31:16,salida
2023-01-09 13:13:39,salida
2023-01-09 13:35:57,salida
2023-01-09 13:47:23,salida
2023-01-09 13:44:53,salida
2023-01-09 13:26:24,salida
2023-01-09 13:58:31,salida
2023-01-09 13:51:17,salida
2023-01-09 13:45:17,salida
2023-01-09 13:36:25,salida
2023-01-09 13:08:59,salida
2023-01-09 13:34:07,salida
2023-01-09 13:19:53,salida
2023-01-09 13:41:21,salida
2023-01-09 13:18:29,salida
2023-01-09 13:52:27,salida
2023-01-09 13:34:42,salida
2023-01-09 14:03:27,salida
2023-01-09 14:13:07,salida
2023-01-09 14:08:56,salida
2023-01-09 14:50:34,salida
2023-01-09 14:36:20,salida
2023-01-09 14:57:17,salida
2023-01-09 14:32:07,salida
2023-01-09 14:50:48,salida
2023-01-09 14:16:42,salida
2023-01-09 14:30:33,salida
2023-01-09 14:05:21,salida
2023-01-09 14:13:02,salida
2023-01-09 14:11:35,salida
2023-01-09 14:11:44,salida
2023-01-09 14:01:01,salida
2023-01-09 14:14:22,salida
2023-01-09 14:28:16,salida
2023-01-09 14:31:06,salida
2023-01-09 14:29:27,salida
2023-01-09 14:13:43,salida
2023-01-09 14:29:16,salida
2023-01-09 14:31:45,salida
2023-01-09 14:05:50,salida
2023-01-09 14:23:05,salida
2023-01-09 14:26:17,salida
2023-01-09 15:04:02,salida
2023-01-09 15:43:30,salida
2023-01-09 15:46:41,salida
2023-01-09 15:57:19,salida
2023-01-09 15:18:47,salida
2023-01-09 15:59:10,salida
2023-01-09 15:39:02,salida
2023-01-09 15:22:06,salida
2023-01-09 15:22:06,salida
2023-01-09 15:45:33,salida
2023-01-09 15:41:18,salida
2023-01-09 15:57:08,salida
2023-01-09 15:47:50,salida
2023-01-09 15:17:40,salida
2023-01-09 15:47:44,salida
2023-01-09 15:41:24,salida
2023-01-09 15:51:13,salida
2023-01-09 15:43:24,salida
2023-01-09 15:18:38,salida
2023-01-09 15:54:14,salida
2023-01-09 15:15:26,salida
2023-01-09 15:39:09,salida
2023-01-09 15:03:50,salida
2023-01-09 15:18:27,salida
2023-01-09 16:56:41,salida
2023-01-09 16:33:08,salida
2023-01-09 16:55:22,salida
2023-01-09 16:34:49,salida
2023-01-09 16:06:14,salida
2023-01-09 16:52:53,salida
2023-01-09 16:19:49,salida
2023-01-09 16:24:02,salida
2023-01-09 16:59:54,salida
2023-01-09 16:45:23,salida
2023-01-09 16:33:45,salida
2023-01-09 16:21:10,salida
2023-01-09 16:47:07,salida
2023-01-09 16:38:42,salida
2023-01-09 16:34:48,salida
2023-01-09 17:13:38,salida
2023-01-09 17:55:39,salida
2023-01-09 17:00:55,salida
2023-01-09 17:53:03,salida
2023-01-09 17:29:11,salida
2023-01-09 17:55:34,salida
2023-01-09 17:12:51,salida
2023-01-09 17:30:37,salida
2023-01-09 17:42:22,salida
2023-01-09 17:03:51,salida
2023-01-09 17:15:06,salida
2023-01-09 17:21:28,salida
2023-01-09 17:10:55,salida
2023-01-09 17:32:57,salida
2023-01-09 17:28:58,salida
2023-01-09 17:38:11,salida
2023-01-09 17:06:58,salida
2023-01-09 17:54:38,salida
2023-01-09 17:41:47,salida
2023-01-09 17:25:39,salida
2023-01-09 17:08:40,salida
2023-01-09 17:33:44,salida
2023-01-09 18:48:58,salida
2023-01-09 18:28:49,salida
2023-01-09 18:19:15,salida
2023-01-09 18:16:15,salida
2023-01-09 18:18:55,salida
2023-01-09 18:55:07,salida
2023-01-09 18:37:37,salida
2023-01-09 18:52:28,salida
2023-01-09 18:40:35,salida
2023-01-09 18:25:30,salida
2023-01-09 18:43:59,salida
2023-01-09 18:11:54,salida
2023-01-09 18:16:14,salida
2023-01-09 18:08:38,salida
2023-01-09 18:41:47,salida
2023-01-09 18:11:31,salida
2023-01-09 18:24:38,salida
2023-01-09 18:17:14,salida
2023-01-09 18:31:05,salida
2023-01-09 18:57:43,salida
2023-01-09 18:42:51,salida
2023-01-09 18:34:33,salida
2023-01-09 18:37:55,salida
2023-01-09 18:53:56,salida
2023-01-09 18:04:17,salida
2023-01-09 18:15:07,salida
2023-01-09 18:24:31,salida
2023-01-09 18:25:51,salida
2023-01-09 18:21:30,salida
2023-01-09 19:36:16,salida
2023-01-09 19:39:39,salida
2023-01-09 19:53:11,salida
2023-01-09 19:20:39,salida
2023-01-09 19:18:02,salida
2023-01-09 19:17:52,salida
2023-01-09 19:50:18,salida
2023-01-09 19:46:05,salida
2023-01-09 19:15:07,salida
2023-01-09 19:47:17,salida
2023-01-09 19:51:47,salida
2023-01-09 19:42:38,salida
2023-01-09 19:48:48,salida
2023-01-09 19:11:44,salida
2023-01-09 19:09:06,salida
2023-01-09 19:45:54,salida
2023-01-09 19:00:48,salida
2023-01-09 19:35:20,salida
2023-01-09 19:36:51,salida
2023-01-09 19:23:54,salida
2023-01-09 19:24:06,salida
2023-01-09 19:41:16,salida
2023-01-09 19:28:29,salida
2023-01-09 19:06:32,salida
2023-01-09 19:06:57,salida
2023-01-09 19:23:10,salida
2023-01-09 20:27:29,salida
2023-01-09 20:06:08,salida
2023-01-09 20:24:32,salida
2023-01-09 20:00:50,salida
2023-01-09 20:05:17,salida
2023-01-09 20:09:27,salida
2023-01-09 20:10:32,salida
2023-01-09 20:00:12,salida
2023-01-09 20:36:19,salida
2023-01-09 20:00:51,salida
2023-01-09 20:02:17,salida
2023-01-09 20:40:13,salida
2023-01-09 20:30:26,salida
2023-01-09 20:16:54,salida
2023-01-09 20:45:28,salida
2023-01-09 20:35:36,salida
2023-01-09 20:25:52,salida
2023-01-09 20:16:21,salida
2023-01-09 20:24:01,salida
2023-01-09 20:54:21,salida
2023-01-09 20:04:03,salida
2023-01-09 20:35:05,salida
2023-01-09 20:51:20,salida
2023-01-09 20:12:53,salida
2023-01-09 20:36:54,salida
2023-01-09 21:05:53,salida
2023-01-09 21:34:41,salida
2023-01-09 21:00:59,salida
2023-01-09 21:45:35,salida
2023-01-09 21:57:11,salida
2023-01-09 21:37:10,salida
2023-01-09 21:11:41,salida
2023-01-09 21:49:38,salida
2023-01-09 21:06:10,salida
2023-01-09 21:35:51,salida
2023-01-09 21:30:32,salida
2023-01-09 21:12:17,salida
2023-01-09 21:40:57,salida
2023-01-09 21:55:23,salida
2023-01-09 21:08:30,salida
2023-01-09 21:54:40,salida
2023-01-09 21:09:59,salida
2023-01-09 21:01:37,salida
2023-01-09 21:14:02,salida
2023-01-09 21:42:30,salida
2023-01-09 21:05:02,salida
2023-01-09 21:55:10,salida
2023-01-09 21:14:44,salida
2023-01-09 21:51:27,salida
2023-01-09 21:09:37,salida
2023-01-09 21:46:56,salida
2023-01-09 21:49:49,salida
2023-01-09 21:06:14,salida
2023-01-09 21:17:17,salida
2023-01-09 21:51:40,salida
2023-01-09 21:23:01,salida
2023-01-10 10:41:13,salida
2023-01-10 10:11:46,salida
2023-01-10 10:41:29,salida
2023-01-10 10:31:31,salida
2023-01-10 10:41:31,salida
2023-01-10 10:25:50,salida
2023-01-10 10:00:55,salida
2023-01-10 10:57:41,salida
2023-01-10 10:01:16,salida
2023-01-10 10:29:55,salida
2023-01-10 10:38:06,salida
2023-01-10 10:51:26,salida
2023-01-10 10:08:21,salida
2023-01-10 10:33:45,salida
2023-01-10 10:48:00,salida
2023-01-10 10:08:19,salida
2023-01-10 10:52:18,salida
2023-01-10 10:35:59,salida
2023-01-10 10:39:44,salida
2023-01-10 10:03:08,salida
2023-01-10 10:40:21,salida
2023-01-10 10:17:11,salida
2023-01-10 10:41:42,salida
2023-01-10 10:38:08,salida
2023-01-10 11:22:06,salida
2023-01-10 11:55:22,salida
2023-01-10 11:43:24,salida
2023-01-10 11:26:40,salida
2023-01-10 11:05:54,salida
2023-01-10 11:33:08,salida
2023-01-10 11:59:48,salida
2023-01-10 11:32:50,salida
2023-01-10 11:59:05,salida
2023-01-10 11:36:30,salida
2023-01-10 11:33:40,salida
2023-01-10 11:28:57,salida
2023-01-10 11:13:35,salida
2023-01-10 11:35:52,salida
2023-01-10 11:14:07,salida
2023-01-10 11:25:35,salida
2023-01-10 11:47:20,salida
2023-01-10 11:27:03,salida
2023-01-10 11:15:21,salida
2023-01-10 11:11:15,salida
2023-01-10 11:50:39,salida
2023-01-10 12:49:04,salida
2023-01-10 12:05:29,salida
2023-01-10 12:30:16,salida
2023-01-10 12:10:19,salida
2023-01-10 12:47:08,salida
2023-01-10 12:01:36,salida
2023-01-10 12:00:03,salida
2023-01-10 12:35:53,salida
2023-01-10 12:57:24,salida
2023-01-10 12:02:08,salida
2023-01-10 12:21:22,salida
2023-01-10 12:11:09,salida
2023-01-10 12:33:42,salida
2023-01-10 12:09:29,salida
2023-01-10 12:21:05,salida
2023-01-10 12:49:01,salida
2023-01-10 12:29:01,salida
2023-01-10 12:31:41,salida
2023-01-10 12:15:11,salida
2023-01-10 12:00:52,salida
2023-01-10 12:07:47,salida
2023-01-10 13:12:24,salida
2023-01-10 13:01:01,salida
2023-01-10 13:15:08,salida
2023-01-10 13:27:12,salida
2023-01-10 13:34:40,salida
2023-01-10 13:12:30,salida
2023-01-10 13:20:31,salida
2023-01-10 13:53:33,salida
2023-01-10 13:07:58,salida
2023-01-10 13:40:47,salida
2023-01-10 13:01:37,salida
2023-01-10 13:31:53,salida
2023-01-10 13:39:57,salida
2023-01-10 13:27:36,salida
2023-01-10 13:40:00,salida
2023-01-10 13:40:09,salida
2023-01-10 13:54:03,salida
2023-01-10 13:34:09,salida
2023-01-10 14:20:51,salida
2023-01-10 14:19:59,salida
2023-01-10 14:03:10,salida
2023-01-10 14:12:08,salida
2023-01-10 14:03:11,salida
2023-01-10 14:08:12,salida
2023-01-10 14:47:25,salida
2023-01-10 14:37:41,salida
2023-01-10 14:12:38,salida
2023-01-10 14:27:57,salida
2023-01-10 14:18:23,salida
2023-01-10 14:18:48,salida
2023-01-10 14:12:12,salida
2023-01-10 14:57:27,salida
2023-01-10 14:52:01,salida
2023-01-10 14:09:21,salida
2023-01-10 14:12:57,salida
2023-01-10 14:08:32,salida
2023-01-10 14:13:47,salida
2023-01-10 14:19:14,salida
2023-01-10 14:31:32,salida
2023-01-10 15:13:35,salida
2023-01-10 15:17:46,salida
2023-01-10 15:40:17,salida
2023-01-10 15:02:09,salida
2023-01-10 15:48:38,salida
2023-01-10 15:46:00,salida
2023-01-10 15:26:56,salida
2023-01-10 15:26:10,salida
2023-01-10 15:48:04,salida
2023-01-10 15:06:18,salida
2023-01-10 15:56:55,salida
2023-01-10 15:28:14,salida
2023-01-10 15:34:46,salida
2023-01-10 15:36:54,salida
2023-01-10 15:11:29,salida
2023-01-10 15:19:36,salida
2023-01-10 15:02:08,salida
2023-01-10 15:57:40,salida
2023-01-10 15:38:25,salida
2023-01-10 15:01:22,salida
2023-01-10 15:22:58,salida
2023-01-10 15:20:15,salida
2023-01-10 15:08:12,salida
2023-01-10 15:27:26,salida
2023-01-10 15:50:51,salida
2023-01-10 15:16:37,salida
2023-01-10 16:28:23,salida
2023-01-10 16:46:54,salida
2023-01-10 16:14:18,salida
2023-01-10 16:07:33,salida
2023-01-10 16:01:26,salida
2023-01-10 16:09:34,salida
2023-01-10 16:22:48,salida
2023-01-10 16:07:27,salida
2023-01-10 16:22:03,salida
2023-01-10 16:13:52,salida
2023-01-10 16:41:28,salida
2023-01-10 16:00:03,salida
2023-01-10 16:31:32,salida
2023-01-10 16:48:25,salida
2023-01-10 16:16:38,salida
2023-01-10 16:22:31,salida
2023-01-10 16:51:14,salida
2023-01-10 16:12:59,salida
2023-01-10 16:01:59,salida
2023-01-10 16:18:23,salida
2023-01-10 16:44:23,salida
2023-01-10 16:10:58,salida
2023-01-10 16:21:14,salida
2023-01-10 17:36:54,salida
2023-01-10 17:02:49,salida
2023-01-10 17:42:14,salida
2023-01-10 17:20:51,salida
2023-01-10 17:36:55,salida
2023-01-10 17:11:03,salida
2023-01-10 17:46:08,salida
2023-01-10 17:38:41,salida
2023-01-10 17:27:22,salida
2023-01-10 17:44:39,salida
2023-01-10 17:43:21,salida
2023-01-10 17:23:50,salida
2023-01-10 18:14:05,salida
2023-01-10 18:51:08,salida
2023-01-10 18:36:19,salida
2023-01-10 18:33:37,salida
2023-01-10 18:25:17,salida
2023-01-10 18:27:54,salida
2023-01-10 18:50:08,salida
2023-01-10 18:31:58,salida
2023-01-10 18:52:55,salida
2023-01-10 18:58:05,salida
2023-01-10 18:13:27,salida
2023-01-10 18:57:23,salida
2023-01-10 18:12:42,salida
2023-01-10 18:11:50,salida
2023-01-10 18:18:20,salida
2023-01-10 18:26:57,salida
2023-01-10 18:18:23,salida
2023-01-10 18:25:44,salida
2023-01-10 18:27:45,salida
2023-01-10 19:47:44,salida
2023-01-10 19:39:05,salida
2023-01-10 19:37:40,salida
2023-01-10 19:35:26,salida
2023-01-10 19:10:04,salida
2023-01-10 19:56:16,salida
2023-01-10 19:51:06,salida
2023-01-10 19:26:46,salida
2023-01-10 19:56:14,salida
2023-01-10 19:45:12,salida
2023-01-10 19:10:59,salida
2023-01-10 19:44:25,salida
2023-01-10 19:21:27,salida
2023-01-10 19:23:28,salida
2023-01-10 19:08:41,salida
2023-01-10 19:03:48,salida
2023-01-10 19:45:55,salida
2023-01-10 19:17:42,salida
2023-01-10 19:15:32,salida
2023-01-10 19:28:38,salida
2023-01-10 20:09:49,salida
2023-01-10 20:16:29,salida
2023-01-10 20:20:59,salida
2023-01-10 20:12:00,salida
2023-01-10 20:00:46,salida
2023-01-10 20:32:37,salida
2023-01-10 20:24:25,salida
2023-01-10 20:12:58,salida
2023-01-10 20:27:32,salida
2023-01-10 20:36:40,salida
2023-01-10 20:29:56,salida
2023-01-10 20:48:47,salida
2023-01-10 20:07:48,salida
2023-01-10 20:46:55,salida
2023-01-10 20:00:11,salida
2023-01-10 20:04:23,salida
2023-01-10 20:05:24,salida
2023-01-10 20:00:24,salida
2023-01-10 20:00:31,salida
2023-01-10 20:41:41,salida
2023-01-10 20:02:48,salida
2023-01-10 20:18:59,salida
2023-01-10 20:42:28,salida
2023-01-10 20:49:01,salida
2023-01-10 20:08:55,salida
2023-01-10 21:45:20,salida
2023-01-10 21:09:15,salida
2023-01-10 21:06:03,salida
2023-01-10 21:26:51,salida
2023-01-10 21:54:24,salida
2023-01-10 21:30:10,salida
2023-01-10 21:47:19,salida
2023-01-10 21:35:53,salida
2023-01-10 21:53:54,salida
2023-01-10 21:16:44,salida
2023-01-10 21:10:29,salida
2023-01-10 21:34:40,salida
2023-01-10 21:37:21,salida
2023-01-10 21:52:42,salida
2023-01-10 21:47:50,salida
2023-01-10 21:26:36,salida
2023-01-10 21:45:48,salida
2023-01-11 10:46:13,salida
2023-01-11 10:27:52,salida
2023-01-11 10:42:15,salida
2023-01-11 10:18:16,salida
2023-01-11 10:58:25,salida
2023-01-11 10:05:42,salida
2023-01-11 10:48:08,salida
2023-01-11 10:49:16,salida
2023-01-11 10:30:11,salida
2023-01-11 10:22:53,salida
2023-01-11 10:53:04,salida
2023-01-11 10:42:35,salida
2023-01-11 10:58:35,salida
2023-01-11 10:02:57,salida
2023-01-11 10:23:54,salida
2023-01-11 10:56:16,salida
2023-01-11 10:38:25,salida
2023-01-11 10:03:54,salida
2023-01-11 10:44:11,salida
2023-01-11 10:00:20,salida
2023-01-11 10:18:20,salida
2023-01-11 10:51:17,salida
2023-01-11 10:42:51,salida
2023-01-11 10:02:48,salida
2023-01-11 10:43:31,salida
2023-01-11 10:09:39,salida
2023-01-11 11:48:21,salida
2023-01-11 11:13:48,salida
2023-01-11 11:56:58,salida
2023-01-11 11:13:43,salida
2023-01-11 11:15:32,salida
2023-01-11 11:12:37,salida
2023-01-11 11:48:11,salida
2023-01-11 11:54:50,salida
2023-01-11 11:37:38,salida
2023-01-11 11:32:32,salida
2023-01-11 11:28:04,salida
2023-01-11 11:05:30,salida
2023-01-11 11:15:30,salida
2023-01-11 11:24:47,salida
2023-01-11 11:45:32,salida
2023-01-11 11:12:51,salida
2023-01-11 11:09:23,salida
2023-01-11 11:09:40,salida
2023-01-11 11:30:12,salida
2023-01-11 11:02:58,salida
2023-01-11 11:49:51,salida
2023-01-11 11:33:48,salida
2023-01-11 11:27:18,salida
2023-01-11 11:22:44,salida
2023-01-11 12:51:41,salida
2023-01-11 12:11:00,salida
2023-01-11 12:41:08,salida
2023-01-11 12:02:59,salida
2023-01-11 12:50:25,salida
2023-01-11 12:08:41,salida
2023-01-11 12:50:15,salida
2023-01-11 12:23:49,salida
2023-01-11 12:13:02,salida
2023-01-11 12:33:32,salida
2023-01-11 12:49:23,salida
2023-01-11 12:08:12,salida
2023-01-11 12:01:06,salida
2023-01-11 12:47:20,salida
2023-01-11 12:18:24,salida
2023-01-11 12:46:21,salida
2023-01-11 12:10:32,salida
2023-01-11 12:31:20,salida
2023-01-11 13:31:23,salida
2023-01-11 13:45:34,salida
2023-01-11 13:36:31,salida
2023-01-11 13:06:32,salida
2023-01-11 13:30:54,salida
2023-01-11 13:11:10,salida
2023-01-11 13:23:07,salida
2023-01-11 13:31:56,salida
2023-01-11 13:37:59,salida
2023-01-11 13:21:33,salida
2023-01-11 13:18:51,salida
2023-01-11 13:19:55,salida
2023-01-11 13:13:32,salida
2023-01-11 14:21:58,salida
2023-01-11 14:15:51,salida
2023-01-11 14:28:15,salida
2023-01-11 14:11:16,salida
2023-01-11 14:36:26,salida
2023-01-11 14:24:12,salida
2023-01-11 14:07:55,salida
2023-01-11 14:04:11,salida
2023-01-11 14:40:02,salida
2023-01-11 14:34:32,salida
2023-01-11 14:56:21,salida
2023-01-11 14:49:55,salida
2023-01-11 14:43:08,salida
2023-01-11 14:40:17,salida
2023-01-11 14:49:28,salida
2023-01-11 14:38:26,salida
2023-01-11 14:35:44,salida
2023-01-11 14:16:55,salida
2023-01-11 14:33:45,salida
2023-01-11 14:02:04,salida
2023-01-11 14:13:02,salida
2023-01-11 14:22:38,salida
2023-01-11 14:29:49,salida
2023-01-11 14:44:22,salida
2023-01-11 14:26:53,salida
2023-01-11 14:09:24,salida
2023-01-11 14:12:15,salida
2023-01-11 15:35:25,salida
2023-01-11 15:09:30,salida
2023-01-11 15:32:28,salida
2023-01-11 15:04:12,salida
2023-01-11 15:00:22,salida
2023-01-11 15:39:02,salida
2023-01-11 15:02:06,salida
2023-01-11 15:35:34,salida
2023-01-11 15:14:39,salida
2023-01-11 15:02:28,salida
2023-01-11 15:29:38,salida
2023-01-11 15:17:10,salida
2023-01-11 15:42:48,salida
2023-01-11 15:59:37,salida
2023-01-11 15:39:00,salida
2023-01-11 15:28:09,salida
2023-01-11 15:27:56,salida
2023-01-11 15:30:18,salida
2023-01-11 15:02:35,salida
2023-01-11 15:42:14,salida
2023-01-11 15:32:40,salida
2023-01-11 16:18:00,salida
2023-01-11 16:39:31,salida
2023-01-11 16:21:47,salida
2023-01-11 16:28:01,salida
2023-01-11 16:39:37,salida
2023-01-11 16:47:54,salida
2023-01-11 16:10:16,salida
2023-01-11 16:54:50,salida
2023-01-11 16:42:59,salida
2023-01-11 16:07:21,salida
2023-01-11 16:03:10,salida
2023-01-11 16:07:08,salida
2023-01-11 16:25:01,salida
2023-01-11 16:15:30,salida
2023-01-11 16:05:52,salida
2023-01-11 17:49:31,salida
2023-01-11 17:21:54,salida
2023-01-11 17:50:56,salida
2023-01-11 17:12:46,salida
2023-01-11 17:22:53,salida
2023-01-11 17:28:21,salida
2023-01-11 17:00:28,salida
2023-01-11 17:47:04,salida
2023-01-11 17:57:34,salida
2023-01-11 17:54:09,salida
2023-01-11 17:18:36,salida
2023-01-11 17:06:45,salida
2023-01-11 17:34:44,salida
2023-01-11 17:12:09,salida
2023-01-11 17:01:05,salida
2023-01-11 17:07:35,salida
2023-01-11 17:24:43,salida
2023-01-11 17:59:46,salida
2023-01-11 18:36:58,salida
2023-01-11 18:59:01,salida
2023-01-11 18:32:38,salida
2023-01-11 18:42:42,salida
2023-01-11 18:31:17,salida
2023-01-11 18:16:33,salida
2023-01-11 18:38:06,salida
2023-01-11 18:41:53,salida
2023-01-11 18:52:34,salida
2023-01-11 18:29:11,salida
2023-01-11 18:34:10,salida
2023-01-11 18:43:56,salida
2023-01-11 18:03:24,salida
2023-01-11 18:47:31,salida
2023-01-11 18:19:49,salida
2023-01-11 18:30:03,salida
2023-01-11 19:09:49,salida
2023-01-11 19:17:03,salida
2023-01-11 19:08:06,salida
2023-01-11 19:49:07,salida
2023-01-11 19:42:06,salida
2023-01-11 19:40:39,salida
2023-01-11 19:02:16,salida
2023-01-11 19:01:14,salida
2023-01-11 19:45:28,salida
2023-01-11 19:49:47,salida
2023-01-11 19:51:21,salida
2023-01-11 19:03:56,salida
2023-01-11 19:51:05,salida
2023-01-11 19:37:25,salida
2023-01-11 19:10:25,salida
2023-01-11 19:16:23,salida
2023-01-11 19:27:34,salida
2023-01-11 19:30:12,salida
2023-01-11 19:53:34,salida
2023-01-11 19:15:14,salida
2023-01-11 19:42:17,salida
2023-01-11 19:46:36,salida
2023-01-11 20:19:54,salida
2023-01-11 20:50:16,salida
2023-01-11 20:35:02,salida
2023-01-11 20:00:49,salida
2023-01-11 20:26:52,salida
2023-01-11 20:46:39,salida
2023-01-11 20:32:19,salida
2023-01-11 20:13:35,salida
2023-01-11 20:04:22,salida
2023-01-11 20:44:59,salida
2023-01-11 20:55:14,salida
2023-01-11 20:05:32,salida
2023-01-11 20:54:18,salida
2023-01-11 20:12:28,salida
2023-01-11 20:05:14,salida
2023-01-11 20:15:23,salida
2023-01-11 20:22:47,salida
2023-01-11 20:09:53,salida
2023-01-11 20:40:40,salida
2023-01-11 20:48:16,salida
2023-01-11 21:50:52,salida
2023-01-11 21:29:02,salida
2023-01-11 21:58:57,salida
2023-01-11 21:42:06,salida
2023-01-11 21:48:56,salida
2023-01-11 21:08:52,salida
2023-01-11 21:40:41,salida
2023-01-11 21:12:14,salida
2023-01-11 21:53:04,salida
2023-01-11 21:28:34,salida
2023-01-11 21:26:26,salida
2023-01-11 21:07:31,salida
2023-01-11 21:19:09,salida
2023-01-11 21:12:28,salida
2023-01-12 10:40:51,salida
2023-01-12 10:50:45,salida
2023-01-12 10:33:36,salida
2023-01-12 10:19:07,salida
2023-01-12 10:06:05,salida
2023-01-12 10:10:43,salida
2023-01-12 10:17:50,salida
2023-01-12 10:41:56,salida
2023-01-12 10:28:24,salida
2023-01-12 10:20:45,salida
2023-01-12 10:02:17,salida
2023-01-12 10:23:46,salida
2023-01-12 10:37:09,salida
2023-01-12 10:26:11,salida
2023-01-12 10:06:16,salida
2023-01-12 10:00:57,salida
2023-01-12 10:49:25,salida
2023-01-12 10:14:50,salida
2023-01-12 10:59:32,salida
2023-01-12 10:36:46,salida
2023-01-12 10:30:34,salida
2023-01-12 10:00:07,salida
2023-01-12 10:11:58,salida
2023-01-12 10:53:56,salida
2023-01-12 10:18:24,salida
2023-01-12 10:56:31,salida
2023-01-12 10:11:12,salida
2023-01-12 10:27:00,salida
2023-01-12 11:27:06,salida
2023-01-12 11:09:50,salida
2023-01-12 11:56:57,salida
2023-01-12 11:35:01,salida
2023-01-12 11:25:52,salida
2023-01-12 11:49:13,salida
2023-01-12 11:57:15,salida
2023-01-12 11:53:42,salida
2023-01-12 11:41:16,salida
2023-01-12 11:45:21,salida
2023-01-12 11:03:18,salida
2023-01-12 11:01:38,salida
2023-01-12 11:08:59,salida
2023-01-12 11:18:15,salida
2023-01-12 11:53:24,salida
2023-01-12 11:47:17,salida
2023-01-12 11:22:52,salida
2023-01-12 11:20:10,salida
2023-01-12 11:38:40,salida
2023-01-12 11:03:24,salida
2023-01-12 11:31:29,salida
2023-01-12 11:44:58,salida
2023-01-12 11:25:56,salida
2023-01-12 11:35:50,salida
2023-01-12 11:33:08,salida
2023-01-12 11:11:01,salida
2023-01-12 11:37:04,salida
2023-01-12 11:04:51,salida
2023-01-12 11:21:04,salida
2023-01-12 11:58:03,salida
2023-01-12 11:08:28,salida
2023-01-12 11:21:26,salida
2023-01-12 11:09:15,salida
2023-01-12 11:41:41,salida
2023-01-12 12:55:11,salida
2023-01-12 12:32:55,salida
2023-01-12 12:06:16,salida
2023-01-12 12:57:59,salida
2023-01-12 12:09:30,salida
2023-01-12 12:59:05,salida
2023-01-12 12:16:49,salida
2023-01-12 12:36:17,salida
2023-01-12 12:25:48,salida
2023-01-12 12:53:15,salida
2023-01-12 12:07:23,salida
2023-01-12 12:12:28,salida
2023-01-12 12:31:23,salida
2023-01-12 12:15:10,salida
2023-01-12 12:31:05,salida
2023-01-12 12:58:34,salida
2023-01-12 12:32:17,salida
2023-01-12 12:36:12,salida
2023-01-12 12:09:36,salida
2023-01-12 12:25:45,salida
2023-01-12 12:16:00,salida
2023-01-12 12:24:33,salida
2023-01-12 13:36:02,salida
2023-01-12 13:34:51,salida
2023-01-12 13:22:59,salida
2023-01-12 13:27:59,salida
2023-01-12 13:29:17,salida
2023-01-12 13:57:51,salida
2023-01-12 13:35:32,salida
2023-01-12 13:25:47,salida
2023-01-12 13:39:16,salida
2023-01-12 13:39:06,salida
2023-01-12 13:56:07,salida
2023-01-12 13:52:55,salida
2023-01-12 13:30:58,salida
2023-01-12 13:57:11,salida
2023-01-12 13:47:30,salida
2023-01-12 13:43:18,salida
2023-01-12 13:09:38,salida
2023-01-12 13:11:19,salida
2023-01-12 13:36:47,salida
2023-01-12 13:40:06,salida
2023-01-12 13:51:53,salida
2023-01-12 14:30:50,salida
2023-01-12 14:02:22,salida
2023-01-12 14:41:58,salida
2023-01-12 14:17:25,salida
2023-01-12 14:12:57,salida
2023-01-12 14:17:02,salida
2023-01-12 14:57:59,salida
2023-01-12 14:22:02,salida
2023-01-12 14:54:24,salida
2023-01-12 14:26:57,salida
2023-01-12 14:43:26,salida
2023-01-12 14:51:38,salida
2023-01-12 14:24:23,salida
2023-01-12 14:07:08,salida
2023-01-12 14:45:36,salida
2023-01-12 14:29:52,salida
2023-01-12 14:18:52,salida
2023-01-12 14:15:23,salida
2023-01-12 15:51:15,salida
2023-01-12 15:05:36,salida
2023-01-12 15:20:03,salida
2023-01-12 15:33:27,salida
2023-01-12 15:37:40,salida
2023-01-12 15:27:16,salida
2023-01-12 15:13:06,salida
2023-01-12 15:21:50,salida
2023-01-12 15:00:28,salida
2023-01-12 15:51:30,salida
2023-01-12 15:29:56,salida
2023-01-12 15:14:17,salida
2023-01-12 15:34:49,salida
2023-01-12 15:29:33,salida
2023-01-12 15:41:10,salida
2023-01-12 15:26:23,salida
2023-01-12 15:34:38,salida
2023-01-12 15:07:50,salida
2023-01-12 15:17:12,salida
2023-01-12 16:02:31,salida
2023-01-12 16:04:19,salida
2023-01-12 16:13:59,salida
2023-01-12 16:31:25,salida
2023-01-12 16:46:05,salida
2023-01-12 16:58:57,salida
2023-01-12 16:35:39,salida
2023-01-12 16:50:58,salida
2023-01-12 16:04:12,salida
2023-01-12 16:31:15,salida
2023-01-12 16:00:12,salida
2023-01-12 16:53:10,salida
2023-01-12 16:52:07,salida
2023-01-12 16:24:39,salida
2023-01-12 16:31:23,salida
2023-01-12 16:27:13,salida
2023-01-12 16:44:02,salida
2023-01-12 16:35:26,salida
2023-01-12 16:19:46,salida
2023-01-12 16:14:26,salida
2023-01-12 16:52:44,salida
2023-01-12 16:40:27,salida
2023-01-12 16:24:41,salida
2023-01-12 16:43:45,salida
2023-01-12 17:07:36,salida
2023-01-12 17:40:13,salida
2023-01-12 17:57:11,salida
2023-01-12 17:35:51,salida
2023-01-12 17:39:16,salida
2023-01-12 17:39:52,salida
2023-01-12 17:28:26,salida
2023-01-12 17:00:51,salida
2023-01-12 17:33:03,salida
2023-01-12 17:23:20,salida
2023-01-12 17:32:06,salida
2023-01-12 17:00:40,salida
2023-01-12 17:02:43,salida
2023-01-12 17:50:14,salida
2023-01-12 17:30:53,salida
2023-01-12 17:15:09,salida
2023-01-12 17:53:28,salida
2023-01-12 17:58:58,salida
2023-01-12 17:05:28,salida
2023-01-12 17:16:52,salida
2023-01-12 17:59:21,salida
2023-01-12 17:23:16,salida
2023-01-12 17:20:50,salida
2023-01-12 17:49:10,salida
2023-01-12 17:55:06,salida
2023-01-12 17:41:38,salida
2023-01-12 18:20:14,salida
2023-01-12 18:13:41,salida
2023-01-12 18:43:15,salida
2023-01-12 18:14:41,salida
2023-01-12 18:03:26,salida
2023-01-12 18:22:28,salida
2023-01-12 18:40:52,salida
2023-01-12 18:51:08,salida
2023-01-12 18:52:56,salida
2023-01-12 18:55:51,salida
2023-01-12 18:42:42,salida
2023-01-12 18:06:52,salida
2023-01-12 18:41:03,salida
2023-01-12 18:04:04,salida
2023-01-12 18:10:40,salida
2023-01-12 18:27:15,salida
2023-01-12 18:40:53,salida
2023-01-12 18:29:03,salida
2023-01-12 18:01:45,salida
2023-01-12 18:02:49,salida
2023-01-12 18:20:05,salida
2023-01-12 18:42:52,salida
2023-01-12 18:17:43,salida
2023-01-12 18:04:08,salida
2023-01-12 18:19:27,salida
2023-01-12 19:00:59,salida
2023-01-12 19:42:27,salida
2023-01-12 19:56:02,salida
2023-01-12 19:50:17,salida
2023-01-12 19:51:59,salida
2023-01-12 19:33:31,salida
2023-01-12 19:28:24,salida
2023-01-12 19:59:25,salida
2023-01-12 19:38:07,salida
2023-01-12 19:18:53,salida
2023-01-12 19:46:41,salida
2023-01-12 19:21:28,salida
2023-01-12 19:32:37,salida
2023-01-12 19:44:45,salida
2023-01-12 19:34:42,salida
2023-01-12 19:02:18,salida
2023-01-12 19:09:26,salida
2023-01-12 19:14:10,salida
2023-01-12 19:46:25,salida
2023-01-12 19:58:23,salida
2023-01-12 19:12:31,salida
2023-01-12 19:36:03,salida
2023-01-12 19:12:08,salida
2023-01-12 19:56:48,salida
2023-01-12 19:33:55,salida
2023-01-12 19:36:47,salida
2023-01-12 20:10:47,salida
2023-01-12 20:14:16,salida
2023-01-12 20:53:49,salida
2023-01-12 20:27:18,salida
2023-01-12 20:03:21,salida
2023-01-12 20:21:54,salida
2023-01-12 20:36:38,salida
2023-01-12 20:33:32,salida
2023-01-12 20:43:41,salida
2023-01-12 20:39:32,salida
2023-01-12 20:11:01,salida
2023-01-12 20:58:27,salida
2023-01-12 20:09:21,salida
2023-01-12 20:16:25,salida
2023-01-12 20:02:06,salida
2023-01-12 20:43:07,salida
2023-01-12 20:19:11,salida
2023-01-12 20:34:16,salida
2023-01-12 20:27:40,salida
2023-01-12 20:09:21,salida
2023-01-12 20:37:56,salida
2023-01-12 20:32:21,salida
2023-01-12 20:43:36,salida
2023-01-12 21:50:11,salida
2023-01-12 21:56:51,salida
2023-01-12 21:35:02,salida
2023-01-12 21:04:02,salida
2023-01-12 21:56:46,salida
2023-01-12 21:18:01,salida
2023-01-12 21:43:36,salida
2023-01-12 21:53:16,salida
2023-01-12 21:13:27,salida
2023-01-12 21:26:53,salida
2023-01-12 21:09:02,salida
2023-01-12 21:35:37,salida
2023-01-12 21:55:24,salida
2023-01-12 21:21:47,salida
2023-01-12 21:38:46,salida
2023-01-12 21:29:20,salida
2023-01-12 21:29:27,salida
2023-01-12 21:30:56,salida
2023-01-12 21:51:25,salida
2023-01-12 21:42:21,salida
2023-01-12 21:20:00,salida
2023-01-13 10:39:05,salida
2023-01-13 10:43:38,salida
2023-01-13 10:49:53,salida
2023-01-13 10:45:07,salida
2023-01-13 10:23:19,salida
2023-01-13 10:53:13,salida
2023-01-13 10:04:40,salida
2023-01-13 10:39:33,salida
2023-01-13 10:59:15,salida
2023-01-13 10:44:06,salida
2023-01-13 10:15:06,salida
2023-01-13 10:26:13,salida
2023-01-13 10:13:43,salida
2023-01-13 10:32:32,salida
2023-01-13 10:43:19,salida
2023-01-13 10:52:46,salida
2023-01-13 10:35:06,salida
2023-01-13 10:31:47,salida
2023-01-13 10:02:38,salida
2023-01-13 10:28:23,salida
2023-01-13 10:21:05,salida
2023-01-13 10:47:23,salida
2023-01-13 10:39:22,salida
2023-01-13 11:07:02,salida
2023-01-13 11:27:28,salida
2023-01-13 11:22:17,salida
2023-01-13 11:34:12,salida
2023-01-13 11:11:46,salida
2023-01-13 11:49:04,salida
2023-01-13 11:38:10,salida
2023-01-13 11:57:58,salida
2023-01-13 11:10:58,salida
2023-01-13 11:46:41,salida
2023-01-13 11:46:30,salida
2023-01-13 11:30:12,salida
2023-01-13 11:13:48,salida
2023-01-13 11:44:41,salida
2023-01-13 11:24:32,salida
2023-01-13 11:32:14,salida
2023-01-13 11:15:43,salida
2023-01-13 11:57:55,salida
2023-01-13 11:37:05,salida
2023-01-13 11:43:24,salida
2023-01-13 11:14:03,salida
2023-01-13 11:55:03,salida
2023-01-13 11:29:33,salida
2023-01-13 11:26:30,salida
2023-01-13 11:55:31,salida
2023-01-13 11:43:38,salida
2023-01-13 12:33:43,salida
2023-01-13 12:14:35,salida
2023-01-13 12:59:56,salida
2023-01-13 12:34:45,salida
2023-01-13 12:21:22,salida
2023-01-13 12:39:44,salida
2023-01-13 12:54:50,salida
2023-01-13 12:21:04,salida
2023-01-13 12:30:12,salida
2023-01-13 12:27:57,salida
2023-01-13 12:19:32,salida
2023-01-13 12:15:28,salida
2023-01-13 12:22:23,salida
2023-01-13 12:33:06,salida
2023-01-13 12:37:36,salida
2023-01-13 12:03:33,salida
2023-01-13 12:41:21,salida
2023-01-13 12:04:49,salida
2023-01-13 12:41:22,salida
2023-01-13 12:53:59,salida
2023-01-13 12:14:30,salida
2023-01-13 12:58:08,salida
2023-01-13 12:42:57,salida
2023-01-13 12:52:24,salida
2023-01-13 12:24:48,salida
2023-01-13 13:56:14,salida
2023-01-13 13:33:05,salida
2023-01-13 13:16:47,salida
2023-01-13 13:48:56,salida
2023-01-13 13:19:08,salida
2023-01-13 13:58:04,salida
2023-01-13 13:22:32,salida
2023-01-13 13:37:55,salida
2023-01-13 13:13:16,salida
2023-01-13 13:56:18,salida
2023-01-13 13:32:00,salida
2023-01-13 13:12:45,salida
2023-01-13 13:26:05,salida
2023-01-13 13:58:05,salida
2023-01-13 13:32:29,salida
2023-01-13 13:45:34,salida
2023-01-13 13:22:09,salida
2023-01-13 13:50:18,salida
2023-01-13 13:50:27,salida
2023-01-13 13:22:03,salida
2023-01-13 13:19:18,salida
2023-01-13 13:41:26,salida
2023-01-13 14:27:15,salida
2023-01-13 14:15:39,salida
2023-01-13 14:38:05,salida
2023-01-13 14:01:53,salida
2023-01-13 14:12:43,salida
2023-01-13 14:46:58,salida
2023-01-13 14:08:33,salida
2023-01-13 14:16:26,salida
2023-01-13 14:28:36,salida
2023-01-13 14:42:21,salida
2023-01-13 14:50:23,salida
2023-01-13 14:06:33,salida
2023-01-13 14:47:11,salida
2023-01-13 14:22:14,salida
2023-01-13 14:32:56,salida
2023-01-13 14:12:22,salida
2023-01-13 14:37:31,salida
2023-01-13 14:44:49,salida
2023-01-13 14:34:00,salida
2023-01-13 14:46:57,salida
2023-01-13 14:44:04,salida
2023-01-13 14:56:12,salida
2023-01-13 14:53:04,salida
2023-01-13 14:59:31,salida
2023-01-13 14:50:20,salida
2023-01-13 15:00:37,salida
2023-01-13 15:12:10,salida
2023-01-13 15:09:47,salida
2023-01-13 15:58:25,salida
2023-01-13 15:55:54,salida
2023-01-13 15:19:16,salida
2023-01-13 15:16:03,salida
2023-01-13 15:04:59,salida
2023-01-13 15:22:45,salida
2023-01-13 15:51:09,salida
2023-01-13 15:45:27,salida
2023-01-13 15:32:42,salida
2023-01-13 15:25:54,salida
2023-01-13 15:49:47,salida
2023-01-13 15:28:26,salida
2023-01-13 15:17:39,salida
2023-01-13 15:59:09,salida
2023-01-13 15:57:41,salida
2023-01-13 15:04:09,salida
2023-01-13 15:49:20,salida
2023-01-13 15:23:37,salida
2023-01-13 15:02:39,salida
2023-01-13 15:30:40,salida
2023-01-13 16:04:40,salida
2023-01-13 16:12:00,salida
2023-01-13 16:24:46,salida
2023-01-13 16:03:35,salida
2023-01-13 16:51:09,salida
2023-01-13 16:27:56,salida
2023-01-13 16:05:26,salida
2023-01-13 16:55:11,salida
2023-01-13 16:51:47,salida
2023-01-13 16:02:45,salida
2023-01-13 16:32:09,salida
2023-01-13 16:30:14,salida
2023-01-13 16:06:35,salida
2023-01-13 16:13:55,salida
2023-01-13 16:47:13,salida
2023-01-13 16:02:48,salida
2023-01-13 16:52:45,salida
2023-01-13 16:49:02,salida
2023-01-13 16:21:18,salida
2023-01-13 16:34:11,salida
2023-01-13 16:53:04,salida
2023-01-13 16:09:40,salida
2023-01-13 16:32:12,salida
2023-01-13 16:34:50,salida
2023-01-13 16:31:10,salida
2023-01-13 16:47:37,salida
2023-01-13 16:23:34,salida
2023-01-13 16:18:05,salida
2023-01-13 17:58:02,salida
2023-01-13 17:09:14,salida
2023-01-13 17:55:15,salida
2023-01-13 17:16:18,salida
2023-01-13 17:10:47,salida
2023-01-13 17:04:04,salida
2023-01-13 17:57:13,salida
2023-01-13 17:49:25,salida
2023-01-13 17:07:04,salida
2023-01-13 17:06:15,salida
2023-01-13 17:54:13,salida
2023-01-13 17:36:55,salida
2023-01-13 17:40:03,salida
2023-01-13 17:35:47,salida
2023-01-13 17:55:16,salida
2023-01-13 17:46:35,salida
2023-01-13 17:05:15,salida
2023-01-13 17:28:35,salida
2023-01-13 17:37:36,salida
2023-01-13 17:47:56,salida
2023-01-13 17:47:09,salida
2023-01-13 17:40:35,salida
2023-01-13 17:28:13,salida
2023-01-13 17:03:43,salida
2023-01-13 17:55:41,salida
2023-01-13 17:35:49,salida
2023-01-13 17:44:12,salida
2023-01-13 18:49:13,salida
2023-01-13 18:37:39,salida
2023-01-13 18:14:46,salida
2023-01-13 18:46:47,salida
2023-01-13 18:32:42,salida
2023-01-13 18:26:28,salida
2023-01-13 18:56:36,salida
2023-01-13 18:04:28,salida
2023-01-13 18:31:59,salida
2023-01-13 18:52:05,salida
2023-01-13 18:01:05,salida
2023-01-13 18:45:42,salida
2023-01-13 18:03:55,salida
2023-01-13 18:28:58,salida
2023-01-13 18:24:08,salida
2023-01-13 18:55:02,salida
2023-01-13 18:25:47,salida
2023-01-13 18:42:26,salida
2023-01-13 18:35:31,salida
2023-01-13 18:00:56,salida
2023-01-13 19:42:50,salida
2023-01-13 19:45:26,salida
2023-01-13 19:17:44,salida
2023-01-13 19:35:48,salida
2023-01-13 19:50:26,salida
2023-01-13 19:08:54,salida
2023-01-13 19:38:00,salida
2023-01-13 19:06:25,salida
2023-01-13 19:06:51,salida
2023-01-13 19:06:07,salida
2023-01-13 19:15:02,salida
2023-01-13 19:44:09,salida
2023-01-13 19:49:06,salida
2023-01-13 19:20:52,salida
2023-01-13 19:36:30,salida
2023-01-13 19:22:56,salida
2023-01-13 20:57:19,salida
2023-01-13 20:33:04,salida
2023-01-13 20:17:59,salida
2023-01-13 20:38:42,salida
2023-01-13 20:56:56,salida
2023-01-13 20:10:53,salida
2023-01-13 20:16:47,salida
2023-01-13 20:44:21,salida
2023-01-13 20:36:19,salida
2023-01-13 20:47:59,salida
2023-01-13 20:53:53,salida
2023-01-13 20:47:47,salida
2023-01-13 20:45:05,salida
2023-01-13 20:33:13,salida
2023-01-13 20:47:22,salida
2023-01-13 20:19:12,salida
2023-01-13 20:46:43,salida
2023-01-13 20:40:31,salida
2023-01-13 20:25:49,salida
2023-01-13 20:52:13,salida
2023-01-13 20:51:56,salida
2023-01-13 20:35:07,salida
2023-01-13 20:39:21,salida
2023-01-13 20:21:15,salida
2023-01-13 21:04:44,salida
2023-01-13 21:05:27,salida
2023-01-13 21:58:04,salida
2023-01-13 21:48:38,salida
2023-01-13 21:37:01,salida
2023-01-13 21:42:38,salida
2023-01-13 21:53:20,salida
2023-01-13 21:39:36,salida
2023-01-13 21:58:17,salida
2023-01-13 21:53:47,salida
2023-01-13 21:45:11,salida
2023-01-13 21:16:36,salida
2023-01-13 21:45:37,salida
2023-01-13 21:14:06,salida
2023-01-13 21:13:49,salida
2023-01-13 21:00:37,salida
2023-01-13 21:02:36,salida
2023-01-13 21:43:30,salida
2023-01-13 21:42:12,salida
2023-01-13 21:47:17,salida
2023-01-13 21:16:16,salida
2023-01-14 10:04:22,salida
2023-01-14 10:54:21,salida
2023-01-14 10:25:41,salida
2023-01-14 10:11:39,salida
2023-01-14 10:18:46,salida
2023-01-14 10:00:02,salida
2023-01-14 10:26:17,salida
2023-01-14 10:49:29,salida
2023-01-14 10:01:04,salida
2023-01-14 10:28:32,salida
2023-01-14 10:41:19,salida
2023-01-14 10:29:41,salida
2023-01-14 10:04:49,salida
2023-01-14 10:20:57,salida
2023-01-14 10:14:19,salida
2023-01-14 10:07:48,salida
2023-01-14 11:53:33,salida
2023-01-14 11:38:40,salida
2023-01-14 11:04:14,salida
2023-01-14 11:49:03,salida
2023-01-14 11:50:51,salida
2023-01-14 11:57:38,salida
2023-01-14 11:57:07,salida
2023-01-14 11:48:44,salida
2023-01-14 11:23:52,salida
2023-01-14 11:27:54,salida
2023-01-14 11:42:26,salida
2023-01-14 11:00:33,salida
2023-01-14 11:16:36,salida
2023-01-14 11:37:25,salida
2023-01-14 11:56:23,salida
2023-01-14 11:38:59,salida
2023-01-14 11:20:29,salida
2023-01-14 11:46:50,salida
2023-01-14 11:47:56,salida
2023-01-14 11:12:36,salida
2023-01-14 11:02:31,salida
2023-01-14 11:34:18,salida
2023-01-14 11:13:47,salida
2023-01-14 11:21:16,salida
2023-01-14 11:58:03,salida
2023-01-14 11:44:39,salida
2023-01-14 11:18:36,salida
2023-01-14 11:01:14,salida
2023-01-14 11:01:10,salida
2023-01-14 12:02:40,salida
2023-01-14 12:23:21,salida
2023-01-14 12:48:13,salida
2023-01-14 12:41:44,salida
2023-01-14 12:43:26,salida
2023-01-14 12:32:59,salida
2023-01-14 12:21:28,salida
2023-01-14 12:18:18,salida
2023-01-14 12:05:44,salida
2023-01-14 12:18:12,salida
2023-01-14 12:58:25,salida
2023-01-14 12:21:20,salida
2023-01-14 12:35:55,salida
2023-01-14 12:01:46,salida
2023-01-14 12:43:29,salida
2023-01-14 12:26:06,salida
2023-01-14 13:39:57,salida
2023-01-14 13:12:49,salida
2023-01-14 13:36:05,salida
2023-01-14 13:20:50,salida
2023-01-14 13:35:06,salida
2023-01-14 13:35:24,salida
2023-01-14 13:10:43,salida
2023-01-14 13:13:44,salida
2023-01-14 13:28:09,salida
2023-01-14 13:49:47,salida
2023-01-14 13:04:07,salida
2023-01-14 13:45:04,salida
2023-01-14 13:57:59,salida
2023-01-14 13:23:39,salida
2023-01-14 13:56:25,salida
2023-01-14 13:05:15,salida
2023-01-14 13:59:35,salida
2023-01-14 13:11:10,salida
2023-01-14 13:02:43,salida
2023-01-14 14:48:42,salida
2023-01-14 14:33:56,salida
2023-01-14 14:52:58,salida
2023-01-14 14:55:18,salida
2023-01-14 14:06:30,salida
2023-01-14 14:17:39,salida
2023-01-14 14:13:38,salida
2023-01-14 14:59:52,salida
2023-01-14 14:59:58,salida
2023-01-14 14:35:16,salida
2023-01-14 14:36:43,salida
2023-01-14 14:08:57,salida
2023-01-14 14:19:44,salida
2023-01-14 14:56:27,salida
2023-01-14 14:49:19,salida
2023-01-14 14:40:35,salida
2023-01-14 14:52:26,salida
2023-01-14 14:07:31,salida
2023-01-14 14:00:16,salida
2023-01-14 14:56:08,salida
2023-01-14 14:19:44,salida
2023-01-14 14:31:01,salida
2023-01-14 14:31:44,salida
2023-01-14 14:08:29,salida
2023-01-14 15:14:38,salida
2023-01-14 15:27:00,salida
2023-01-14 15:04:41,salida
2023-01-14 15:21:52,salida
2023-01-14 15:35:45,salida
2023-01-14 15:12:00,salida
2023-01-14 15:15:54,salida
2023-01-14 15:40:21,salida
2023-01-14 15:31:15,salida
2023-01-14 15:50:14,salida
2023-01-14 15:57:45,salida
2023-01-14 15:51:41,salida
2023-01-14 15:52:11,salida
2023-01-14 15:59:00,salida
2023-01-14 15:52:16,salida
2023-01-14 15:40:54,salida
2023-01-14 15:50:56,salida
2023-01-14 15:49:27,salida
2023-01-14 15:06:08,salida
2023-01-14 16:11:13,salida
2023-01-14 16:55:17,salida
2023-01-14 16:26:27,salida
2023-01-14 16:17:15,salida
2023-01-14 16:51:15,salida
2023-01-14 16:12:57,salida
2023-01-14 16:28:08,salida
2023-01-14 16:25:27,salida
2023-01-14 16:40:12,salida
2023-01-14 16:35:08,salida
2023-01-14 16:46:13,salida
2023-01-14 16:50:11,salida
2023-01-14 16:52:57,salida
2023-01-14 16:56:31,salida
2023-01-14 16:37:02,salida
2023-01-14 16:57:56,salida
2023-01-14 16:53:51,salida
2023-01-14 16:15:19,salida
2023-01-14 16:31:55,salida
2023-01-14 16:22:16,salida
2023-01-14 16:15:37,salida
2023-01-14 17:25:50,salida
2023-01-14 17:46:25,salida
2023-01-14 17:19:41,salida
2023-01-14 17:27:55,salida
2023-01-14 17:19:10,salida
2023-01-14 17:57:09,salida
2023-01-14 17:22:36,salida
2023-01-14 17:40:51,salida
2023-01-14 17:18:44,salida
2023-01-14 17:17:48,salida
2023-01-14 17:26:05,salida
2023-01-14 17:09:01,salida
2023-01-14 17:23:37,salida
2023-01-14 17:27:27,salida
2023-01-14 17:52:44,salida
2023-01-14 17:49:38,salida
2023-01-14 17:01:45,salida
2023-01-14 17:04:49,salida
2023-01-14 17:10:09,salida
2023-01-14 17:42:58,salida
2023-01-14 17:01:14,salida
2023-01-14 17:38:40,salida
2023-01-14 17:36:06,salida
2023-01-14 18:03:47,salida
2023-01-14 18:56:10,salida
2023-01-14 18:21:03,salida
2023-01-14 18:16:07,salida
2023-01-14 18:45:58,salida
2023-01-14 18:33:10,salida
2023-01-14 18:30:10,salida
2023-01-14 18:55:53,salida
2023-01-14 18:55:37,salida
2023-01-14 18:52:20,salida
2023-01-14 18:45:29,salida
2023-01-14 18:09:25,salida
2023-01-14 18:26:07,salida
2023-01-14 18:38:07,salida
2023-01-14 18:59:07,salida
2023-01-14 18:54:33,salida
2023-01-14 18:58:15,salida
2023-01-14 18:40:12,salida
2023-01-14 18:22:11,salida
2023-01-14 19:26:14,salida
2023-01-14 19:44:12,salida
2023-01-14 19:15:21,salida
2023-01-14 19:19:12,salida
2023-01-14 19:19:01,salida
2023-01-14 19:34:46,salida
2023-01-14 19:54:18,salida
2023-01-14 19:44:36,salida
2023-01-14 19:57:53,salida
2023-01-14 19:05:13,salida
2023-01-14 19:03:21,salida
2023-01-14 19:50:54,salida
2023-01-14 19:38:35,salida
2023-01-14 19:33:26,salida
2023-01-14 19:06:02,salida
2023-01-14 19:46:32,salida
2023-01-14 19:01:41,salida
2023-01-14 19:15:24,salida
2023-01-14 19:59:14,salida
2023-01-14 19:23:14,salida
2023-01-14 20:26:01,salida
2023-01-14 20:32:15,salida
2023-01-14 20:38:21,salida
2023-01-14 20:55:42,salida
2023-01-14 20:46:12,salida
2023-01-14 20:55:01,salida
2023-01-14 20:13:55,salida
2023-01-14 20:37:40,salida
2023-01-14 20:27:06,salida
2023-01-14 20:17:55,salida
2023-01-14 20:40:54,salida
2023-01-14 20:35:40,salida
2023-01-14 20:35:43,salida
2023-01-14 20:03:56,salida
2023-01-14 20:29:23,salida
2023-01-14 20:19:45,salida
2023-01-14 20:55:30,salida
2023-01-14 20:23:06,salida
2023-01-14 20:25:12,salida
2023-01-14 20:53:07,salida
2023-01-14 20:54:04,salida
2023-01-14 21:53:39,salida
2023-01-14 21:38:03,salida
2023-01-14 21:34:50,salida
2023-01-14 21:46:35,salida
2023-01-14 21:30:24,salida
2023-01-14 21:40:12,salida
2023-01-14 21:17:20,salida
2023-01-14 21:47:00,salida
2023-01-14 21:35:49,salida
2023-01-14 21:07:51,salida
2023-01-14 21:47:20,salida
2023-01-14 21:42:51,salida
2023-01-14 21:52:52,salida
2023-01-14 21:20:26,salida
2023-01-14 21:18:22,salida
2023-01-14 21:50:49,salida
2023-01-14 21:50:42,salida
2023-01-14 21:34:39,salida
2023-01-14 21:51:50,salida
2023-01-14 21:41:47,salida
2023-01-14 21:04:51,salida
2023-01-14 21:40:07,salida
2023-01-14 21:10:15,salida
2023-01-14 21:38:46,salida
2023-01-14 21:23:20,salida
2023-01-14 21:51:22,salida
2023-01-15 10:19:09,salida
2023-01-15 10:36:26,salida
2023-01-15 10:12:40,salida
2023-01-15 10:01:49,salida
2023-01-15 10:20:32,salida
2023-01-15 10:23:52,salida
2023-01-15 10:43:41,salida
2023-01-15 10:33:59,salida
2023-01-15 10:08:01,salida
2023-01-15 10:54:55,salida
2023-01-15 10:29:21,salida
2023-01-15 10:45:10,salida
2023-01-15 10:54:42,salida
2023-01-15 10:16:35,salida
2023-01-15 10:12:06,salida
2023-01-15 10:15:32,salida
2023-01-15 10:44:00,salida
2023-01-15 10:10:05,salida
2023-01-15 10:19:34,salida
2023-01-15 10:43:36,salida
2023-01-15 11:13:40,salida
2023-01-15 11:17:50,salida
2023-01-15 11:43:30,salida
2023-01-15 11:12:25,salida
2023-01-15 11:43:11,salida
2023-01-15 11:17:08,salida
2023-01-15 11:48:20,salida
2023-01-15 11:47:48,salida
2023-01-15 11:52:55,salida
2023-01-15 11:39:42,salida
2023-01-15 11:23:33,salida
2023-01-15 11:07:43,salida
2023-01-15 11:52:32,salida
2023-01-15 11:22:12,salida
2023-01-15 11:53:52,salida
2023-01-15 11:48:13,salida
2023-01-15 11:13:15,salida
2023-01-15 11:48:37,salida
2023-01-15 11:57:59,salida
2023-01-15 11:38:25,salida
2023-01-15 11:25:00,salida
2023-01-15 11:31:56,salida
2023-01-15 12:53:25,salida
2023-01-15 12:39:37,salida
2023-01-15 12:37:03,salida
2023-01-15 12:06:29,salida
2023-01-15 12:29:55,salida
2023-01-15 12:18:38,salida
2023-01-15 12:34:39,salida
2023-01-15 12:32:32,salida
2023-01-15 12:13:37,salida
2023-01-15 12:09:56,salida
2023-01-15 12:27:13,salida
2023-01-15 12:35:37,salida
2023-01-15 12:15:59,salida
2023-01-15 12:20:27,salida
2023-01-15 12:32:05,salida
2023-01-15 12:40:14,salida
2023-01-15 12:43:02,salida
2023-01-15 13:46:38,salida
2023-01-15 13:19:12,salida
2023-01-15 13:44:00,salida
2023-01-15 13:51:03,salida
2023-01-15 13:23:35,salida
2023-01-15 13:35:44,salida
2023-01-15 13:01:27,salida
2023-01-15 13:25:22,salida
2023-01-15 13:14:35,salida
2023-01-15 13:26:05,salida
2023-01-15 13:34:38,salida
2023-01-15 13:37:34,salida
2023-01-15 13:35:09,salida
2023-01-15 13:29:52,salida
2023-01-15 13:40:37,salida
2023-01-15 13:28:51,salida
2023-01-15 13:58:42,salida
2023-01-15 13:38:49,salida
2023-01-15 13:03:04,salida
2023-01-15 14:36:13,salida
2023-01-15 14:36:08,salida
2023-01-15 14:07:38,salida
2023-01-15 14:39:53,salida
2023-01-15 14:02:54,salida
2023-01-15 14:55:46,salida
2023-01-15 14:39:32,salida
2023-01-15 14:31:06,salida
2023-01-15 14:18:33,salida
2023-01-15 14:13:49,salida
2023-01-15 14:46:45,salida
2023-01-15 14:55:56,salida
2023-01-15 14:18:50,salida
2023-01-15 14:53:58,salida
2023-01-15 14:25:16,salida
2023-01-15 14:53:27,salida
2023-01-15 15:44:08,salida
2023-01-15 15:14:38,salida
2023-01-15 15:32:00,salida
2023-01-15 15:04:55,salida
2023-01-15 15:08:43,salida
2023-01-15 15:05:27,salida
2023-01-15 15:44:25,salida
2023-01-15 15:27:39,salida
2023-01-15 15:14:05,salida
2023-01-15 15:26:37,salida
2023-01-15 15:03:10,salida
2023-01-15 15:20:29,salida
2023-01-15 15:17:34,salida
2023-01-15 15:02:11,salida
2023-01-15 15:26:52,salida
2023-01-15 15:29:20,salida
2023-01-15 15:37:20,salida
2023-01-15 15:59:37,salida
2023-01-15 15:39:14,salida
2023-01-15 15:17:51,salida
2023-01-15 15:28:47,salida
2023-01-15 16:58:37,salida
2023-01-15 16:33:07,salida
2023-01-15 16:35:20,salida
2023-01-15 16:55:45,salida
2023-01-15 16:42:55,salida
2023-01-15 16:27:45,salida
2023-01-15 16:43:47,salida
2023-01-15 16:05:19,salida
2023-01-15 16:30:32,salida
2023-01-15 16:43:06,salida
2023-01-15 16:07:08,salida
2023-01-15 16:01:16,salida
2023-01-15 16:51:44,salida
2023-01-15 16:36:41,salida
2023-01-15 16:43:16,salida
2023-01-15 16:52:37,salida
2023-01-15 16:34:59,salida
2023-01-15 16:46:38,salida
2023-01-15 16:29:05,salida
2023-01-15 17:23:15,salida
2023-01-15 17:19:14,salida
2023-01-15 17:06:57,salida
2023-01-15 17:16:21,salida
2023-01-15 17:21:53,salida
2023-01-15 17:11:17,salida
2023-01-15 17:55:45,salida
2023-01-15 17:46:14,salida
2023-01-15 17:36:15,salida
2023-01-15 17:04:01,salida
2023-01-15 17:51:27,salida
2023-01-15 17:56:40,salida
2023-01-15 17:53:26,salida
2023-01-15 17:30:40,salida
2023-01-15 17:35:46,salida
2023-01-15 17:42:00,salida
2023-01-15 17:49:28,salida
2023-01-15 17:00:07,salida
2023-01-15 18:18:19,salida
2023-01-15 18:43:38,salida
2023-01-15 18:39:06,salida
2023-01-15 18:05:24,salida
2023-01-15 18:40:58,salida
2023-01-15 18:12:38,salida
2023-01-15 18:39:21,salida
2023-01-15 18:48:16,salida
2023-01-15 18:47:21,salida
2023-01-15 18:33:07,salida
2023-01-15 18:48:44,salida
2023-01-15 18:17:23,salida
2023-01-15 18:59:53,salida
2023-01-15 18:59:41,salida
2023-01-15 18:01:01,salida
2023-01-15 18:26:13,salida
2023-01-15 18:47:38,salida
2023-01-15 18:52:52,salida
2023-01-15 18:55:11,salida
2023-01-15 18:31:27,salida
2023-01-15 18:54:27,salida
2023-01-15 19:41:31,salida
2023-01-15 19:07:55,salida
2023-01-15 19:28:39,salida
2023-01-15 19:18:05,salida
2023-01-15 19:43:59,salida
2023-01-15 19:38:47,salida
2023-01-15 19:40:20,salida
2023-01-15 19:56:21,salida
2023-01-15 19:41:09,salida
2023-01-15 19:09:51,salida
2023-01-15 19:28:15,salida
2023-01-15 19:00:16,salida
2023-01-15 19:29:25,salida
2023-01-15 19:52:45,salida
2023-01-15 19:18:52,salida
2023-01-15 19:20:16,salida
2023-01-15 19:45:39,salida
2023-01-15 19:20:52,salida
2023-01-15 19:40:39,salida
2023-01-15 19:44:48,salida
2023-01-15 19:18:59,salida
2023-01-15 19:06:16,salida
2023-01-15 19:00:36,salida
2023-01-15 19:56:05,salida
2023-01-15 19:25:01,salida
2023-01-15 19:58:31,salida
2023-01-15 19:56:47,salida
2023-01-15 19:53:04,salida
2023-01-15 19:36:30,salida
2023-01-15 20:57:24,salida
2023-01-15 20:34:34,salida
2023-01-15 20:21:36,salida
2023-01-15 20:21:54,salida
2023-01-15 20:10:31,salida
2023-01-15 20:34:30,salida
2023-01-15 20:44:52,salida
2023-01-15 20:07:19,salida
2023-01-15 20:41:33,salida
2023-01-15 20:03:17,salida
2023-01-15 20:50:03,salida
2023-01-15 20:19:57,salida
2023-01-15 20:08:15,salida
2023-01-15 20:25:37,salida
2023-01-15 20:24:03,salida
2023-01-15 20:40:58,salida
2023-01-15 20:44:40,salida
2023-01-15 20:37:52,salida
2023-01-15 20:18:13,salida
2023-01-15 20:20:14,salida
2023-01-15 20:02:36,salida
2023-01-15 20:52:49,salida
2023-01-15 20:45:15,salida
2023-01-15 21:57:17,salida
2023-01-15 21:15:16,salida
2023-01-15 21:06:11,salida
2023-01-15 21:33:09,salida
2023-01-15 21:04:20,salida
2023-01-15 21:02:18,salida
2023-01-15 21:44:43,salida
2023-01-15 21:34:05,salida
2023-01-15 21:13:03,salida
2023-01-15 21:44:50,salida
2023-01-15 21:17:28,salida
2023-01-15 21:34:51,salida
2023-01-15 21:37:15,salida
2023-01-15 21:19:23,salida
2023-01-15 21:34:43,salida
2023-01-15 21:50:18,salida
2023-01-15 21:55:03,salida
2023-01-15 21:32:01,salida
2023-01-15 21:12:57,salida
2023-01-16 10:43:17,salida
2023-01-16 10:09:06,salida
2023-01-16 10:59:49,salida
2023-01-16 10:43:13,salida
2023-01-16 10:14:15,salida
2023-01-16 10:01:29,salida
2023-01-16 10:29:17,salida
2023-01-16 10:30:43,salida
2023-01-16 10:47:12,salida
2023-01-16 10:19:48,salida
2023-01-16 10:49:34,salida
2023-01-16 10:22:41,salida
2023-01-16 10:32:37,salida
2023-01-16 11:49:37,salida
2023-01-16 11:54:27,salida
2023-01-16 11:09:21,salida
2023-01-16 11:54:16,salida
2023-01-16 11:21:42,salida
2023-01-16 11:18:16,salida
2023-01-16 11:23:35,salida
2023-01-16 11:31:57,salida
2023-01-16 11:55:57,salida
2023-01-16 11:45:58,salida
2023-01-16 11:51:35,salida
2023-01-16 11:27:13,salida
2023-01-16 11:57:35,salida
2023-01-16 11:05:08,salida
2023-01-16 11:20:11,salida
2023-01-16 11:57:29,salida
2023-01-16 11:30:39,salida
2023-01-16 11:55:03,salida
2023-01-16 11:30:26,salida
2023-01-16 11:57:56,salida
2023-01-16 11:24:04,salida
2023-01-16 11:05:04,salida
2023-01-16 11:50:26,salida
2023-01-16 11:07:08,salida
2023-01-16 12:29:43,salida
2023-01-16 12:19:43,salida
2023-01-16 12:26:37,salida
2023-01-16 12:58:41,salida
2023-01-16 12:51:55,salida
2023-01-16 12:40:33,salida
2023-01-16 12:38:40,salida
2023-01-16 12:56:43,salida
2023-01-16 12:36:00,salida
2023-01-16 12:53:14,salida
2023-01-16 12:31:07,salida
2023-01-16 12:32:17,salida
2023-01-16 12:44:28,salida
2023-01-16 12:31:32,salida
2023-01-16 12:04:17,salida
2023-01-16 12:47:57,salida
2023-01-16 12:09:35,salida
2023-01-16 12:32:22,salida
2023-01-16 12:39:04,salida
2023-01-16 12:33:23,salida
2023-01-16 12:16:30,salida
2023-01-16 12:06:16,salida
2023-01-16 12:27:37,salida
2023-01-16 12:21:14,salida
2023-01-16 12:36:14,salida
2023-01-16 12:49:49,salida
2023-01-16 12:24:52,salida
2023-01-16 13:14:28,salida
2023-01-16 13:02:10,salida
2023-01-16 13:02:27,salida
2023-01-16 13:09:49,salida
2023-01-16 13:32:47,salida
2023-01-16 13:15:58,salida
2023-01-16 13:09:32,salida
2023-01-16 13:35:02,salida
2023-01-16 13:04:11,salida
2023-01-16 13:56:43,salida
2023-01-16 13:12:23,salida
2023-01-16 13:43:56,salida
2023-01-16 13:31:15,salida
2023-01-16 13:31:44,salida
2023-01-16 13:36:55,salida
2023-01-16 13:35:20,salida
2023-01-16 13:46:11,salida
2023-01-16 13:50:20,salida
2023-01-16 13:59:50,salida
2023-01-16 13:20:42,salida
2023-01-16 13:52:05,salida
2023-01-16 13:08:00,salida
2023-01-16 13:11:57,salida
2023-01-16 14:14:45,salida
2023-01-16 14:43:02,salida
2023-01-16 14:31:09,salida
2023-01-16 14:39:37,salida
2023-01-16 14:21:13,salida
2023-01-16 14:16:20,salida
2023-01-16 14:50:47,salida
2023-01-16 14:14:57,salida
2023-01-16 14:14:00,salida
2023-01-16 14:23:54,salida
2023-01-16 14:54:11,salida
2023-01-16 14:09:45,salida
2023-01-16 14:41:41,salida
2023-01-16 14:51:30,salida
2023-01-16 14:10:53,salida
2023-01-16 14:15:08,salida
2023-01-16 14:46:13,salida
2023-01-16 15:30:02,salida
2023-01-16 15:16:49,salida
2023-01-16 15:57:25,salida
2023-01-16 15:22:05,salida
2023-01-16 15:27:07,salida
2023-01-16 15:54:57,salida
2023-01-16 15:44:07,salida
2023-01-16 15:18:37,salida
2023-01-16 15:28:22,salida
2023-01-16 15:46:31,salida
2023-01-16 15:09:26,salida
2023-01-16 15:48:00,salida
2023-01-16 15:38:28,salida
2023-01-16 15:58:44,salida
2023-01-16 15:02:50,salida
2023-01-16 15:46:36,salida
2023-01-16 15:30:10,salida
2023-01-16 15:21:17,salida
2023-01-16 15:34:05,salida
2023-01-16 15:02:04,salida
2023-01-16 15:08:27,salida
2023-01-16 15:18:27,salida
2023-01-16 15:26:12,salida
2023-01-16 16:52:20,salida
2023-01-16 16:01:39,salida
2023-01-16 16:52:42,salida
2023-01-16 16:17:22,salida
2023-01-16 16:12:40,salida
2023-01-16 16:08:48,salida
2023-01-16 16:06:40,salida
2023-01-16 16:53:00,salida
2023-01-16 16:01:03,salida
2023-01-16 16:13:31,salida
2023-01-16 16:35:01,salida
2023-01-16 16:39:49,salida
2023-01-16 16:50:13,salida
2023-01-16 16:19:24,salida
2023-01-16 16:41:48,salida
2023-01-16 16:07:27,salida
2023-01-16 16:45:20,salida
2023-01-16 16:22:31,salida
2023-01-16 16:07:30,salida
2023-01-16 16:36:15,salida
2023-01-16 16:39:41,salida
2023-01-16 16:26:39,salida
2023-01-16 16:40:17,salida
2023-01-16 16:34:48,salida
2023-01-16 16:51:14,salida
2023-01-16 16:52:26,salida
2023-01-16 16:16:39,salida
2023-01-16 17:52:48,salida
2023-01-16 17:25:07,salida
2023-01-16 17:49:15,salida
2023-01-16 17:37:09,salida
2023-01-16 17:41:36,salida
2023-01-16 17:25:27,salida
2023-01-16 17:11:19,salida
2023-01-16 17:48:13,salida
2023-01-16 17:45:34,salida
2023-01-16 17:28:11,salida
2023-01-16 17:51:17,salida
2023-01-16 17:43:01,salida
2023-01-16 17:01:58,salida
2023-01-16 17:16:09,salida
2023-01-16 17:17:21,salida
2023-01-16 17:18:57,salida
2023-01-16 17:52:00,salida
2023-01-16 17:23:35,salida
2023-01-16 17:24:35,salida
2023-01-16 17:30:30,salida
2023-01-16 17:01:18,salida
2023-01-16 17:52:11,salida
2023-01-16 17:09:30,salida
2023-01-16 17:44:21,salida
2023-01-16 17:22:51,salida
2023-01-16 17:22:14,salida
2023-01-16 17:25:02,salida
2023-01-16 17:22:19,salida
2023-01-16 17:44:39,salida
2023-01-16 17:56:38,salida
2023-01-16 17:55:07,salida
2023-01-16 18:55:02,salida
2023-01-16 18:14:28,salida
2023-01-16 18:49:28,salida
2023-01-16 18:09:31,salida
2023-01-16 18:22:38,salida
2023-01-16 18:08:36,salida
2023-01-16 18:51:39,salida
2023-01-16 18:13:03,salida
2023-01-16 18:19:27,salida
2023-01-16 18:13:43,salida
2023-01-16 18:33:12,salida
2023-01-16 18:30:32,salida
2023-01-16 18:51:38,salida
2023-01-16 18:27:24,salida
2023-01-16 18:31:08,salida
2023-01-16 18:27:57,salida
2023-01-16 18:30:16,salida
2023-01-16 18:52:22,salida
2023-01-16 18:12:54,salida
2023-01-16 18:09:15,salida
2023-01-16 18:05:47,salida
2023-01-16 18:10:57,salida
2023-01-16 18:51:02,salida
2023-01-16 18:27:40,salida
2023-01-16 19:50:28,salida
2023-01-16 19:51:45,salida
2023-01-16 19:59:02,salida
2023-01-16 19:38:06,salida
2023-01-16 19:35:28,salida
2023-01-16 19:54:36,salida
2023-01-16 19:48:57,salida
2023-01-16 19:35:22,salida
2023-01-16 19:44:15,salida
2023-01-16 19:47:30,salida
2023-01-16 19:33:49,salida
2023-01-16 19:00:17,salida
2023-01-16 19:57:39,salida
2023-01-16 19:42:55,salida
2023-01-16 19:55:14,salida
2023-01-16 19:47:48,salida
2023-01-16 19:16:43,salida
2023-01-16 19:09:19,salida
2023-01-16 19:05:07,salida
2023-01-16 19:44:33,salida
2023-01-16 19:31:50,salida
2023-01-16 19:53:41,salida
2023-01-16 19:03:43,salida
2023-01-16 19:49:38,salida
2023-01-16 19:19:23,salida
2023-01-16 19:23:54,salida
2023-01-16 19:25:24,salida
2023-01-16 19:35:06,salida
2023-01-16 19:09:57,salida
2023-01-16 20:46:51,salida
2023-01-16 20:13:35,salida
2023-01-16 20:26:23,salida
2023-01-16 20:39:28,salida
2023-01-16 20:52:44,salida
2023-01-16 20:21:07,salida
2023-01-16 20:14:48,salida
2023-01-16 20:04:51,salida
2023-01-16 20:03:10,salida
2023-01-16 20:17:41,salida
2023-01-16 20:48:29,salida
2023-01-16 20:14:05,salida
2023-01-16 20:54:52,salida
2023-01-16 20:15:46,salida
2023-01-16 20:39:08,salida
2023-01-16 20:42:58,salida
2023-01-16 20:33:26,salida
2023-01-16 20:12:35,salida
2023-01-16 20:26:08,salida
2023-01-16 20:04:50,salida
2023-01-16 20:21:30,salida
2023-01-16 20:02:29,salida
2023-01-16 20:20:34,salida
2023-01-16 20:05:27,salida
2023-01-16 20:31:41,salida
2023-01-16 21:14:15,salida
2023-01-16 21:01:28,salida
2023-01-16 21:03:52,salida
2023-01-16 21:49:28,salida
2023-01-16 21:30:16,salida
2023-01-16 21:09:26,salida
2023-01-16 21:52:40,salida
2023-01-16 21:14:59,salida
2023-01-16 21:43:30,salida
2023-01-16 21:20:59,salida
2023-01-16 21:58:57,salida
2023-01-16 21:40:45,salida
2023-01-16 21:44:59,salida
2023-01-16 21:25:37,salida
2023-01-16 21:50:35,salida
2023-01-16 21:51:16,salida
2023-01-16 21:50:02,salida
2023-01-16 21:13:48,salida
2023-01-16 21:12:40,salida
2023-01-16 21:26:00,salida
2023-01-16 21:56:16,salida
2023-01-16 21:47:49,salida
2023-01-16 21:33:13,salida
2023-01-16 21:53:54,salida
2023-01-16 21:58:16,salida
2023-01-17 10:22:32,salida
2023-01-17 10:33:33,salida
2023-01-17 10:35:34,salida
2023-01-17 10:16:27,salida
2023-01-17 10:13:33,salida
2023-01-17 10:47:10,salida
2023-01-17 10:56:12,salida
2023-01-17 10:32:56,salida
2023-01-17 10:54:01,salida
2023-01-17 10:33:52,salida
2023-01-17 10:28:36,salida
2023-01-17 10:03:11,salida
2023-01-17 10:25:57,salida
2023-01-17 10:27:02,salida
2023-01-17 10:19:09,salida
2023-01-17 10:51:17,salida
2023-01-17 11:03:52,salida
2023-01-17 11:00:32,salida
2023-01-17 11:06:08,salida
2023-01-17 11:00:15,salida
2023-01-17 11:17:53,salida
2023-01-17 11:46:05,salida
2023-01-17 11:01:08,salida
2023-01-17 11:03:44,salida
2023-01-17 11:22:53,salida
2023-01-17 11:42:44,salida
2023-01-17 11:42:50,salida
2023-01-17 11:07:38,salida
2023-01-17 11:24:15,salida
2023-01-17 11:34:16,salida
2023-01-17 11:17:59,salida
2023-01-17 11:26:14,salida
2023-01-17 11:59:16,salida
2023-01-17 12:02:32,salida
2023-01-17 12:43:31,salida
2023-01-17 12:46:10,salida
2023-01-17 12:41:01,salida
2023-01-17 12:25:03,salida
2023-01-17 12:16:16,salida
2023-01-17 12:27:29,salida
2023-01-17 12:39:22,salida
2023-01-17 12:45:23,salida
2023-01-17 12:28:03,salida
2023-01-17 13:22:57,salida
2023-01-17 13:29:17,salida
2023-01-17 13:41:17,salida
2023-01-17 13:45:09,salida
2023-01-17 13:38:29,salida
2023-01-17 13:25:06,salida
2023-01-17 13:06:04,salida
2023-01-17 13:00:45,salida
2023-01-17 13:17:12,salida
2023-01-17 13:24:39,salida
2023-01-17 13:07:09,salida
2023-01-17 13:31:16,salida
2023-01-17 13:37:14,salida
2023-01-17 13:14:56,salida
2023-01-17 13:47:39,salida
2023-01-17 13:50:19,salida
2023-01-17 13:14:34,salida
2023-01-17 13:05:29,salida
2023-01-17 14:08:22,salida
2023-01-17 14:32:32,salida
2023-01-17 14:19:03,salida
2023-01-17 14:00:53,salida
2023-01-17 14:41:33,salida
2023-01-17 14:26:20,salida
2023-01-17 14:23:14,salida
2023-01-17 14:34:24,salida
2023-01-17 14:54:08,salida
2023-01-17 14:16:20,salida
2023-01-17 14:59:12,salida
2023-01-17 14:02:03,salida
2023-01-17 14:03:42,salida
2023-01-17 14:27:06,salida
2023-01-17 14:25:10,salida
2023-01-17 14:23:42,salida
2023-01-17 14:09:36,salida
2023-01-17 14:12:43,salida
2023-01-17 14:41:38,salida
2023-01-17 15:42:15,salida
2023-01-17 15:45:34,salida
2023-01-17 15:52:33,salida
2023-01-17 15:02:03,salida
2023-01-17 15:53:04,salida
2023-01-17 15:09:51,salida
2023-01-17 15:28:31,salida
2023-01-17 15:30:01,salida
2023-01-17 15:11:26,salida
2023-01-17 15:04:36,salida
2023-01-17 15:26:22,salida
2023-01-17 15:32:03,salida
2023-01-17 15:58:20,salida
2023-01-17 15:23:43,salida
2023-01-17 15:30:43,salida
2023-01-17 15:47:23,salida
2023-01-17 15:48:52,salida
2023-01-17 15:09:48,salida
2023-01-17 15:48:49,salida
2023-01-17 15:01:30,salida
2023-01-17 15:24:03,salida
2023-01-17 15:50:10,salida
2023-01-17 15:16:43,salida
2023-01-17 15:01:05,salida
2023-01-17 15:08:04,salida
2023-01-17 15:19:28,salida
2023-01-17 15:20:08,salida
2023-01-17 15:27:54,salida
2023-01-17 15:07:30,salida
2023-01-17 16:22:01,salida
2023-01-17 16:06:33,salida
2023-01-17 16:31:52,salida
2023-01-17 16:38:31,salida
2023-01-17 16:42:42,salida
2023-01-17 16:13:02,salida
2023-01-17 16:45:31,salida
2023-01-17 16:42:35,salida
2023-01-17 16:16:47,salida
2023-01-17 16:02:56,salida
2023-01-17 16:09:52,salida
2023-01-17 16:46:39,salida
2023-01-17 16:17:02,salida
2023-01-17 16:38:09,salida
2023-01-17 16:51:08,salida
2023-01-17 16:45:54,salida
2023-01-17 16:45:10,salida
2023-01-17 16:59:32,salida
2023-01-17 16:35:25,salida
2023-01-17 16:26:37,salida
2023-01-17 16:21:25,salida
2023-01-17 16:21:04,salida
2023-01-17 16:34:01,salida
2023-01-17 16:34:08,salida
2023-01-17 16:50:50,salida
2023-01-17 16:48:17,salida
2023-01-17 16:42:11,salida
2023-01-17 16:02:17,salida
2023-01-17 16:55:37,salida
2023-01-17 16:06:32,salida
2023-01-17 16:05:17,salida
2023-01-17 16:44:21,salida
2023-01-17 16:50:38,salida
2023-01-17 17:00:50,salida
2023-01-17 17:20:41,salida
2023-01-17 17:00:31,salida
2023-01-17 17:19:53,salida
2023-01-17 17:46:35,salida
2023-01-17 17:38:29,salida
2023-01-17 17:06:21,salida
2023-01-17 17:56:49,salida
2023-01-17 17:44:09,salida
2023-01-17 17:55:07,salida
2023-01-17 17:26:09,salida
2023-01-17 17:13:45,salida
2023-01-17 17:58:51,salida
2023-01-17 17:53:10,salida
2023-01-17 17:05:20,salida
2023-01-17 17:32:18,salida
2023-01-17 17:38:23,salida
2023-01-17 18:06:46,salida
2023-01-17 18:17:21,salida
2023-01-17 18:49:09,salida
2023-01-17 18:53:49,salida
2023-01-17 18:32:06,salida
2023-01-17 18:02:13,salida
2023-01-17 18:43:45,salida
2023-01-17 18:35:12,salida
2023-01-17 18:15:15,salida
2023-01-17 18:53:04,salida
2023-01-17 18:51:24,salida
2023-01-17 18:37:37,salida
2023-01-17 18:49:37,salida
2023-01-17 18:38:55,salida
2023-01-17 18:55:47,salida
2023-01-17 18:40:25,salida
2023-01-17 19:06:29,salida
2023-01-17 19:57:02,salida
2023-01-17 19:50:50,salida
2023-01-17 19:55:08,salida
2023-01-17 19:09:45,salida
2023-01-17 19:49:57,salida
2023-01-17 19:46:25,salida
2023-01-17 19:00:29,salida
2023-01-17 19:56:37,salida
2023-01-17 19:14:24,salida
2023-01-17 19:05:17,salida
2023-01-17 19:00:55,salida
2023-01-17 19:02:16,salida
2023-01-17 19:47:07,salida
2023-01-17 19:59:48,salida
2023-01-17 19:39:16,salida
2023-01-17 19:24:40,salida
2023-01-17 19:11:28,salida
2023-01-17 19:24:50,salida
2023-01-17 19:35:52,salida
2023-01-17 19:53:24,salida
2023-01-17 19:28:10,salida
2023-01-17 19:59:03,salida
2023-01-17 19:13:45,salida
2023-01-17 20:14:34,salida
2023-01-17 20:35:51,salida
2023-01-17 20:53:27,salida
2023-01-17 20:38:43,salida
2023-01-17 20:03:09,salida
2023-01-17 20:05:56,salida
2023-01-17 20:29:53,salida
2023-01-17 20:45:34,salida
2023-01-17 20:48:42,salida
2023-01-17 20:09:57,salida
2023-01-17 20:52:31,salida
2023-01-17 20:41:41,salida
2023-01-17 20:02:55,salida
2023-01-17 20:25:14,salida
2023-01-17 20:16:26,salida
2023-01-17 20:17:50,salida
2023-01-17 20:18:11,salida
2023-01-17 20:23:04,salida
2023-01-17 20:23:26,salida
2023-01-17 21:53:43,salida
2023-01-17 21:32:06,salida
2023-01-17 21:50:27,salida
2023-01-17 21:00:55,salida
2023-01-17 21:38:33,salida
2023-01-17 21:38:18,salida
2023-01-17 21:30:12,salida
2023-01-17 21:56:23,salida
2023-01-17 21:04:22,salida
2023-01-17 21:18:00,salida
2023-01-17 21:32:58,salida
2023-01-17 21:49:55,salida
2023-01-17 21:32:31,salida
2023-01-17 21:58:27,salida
2023-01-17 21:36:40,salida
2023-01-18 10:07:00,salida
2023-01-18 10:25:50,salida
2023-01-18 10:42:48,salida
2023-01-18 10:24:09,salida
2023-01-18 10:11:40,salida
2023-01-18 10:06:11,salida
2023-01-18 10:46:39,salida
2023-01-18 10:16:04,salida
2023-01-18 10:13:33,salida
2023-01-18 10:47:16,salida
2023-01-18 10:34:54,salida
2023-01-18 10:00:58,salida
2023-01-18 10:49:49,salida
2023-01-18 10:35:14,salida
2023-01-18 10:59:18,salida
2023-01-18 10:50:41,salida
2023-01-18 10:04:18,salida
2023-01-18 10:42:38,salida
2023-01-18 10:04:51,salida
2023-01-18 10:11:18,salida
2023-01-18 10:46:11,salida
2023-01-18 10:35:11,salida
2023-01-18 10:17:48,salida
2023-01-18 10:50:47,salida
2023-01-18 10:42:33,salida
2023-01-18 10:47:32,salida
2023-01-18 10:48:17,salida
2023-01-18 10:56:28,salida
2023-01-18 10:44:04,salida
2023-01-18 10:24:23,salida
2023-01-18 10:28:58,salida
2023-01-18 10:37:32,salida
2023-01-18 11:58:55,salida
2023-01-18 11:30:21,salida
2023-01-18 11:34:53,salida
2023-01-18 11:06:05,salida
2023-01-18 11:25:53,salida
2023-01-18 11:00:18,salida
2023-01-18 11:06:35,salida
2023-01-18 11:11:19,salida
2023-01-18 11:22:24,salida
2023-01-18 11:29:58,salida
2023-01-18 11:28:30,salida
2023-01-18 11:17:40,salida
2023-01-18 11:18:53,salida
2023-01-18 11:03:00,salida
2023-01-18 11:40:58,salida
2023-01-18 11:14:53,salida
2023-01-18 11:07:14,salida
2023-01-18 11:14:49,salida
2023-01-18 11:38:21,salida
2023-01-18 11:17:15,salida
2023-01-18 11:01:35,salida
2023-01-18 12:46:13,salida
2023-01-18 12:18:58,salida
2023-01-18 12:04:35,salida
2023-01-18 12:30:44,salida
2023-01-18 12:17:43,salida
2023-01-18 12:30:54,salida
2023-01-18 12:29:20,salida
2023-01-18 12:46:29,salida
2023-01-18 12:54:40,salida
2023-01-18 12:03:04,salida
2023-01-18 12:40:44,salida
2023-01-18 12:09:26,salida
2023-01-18 12:15:29,salida
2023-01-18 12:12:35,salida
2023-01-18 12:20:44,salida
2023-01-18 12:52:39,salida
2023-01-18 12:44:14,salida
2023-01-18 12:19:19,salida
2023-01-18 12:44:54,salida
2023-01-18 12:58:04,salida
2023-01-18 12:53:53,salida
2023-01-18 12:59:31,salida
2023-01-18 12:05:29,salida
2023-01-18 12:25:36,salida
2023-01-18 12:12:28,salida
2023-01-18 13:08:27,salida
2023-01-18 13:31:51,salida
2023-01-18 13:53:02,salida
2023-01-18 13:50:31,salida
2023-01-18 13:04:07,salida
2023-01-18 13:13:55,salida
2023-01-18 13:02:23,salida
2023-01-18 13:12:42,salida
2023-01-18 13:28:07,salida
2023-01-18 13:50:41,salida
2023-01-18 13:30:25,salida
2023-01-18 13:17:57,salida
2023-01-18 13:17:56,salida
2023-01-18 13:06:47,salida
2023-01-18 13:37:47,salida
2023-01-18 13:15:54,salida
2023-01-18 13:55:59,salida
2023-01-18 13:32:55,salida
2023-01-18 13:50:02,salida
2023-01-18 13:37:03,salida
2023-01-18 13:35:03,salida
2023-01-18 14:52:32,salida
2023-01-18 14:51:30,salida
2023-01-18 14:17:34,salida
2023-01-18 14:11:50,salida
2023-01-18 14:24:44,salida
2023-01-18 14:30:09,salida
2023-01-18 14:46:51,salida
2023-01-18 14:33:50,salida
2023-01-18 14:02:45,salida
2023-01-18 14:38:07,salida
2023-01-18 14:31:42,salida
2023-01-18 14:28:21,salida
2023-01-18 14:19:05,salida
2023-01-18 14:42:48,salida
2023-01-18 14:28:41,salida
2023-01-18 14:55:16,salida
2023-01-18 14:30:52,salida
2023-01-18 14:33:37,salida
2023-01-18 14:56:36,salida
2023-01-18 14:03:01,salida
2023-01-18 14:11:34,salida
2023-01-18 14:05:55,salida
2023-01-18 14:45:07,salida
2023-01-18 14:20:52,salida
2023-01-18 14:57:45,salida
2023-01-18 14:34:47,salida
2023-01-18 15:30:02,salida
2023-01-18 15:52:02,salida
2023-01-18 15:25:49,salida
2023-01-18 15:16:59,salida
2023-01-18 15:09:01,salida
2023-01-18 15:23:10,salida
2023-01-18 15:23:34,salida
2023-01-18 15:22:31,salida
2023-01-18 15:22:33,salida
2023-01-18 15:40:18,salida
2023-01-18 15:01:59,salida
2023-01-18 15:50:01,salida
2023-01-18 15:14:55,salida
2023-01-18 15:20:34,salida
2023-01-18 15:04:42,salida
2023-01-18 15:26:23,salida
2023-01-18 15:06:05,salida
2023-01-18 15:45:32,salida
2023-01-18 15:57:48,salida
2023-01-18 15:16:45,salida
2023-01-18 16:28:49,salida
2023-01-18 16:49:53,salida
2023-01-18 16:41:04,salida
2023-01-18 16:29:22,salida
2023-01-18 16:54:20,salida
2023-01-18 16:55:25,salida
2023-01-18 16:53:46,salida
2023-01-18 16:20:19,salida
2023-01-18 16:22:03,salida
2023-01-18 16:20:20,salida
2023-01-18 16:00:14,salida
2023-01-18 16:16:50,salida
2023-01-18 16:13:58,salida
2023-01-18 16:18:49,salida
2023-01-18 16:59:33,salida
2023-01-18 16:05:44,salida
2023-01-18 17:57:22,salida
2023-01-18 17:43:44,salida
2023-01-18 17:18:53,salida
2023-01-18 17:44:30,salida
2023-01-18 17:43:51,salida
2023-01-18 17:02:27,salida
2023-01-18 17:02:13,salida
2023-01-18 17:17:26,salida
2023-01-18 17:50:59,salida
2023-01-18 17:09:48,salida
2023-01-18 17:14:18,salida
2023-01-18 17:08:03,salida
2023-01-18 17:14:50,salida
2023-01-18 17:47:07,salida
2023-01-18 17:48:52,salida
2023-01-18 17:00:06,salida
2023-01-18 17:52:30,salida
2023-01-18 17:17:11,salida
2023-01-18 17:47:29,salida
2023-01-18 17:32:58,salida
2023-01-18 17:46:06,salida
2023-01-18 17:27:48,salida
2023-01-18 17:02:42,salida
2023-01-18 17:05:30,salida
2023-01-18 17:37:14,salida
2023-01-18 17:06:42,salida
2023-01-18 17:29:26,salida
2023-01-18 18:27:37,salida
2023-01-18 18:47:27,salida
2023-01-18 18:58:49,salida
2023-01-18 18:51:49,salida
2023-01-18 18:00:59,salida
2023-01-18 18:02:14,salida
2023-01-18 18:51:09,salida
2023-01-18 18:20:36,salida
2023-01-18 18:14:22,salida
2023-01-18 18:13:14,salida
2023-01-18 18:09:55,salida
2023-01-18 18:08:43,salida
2023-01-18 18:38:04,salida
2023-01-18 18:24:55,salida
2023-01-18 18:41:56,salida
2023-01-18 18:25:07,salida
2023-01-18 18:21:51,salida
2023-01-18 18:24:47,salida
2023-01-18 18:11:08,salida
2023-01-18 18:09:47,salida
2023-01-18 19:37:40,salida
2023-01-18 19:14:47,salida
2023-01-18 19:52:39,salida
2023-01-18 19:15:31,salida
2023-01-18 19:36:17,salida
2023-01-18 19:19:45,salida
2023-01-18 19:01:54,salida
2023-01-18 19:22:29,salida
2023-01-18 19:02:45,salida
2023-01-18 19:38:46,salida
2023-01-18 19:48:00,salida
2023-01-18 19:40:21,salida
2023-01-18 19:28:13,salida
2023-01-18 19:47:27,salida
2023-01-18 19:20:44,salida
2023-01-18 19:31:05,salida
2023-01-18 19:53:00,salida
2023-01-18 19:20:56,salida
2023-01-18 19:03:02,salida
2023-01-18 19:48:29,salida
2023-01-18 19:30:33,salida
2023-01-18 19:18:19,salida
2023-01-18 19:22:53,salida
2023-01-18 19:58:39,salida
2023-01-18 19:24:14,salida
2023-01-18 19:37:22,salida
2023-01-18 19:51:01,salida
2023-01-18 19:56:56,salida
2023-01-18 19:14:51,salida
2023-01-18 19:43:34,salida
2023-01-18 19:09:13,salida
2023-01-18 20:52:00,salida
2023-01-18 20:37:38,salida
2023-01-18 20:48:08,salida
2023-01-18 20:30:06,salida
2023-01-18 20:16:34,salida
2023-01-18 20:47:36,salida
2023-01-18 20:51:17,salida
2023-01-18 20:32:03,salida
2023-01-18 20:22:10,salida
2023-01-18 20:51:08,salida
2023-01-18 20:29:07,salida
2023-01-18 20:39:04,salida
2023-01-18 20:11:00,salida
2023-01-18 20:14:24,salida
2023-01-18 20:17:37,salida
2023-01-18 20:41:45,salida
2023-01-18 20:52:25,salida
2023-01-18 20:39:58,salida
2023-01-18 20:02:53,salida
2023-01-18 21:27:13,salida
2023-01-18 21:13:19,salida
2023-01-18 21:12:26,salida
2023-01-18 21:59:34,salida
2023-01-18 21:44:55,salida
2023-01-18 21:01:40,salida
2023-01-18 21:44:39,salida
2023-01-18 21:47:23,salida
2023-01-18 21:28:02,salida
2023-01-18 21:44:03,salida
2023-01-18 21:49:01,salida
2023-01-18 21:19:53,salida
2023-01-18 21:52:14,salida
2023-01-18 21:48:31,salida
2023-01-18 21:41:00,salida
2023-01-18 21:37:34,salida
2023-01-18 21:50:06,salida
2023-01-18 21:44:12,salida
2023-01-18 21:48:00,salida
2023-01-18 21:13:28,salida
2023-01-18 21:57:02,salida
2023-01-18 21:45:23,salida
2023-01-19 10:49:26,salida
2023-01-19 10:41:05,salida
2023-01-19 10:55:05,salida
2023-01-19 10:51:14,salida
2023-01-19 10:03:56,salida
2023-01-19 10:47:53,salida
2023-01-19 10:55:39,salida
2023-01-19 10:06:50,salida
2023-01-19 10:57:48,salida
2023-01-19 10:52:44,salida
2023-01-19 10:46:25,salida
2023-01-19 10:57:30,salida
2023-01-19 10:01:27,salida
2023-01-19 10:41:12,salida
2023-01-19 10:17:29,salida
2023-01-19 10:54:10,salida
2023-01-19 10:12:50,salida
2023-01-19 10:23:56,salida
2023-01-19 10:28:55,salida
2023-01-19 10:53:04,salida
2023-01-19 10:34:18,salida
2023-01-19 11:49:09,salida
2023-01-19 11:08:27,salida
2023-01-19 11:23:18,salida
2023-01-19 11:32:03,salida
2023-01-19 11:55:02,salida
2023-01-19 11:41:11,salida
2023-01-19 11:17:22,salida
2023-01-19 11:19:05,salida
2023-01-19 11:52:33,salida
2023-01-19 11:41:01,salida
2023-01-19 11:29:08,salida
2023-01-19 11:26:41,salida
2023-01-19 11:33:39,salida
2023-01-19 11:23:48,salida
2023-01-19 11:16:28,salida
2023-01-19 11:35:49,salida
2023-01-19 11:11:30,salida
2023-01-19 11:48:08,salida
2023-01-19 11:18:45,salida
2023-01-19 11:45:16,salida
2023-01-19 11:01:39,salida
2023-01-19 11:04:58,salida
2023-01-19 11:38:53,salida
2023-01-19 11:47:15,salida
2023-01-19 11:16:53,salida
2023-01-19 11:26:06,salida
2023-01-19 11:51:07,salida
2023-01-19 11:07:22,salida
2023-01-19 12:25:13,salida
2023-01-19 12:57:40,salida
2023-01-19 12:07:48,salida
2023-01-19 12:54:54,salida
2023-01-19 12:55:15,salida
2023-01-19 12:41:20,salida
2023-01-19 12:09:56,salida
2023-01-19 12:24:55,salida
2023-01-19 12:37:21,salida
2023-01-19 12:48:47,salida
2023-01-19 12:46:53,salida
2023-01-19 12:45:03,salida
2023-01-19 12:03:29,salida
2023-01-19 12:01:28,salida
2023-01-19 12:42:35,salida
2023-01-19 12:20:59,salida
2023-01-19 12:20:47,salida
2023-01-19 12:20:03,salida
2023-01-19 12:00:25,salida
2023-01-19 12:55:50,salida
2023-01-19 12:01:08,salida
2023-01-19 12:54:56,salida
2023-01-19 12:44:17,salida
2023-01-19 12:47:47,salida
2023-01-19 13:30:14,salida
2023-01-19 13:56:19,salida
2023-01-19 13:04:06,salida
2023-01-19 13:17:55,salida
2023-01-19 13:10:31,salida
2023-01-19 13:49:26,salida
2023-01-19 13:25:36,salida
2023-01-19 13:44:27,salida
2023-01-19 13:49:01,salida
2023-01-19 13:19:03,salida
2023-01-19 13:12:23,salida
2023-01-19 13:47:37,salida
2023-01-19 13:57:39,salida
2023-01-19 13:47:44,salida
2023-01-19 13:54:28,salida
2023-01-19 13:57:35,salida
2023-01-19 13:01:40,salida
2023-01-19 13:17:48,salida
2023-01-19 13:07:57,salida
2023-01-19 13:14:40,salida
2023-01-19 13:16:22,salida
2023-01-19 13:01:05,salida
2023-01-19 13:28:26,salida
2023-01-19 14:01:58,salida
2023-01-19 14:03:58,salida
2023-01-19 14:26:49,salida
2023-01-19 14:52:09,salida
2023-01-19 14:12:43,salida
2023-01-19 14:01:25,salida
2023-01-19 14:14:45,salida
2023-01-19 14:56:09,salida
2023-01-19 14:21:39,salida
2023-01-19 14:24:14,salida
2023-01-19 14:12:07,salida
2023-01-19 14:20:20,salida
2023-01-19 14:21:45,salida
2023-01-19 14:32:44,salida
2023-01-19 14:26:39,salida
2023-01-19 14:49:21,salida
2023-01-19 14:29:08,salida
2023-01-19 14:44:34,salida
2023-01-19 14:17:41,salida
2023-01-19 14:04:26,salida
2023-01-19 14:56:05,salida
2023-01-19 14:31:07,salida
2023-01-19 14:55:38,salida
2023-01-19 14:20:17,salida
2023-01-19 15:24:27,salida
2023-01-19 15:35:17,salida
2023-01-19 15:05:01,salida
2023-01-19 15:02:45,salida
2023-01-19 15:07:30,salida
2023-01-19 15:47:18,salida
2023-01-19 15:49:05,salida
2023-01-19 15:13:02,salida
2023-01-19 15:47:00,salida
2023-01-19 15:43:29,salida
2023-01-19 15:45:18,salida
2023-01-19 15:53:18,salida
2023-01-19 15:08:06,salida
2023-01-19 15:45:36,salida
2023-01-19 15:49:40,salida
2023-01-19 16:35:50,salida
2023-01-19 16:57:35,salida
2023-01-19 16:18:59,salida
2023-01-19 16:18:11,salida
2023-01-19 16:12:24,salida
2023-01-19 16:35:24,salida
2023-01-19 16:27:41,salida
2023-01-19 16:52:38,salida
2023-01-19 16:29:04,salida
2023-01-19 16:16:17,salida
2023-01-19 16:42:46,salida
2023-01-19 16:20:21,salida
2023-01-19 16:38:49,salida
2023-01-19 16:57:56,salida
2023-01-19 16:05:49,salida
2023-01-19 16:15:01,salida
2023-01-19 16:50:00,salida
2023-01-19 16:56:29,salida
2023-01-19 16:57:42,salida
2023-01-19 16:51:36,salida
2023-01-19 17:17:13,salida
2023-01-19 17:17:01,salida
2023-01-19 17:00:19,salida
2023-01-19 17:33:40,salida
2023-01-19 17:40:47,salida
2023-01-19 17:10:26,salida
2023-01-19 17:22:37,salida
2023-01-19 17:43:02,salida
2023-01-19 17:11:29,salida
2023-01-19 17:30:22,salida
2023-01-19 17:00:40,salida
2023-01-19 17:19:53,salida
2023-01-19 17:05:10,salida
2023-01-19 17:34:03,salida
2023-01-19 17:28:58,salida
2023-01-19 17:09:50,salida
2023-01-19 17:28:37,salida
2023-01-19 17:00:39,salida
2023-01-19 17:07:56,salida
2023-01-19 17:37:16,salida
2023-01-19 17:18:32,salida
2023-01-19 17:14:44,salida
2023-01-19 17:30:20,salida
2023-01-19 18:23:27,salida
2023-01-19 18:47:31,salida
2023-01-19 18:36:09,salida
2023-01-19 18:48:44,salida
2023-01-19 18:47:08,salida
2023-01-19 18:23:35,salida
2023-01-19 18:55:28,salida
2023-01-19 18:59:28,salida
2023-01-19 18:57:47,salida
2023-01-19 18:22:26,salida
2023-01-19 18:30:42,salida
2023-01-19 18:06:48,salida
2023-01-19 18:53:44,salida
2023-01-19 18:03:13,salida
2023-01-19 18:41:41,salida
2023-01-19 18:09:58,salida
2023-01-19 18:43:33,salida
2023-01-19 18:25:22,salida
2023-01-19 18:08:36,salida
2023-01-19 18:07:52,salida
2023-01-19 18:13:06,salida
2023-01-19 18:06:08,salida
2023-01-19 18:02:13,salida
2023-01-19 18:16:49,salida
2023-01-19 18:43:21,salida
2023-01-19 18:45:25,salida
2023-01-19 18:57:27,salida
2023-01-19 19:37:07,salida
2023-01-19 19:58:58,salida
2023-01-19 19:51:17,salida
2023-01-19 19:26:17,salida
2023-01-19 19:31:57,salida
2023-01-19 19:48:31,salida
2023-01-19 19:52:47,salida
2023-01-19 19:44:53,salida
2023-01-19 19:35:35,salida
2023-01-19 19:20:45,salida
2023-01-19 19:31:30,salida
2023-01-19 19:36:15,salida
2023-01-19 19:45:45,salida
2023-01-19 19:13:56,salida
2023-01-19 19:23:24,salida
2023-01-19 19:45:50,salida
2023-01-19 19:34:16,salida
2023-01-19 19:45:41,salida
2023-01-19 20:00:26,salida
2023-01-19 20:42:49,salida
2023-01-19 20:12:16,salida
2023-01-19 20:07:31,salida
2023-01-19 20:19:50,salida
2023-01-19 20:16:33,salida
2023-01-19 20:34:34,salida
2023-01-19 20:37:41,salida
2023-01-19 20:23:53,salida
2023-01-19 20:17:49,salida
2023-01-19 20:45:47,salida
2023-01-19 20:38:32,salida
2023-01-19 20:48:22,salida
2023-01-19 20:24:36,salida
2023-01-19 20:26:00,salida
2023-01-19 20:20:58,salida
2023-01-19 20:48:09,salida
2023-01-19 20:30:43,salida
2023-01-19 20:24:19,salida
2023-01-19 20:56:01,salida
2023-01-19 20:54:47,salida
2023-01-19 20:14:27,salida
2023-01-19 21:26:24,salida
2023-01-19 21:31:18,salida
2023-01-19 21:23:56,salida
2023-01-19 21:02:59,salida
2023-01-19 21:11:34,salida
2023-01-19 21:14:16,salida
2023-01-19 21:49:31,salida
2023-01-19 21:06:18,salida
2023-01-19 21:06:04,salida
2023-01-19 21:57:39,salida
2023-01-19 21:20:47,salida
2023-01-19 21:47:50,salida
2023-01-19 21:56:46,salida
2023-01-19 21:06:36,salida
2023-01-19 21:22:10,salida
2023-01-19 21:09:56,salida
2023-01-19 21:20:54,salida
2023-01-19 21:58:40,salida
2023-01-19 21:32:19,salida
2023-01-19 21:32:39,salida
2023-01-19 21:34:33,salida
2023-01-19 21:35:26,salida
2023-01-19 21:18:42,salida
2023-01-19 21:04:28,salida
2023-01-19 21:55:09,salida
2023-01-20 10:59:25,salida
2023-01-20 10:39:02,salida
2023-01-20 10:01:24,salida
2023-01-20 10:18:39,salida
2023-01-20 10:01:18,salida
2023-01-20 10:00:26,salida
2023-01-20 10:53:44,salida
2023-01-20 10:54:51,salida
2023-01-20 10:48:34,salida
2023-01-20 10:40:04,salida
2023-01-20 10:37:03,salida
2023-01-20 10:16:52,salida
2023-01-20 10:20:52,salida
2023-01-20 10:47:30,salida
2023-01-20 10:47:21,salida
2023-01-20 10:10:33,salida
2023-01-20 10:48:14,salida
2023-01-20 10:49:09,salida
2023-01-20 10:37:31,salida
2023-01-20 10:52:47,salida
2023-01-20 10:30:36,salida
2023-01-20 10:43:27,salida
2023-01-20 10:30:05,salida
2023-01-20 10:13:57,salida
2023-01-20 10:22:15,salida
2023-01-20 10:24:38,salida
2023-01-20 11:21:46,salida
2023-01-20 11:32:42,salida
2023-01-20 11:13:30,salida
2023-01-20 11:09:50,salida
2023-01-20 11:23:20,salida
2023-01-20 11:47:07,salida
2023-01-20 11:31:30,salida
2023-01-20 11:33:22,salida
2023-01-20 11:24:06,salida
2023-01-20 11:18:06,salida
2023-01-20 11:46:07,salida
2023-01-20 11:13:00,salida
2023-01-20 11:12:02,salida
2023-01-20 11:52:27,salida
2023-01-20 11:37:50,salida
2023-01-20 11:14:35,salida
2023-01-20 11:52:02,salida
2023-01-20 11:03:04,salida
2023-01-20 11:49:25,salida
2023-01-20 11:24:09,salida
2023-01-20 11:07:11,salida
2023-01-20 11:53:57,salida
2023-01-20 11:58:02,salida
2023-01-20 11:26:49,salida
2023-01-20 11:22:39,salida
2023-01-20 11:57:32,salida
2023-01-20 11:13:53,salida
2023-01-20 12:46:07,salida
2023-01-20 12:56:36,salida
2023-01-20 12:55:44,salida
2023-01-20 12:32:32,salida
2023-01-20 12:06:21,salida
2023-01-20 12:04:45,salida
2023-01-20 12:14:20,salida
2023-01-20 12:24:16,salida
2023-01-20 12:55:49,salida
2023-01-20 12:06:53,salida
2023-01-20 12:57:49,salida
2023-01-20 12:59:18,salida
2023-01-20 12:51:06,salida
2023-01-20 12:39:44,salida
2023-01-20 12:58:49,salida
2023-01-20 12:23:10,salida
2023-01-20 12:40:54,salida
2023-01-20 12:00:53,salida
2023-01-20 12:31:39,salida
2023-01-20 12:52:43,salida
2023-01-20 12:01:14,salida
2023-01-20 13:09:42,salida
2023-01-20 13:18:13,salida
2023-01-20 13:20:59,salida
2023-01-20 13:42:27,salida
2023-01-20 13:20:35,salida
2023-01-20 13:23:53,salida
2023-01-20 13:37:16,salida
2023-01-20 13:21:18,salida
2023-01-20 13:44:53,salida
2023-01-20 13:09:10,salida
2023-01-20 13:37:01,salida
2023-01-20 13:32:42,salida
2023-01-20 13:30:47,salida
2023-01-20 13:34:36,salida
2023-01-20 13:46:46,salida
2023-01-20 13:35:22,salida
2023-01-20 13:35:39,salida
2023-01-20 14:48:51,salida
2023-01-20 14:55:20,salida
2023-01-20 14:33:50,salida
2023-01-20 14:16:17,salida
2023-01-20 14:16:01,salida
2023-01-20 14:50:00,salida
2023-01-20 14:42:56,salida
2023-01-20 14:09:36,salida
2023-01-20 14:47:55,salida
2023-01-20 14:04:55,salida
2023-01-20 14:54:11,salida
2023-01-20 14:35:30,salida
2023-01-20 14:54:37,salida
2023-01-20 14:50:08,salida
2023-01-20 14:43:25,salida
2023-01-20 14:14:15,salida
2023-01-20 14:12:24,salida
2023-01-20 14:29:52,salida
2023-01-20 14:55:06,salida
2023-01-20 14:56:54,salida
2023-01-20 14:51:03,salida
2023-01-20 14:42:39,salida
2023-01-20 14:37:56,salida
2023-01-20 15:37:45,salida
2023-01-20 15:02:18,salida
2023-01-20 15:19:24,salida
2023-01-20 15:10:55,salida
2023-01-20 15:16:59,salida
2023-01-20 15:58:48,salida
2023-01-20 15:54:34,salida
2023-01-20 15:13:58,salida
2023-01-20 15:38:56,salida
2023-01-20 15:18:02,salida
2023-01-20 15:33:57,salida
2023-01-20 15:48:40,salida
2023-01-20 15:21:37,salida
2023-01-20 15:55:26,salida
2023-01-20 15:20:40,salida
2023-01-20 15:30:26,salida
2023-01-20 15:36:01,salida
2023-01-20 15:53:46,salida
2023-01-20 15:08:18,salida
2023-01-20 16:16:03,salida
2023-01-20 16:51:50,salida
2023-01-20 16:38:00,salida
2023-01-20 16:40:44,salida
2023-01-20 16:23:33,salida
2023-01-20 16:33:23,salida
2023-01-20 16:58:14,salida
2023-01-20 16:16:12,salida
2023-01-20 16:06:08,salida
2023-01-20 16:43:34,salida
2023-01-20 16:22:53,salida
2023-01-20 16:46:38,salida
2023-01-20 16:22:25,salida
2023-01-20 16:00:13,salida
2023-01-20 16:31:50,salida
2023-01-20 16:47:09,salida
2023-01-20 16:00:04,salida
2023-01-20 16:02:48,salida
2023-01-20 16:49:57,salida
2023-01-20 16:52:26,salida
2023-01-20 16:50:53,salida
2023-01-20 16:56:21,salida
2023-01-20 16:17:15,salida
2023-01-20 16:01:46,salida
2023-01-20 16:12:44,salida
2023-01-20 16:15:07,salida
2023-01-20 16:42:07,salida
2023-01-20 17:15:14,salida
2023-01-20 17:17:06,salida
2023-01-20 17:46:21,salida
2023-01-20 17:31:42,salida
2023-01-20 17:18:39,salida
2023-01-20 17:55:00,salida
2023-01-20 17:34:04,salida
2023-01-20 17:49:11,salida
2023-01-20 17:11:20,salida
2023-01-20 17:58:57,salida
2023-01-20 17:18:08,salida
2023-01-20 17:42:48,salida
2023-01-20 17:47:35,salida
2023-01-20 17:41:53,salida
2023-01-20 17:46:56,salida
2023-01-20 17:50:31,salida
2023-01-20 17:34:30,salida
2023-01-20 17:59:52,salida
2023-01-20 17:54:31,salida
2023-01-20 17:36:31,salida
2023-01-20 17:42:55,salida
2023-01-20 17:36:38,salida
2023-01-20 18:43:57,salida
2023-01-20 18:10:52,salida
2023-01-20 18:42:17,salida
2023-01-20 18:39:24,salida
2023-01-20 18:38:27,salida
2023-01-20 18:45:15,salida
2023-01-20 18:11:40,salida
2023-01-20 18:51:28,salida
2023-01-20 18:22:20,salida
2023-01-20 18:15:52,salida
2023-01-20 18:50:47,salida
2023-01-20 18:40:44,salida
2023-01-20 18:25:36,salida
2023-01-20 18:21:50,salida
2023-01-20 18:09:06,salida
2023-01-20 18:08:24,salida
2023-01-20 18:45:14,salida
2023-01-20 18:12:41,salida
2023-01-20 19:21:07,salida
2023-01-20 19:33:08,salida
2023-01-20 19:06:29,salida
2023-01-20 19:17:26,salida
2023-01-20 19:15:20,salida
2023-01-20 19:04:54,salida
2023-01-20 19:28:46,salida
2023-01-20 19:36:42,salida
2023-01-20 19:21:13,salida
2023-01-20 19:56:18,salida
2023-01-20 19:34:23,salida
2023-01-20 19:41:59,salida
2023-01-20 19:05:59,salida
2023-01-20 19:57:02,salida
2023-01-20 19:33:44,salida
2023-01-20 19:49:01,salida
2023-01-20 19:14:36,salida
2023-01-20 19:14:59,salida
2023-01-20 19:31:20,salida
2023-01-20 19:16:33,salida
2023-01-20 19:31:49,salida
2023-01-20 19:46:51,salida
2023-01-20 19:22:34,salida
2023-01-20 19:36:42,salida
2023-01-20 20:51:02,salida
2023-01-20 20:12:27,salida
2023-01-20 20:53:10,salida
2023-01-20 20:10:20,salida
2023-01-20 20:51:20,salida
2023-01-20 20:06:16,salida
2023-01-20 20:47:13,salida
2023-01-20 20:32:10,salida
2023-01-20 20:12:00,salida
2023-01-20 20:33:08,salida
2023-01-20 20:12:36,salida
2023-01-20 20:29:40,salida
2023-01-20 20:44:36,salida
2023-01-20 20:46:06,salida
2023-01-20 20:13:47,salida
2023-01-20 20:05:33,salida
2023-01-20 20:15:50,salida
2023-01-20 20:36:35,salida
2023-01-20 20:45:58,salida
2023-01-20 20:05:07,salida
2023-01-20 20:23:02,salida
2023-01-20 20:03:31,salida
2023-01-20 20:00:33,salida
2023-01-20 21:41:56,salida
2023-01-20 21:28:05,salida
2023-01-20 21:49:56,salida
2023-01-20 21:03:10,salida
2023-01-20 21:44:39,salida
2023-01-20 21:09:54,salida
2023-01-20 21:27:10,salida
2023-01-20 21:34:14,salida
2023-01-20 21:07:19,salida
2023-01-20 21:49:58,salida
2023-01-20 21:20:00,salida
2023-01-20 21:28:23,salida
2023-01-20 21:29:39,salida
2023-01-20 21:34:32,salida
2023-01-20 21:19:56,salida
2023-01-20 21:15:08,salida
2023-01-20 21:30:16,salida
2023-01-20 21:58:30,salida
2023-01-20 21:47:22,salida
2023-01-20 21:05:29,salida
2023-01-20 21:54:06,salida
2023-01-20 21:55:47,salida
2023-01-21 10:54:43,salida
2023-01-21 10:39:44,salida
2023-01-21 10:36:13,salida
2023-01-21 10:15:42,salida
2023-01-21 10:19:43,salida
2023-01-21 10:14:55,salida
2023-01-21 10:43:25,salida
2023-01-21 10:08:00,salida
2023-01-21 10:34:43,salida
2023-01-21 10:19:44,salida
2023-01-21 10:54:05,salida
2023-01-21 10:41:09,salida
2023-01-21 10:47:58,salida
2023-01-21 10:32:15,salida
2023-01-21 10:35:05,salida
2023-01-21 10:18:30,salida
2023-01-21 10:01:17,salida
2023-01-21 10:41:27,salida
2023-01-21 10:59:03,salida
2023-01-21 10:00:46,salida
2023-01-21 10:41:49,salida
2023-01-21 10:15:44,salida
2023-01-21 10:57:46,salida
2023-01-21 10:01:51,salida
2023-01-21 10:35:00,salida
2023-01-21 10:38:22,salida
2023-01-21 10:25:10,salida
2023-01-21 11:10:33,salida
2023-01-21 11:23:54,salida
2023-01-21 11:04:28,salida
2023-01-21 11:47:47,salida
2023-01-21 11:57:33,salida
2023-01-21 11:15:24,salida
2023-01-21 11:36:07,salida
2023-01-21 11:28:51,salida
2023-01-21 11:45:24,salida
2023-01-21 11:41:22,salida
2023-01-21 11:33:02,salida
2023-01-21 11:29:49,salida
2023-01-21 11:52:33,salida
2023-01-21 11:31:52,salida
2023-01-21 11:28:08,salida
2023-01-21 11:01:56,salida
2023-01-21 12:06:27,salida
2023-01-21 12:45:24,salida
2023-01-21 12:45:56,salida
2023-01-21 12:27:01,salida
2023-01-21 12:16:58,salida
2023-01-21 12:51:03,salida
2023-01-21 12:12:17,salida
2023-01-21 12:02:50,salida
2023-01-21 12:36:32,salida
2023-01-21 12:40:23,salida
2023-01-21 12:07:34,salida
2023-01-21 12:01:32,salida
2023-01-21 12:11:21,salida
2023-01-21 12:12:09,salida
2023-01-21 12:16:42,salida
2023-01-21 12:04:56,salida
2023-01-21 12:58:08,salida
2023-01-21 12:12:59,salida
2023-01-21 12:51:22,salida
2023-01-21 12:29:42,salida
2023-01-21 12:54:03,salida
2023-01-21 12:20:42,salida
2023-01-21 12:08:06,salida
2023-01-21 13:35:12,salida
2023-01-21 13:19:29,salida
2023-01-21 13:29:10,salida
2023-01-21 13:30:57,salida
2023-01-21 13:02:58,salida
2023-01-21 13:01:47,salida
2023-01-21 13:02:55,salida
2023-01-21 13:14:16,salida
2023-01-21 13:47:51,salida
2023-01-21 13:06:47,salida
2023-01-21 13:04:33,salida
2023-01-21 13:32:53,salida
2023-01-21 13:44:15,salida
2023-01-21 13:36:02,salida
2023-01-21 13:58:58,salida
2023-01-21 13:46:47,salida
2023-01-21 13:42:56,salida
2023-01-21 13:50:49,salida
2023-01-21 13:20:40,salida
2023-01-21 13:07:21,salida
2023-01-21 13:50:53,salida
2023-01-21 13:04:16,salida
2023-01-21 14:11:34,salida
2023-01-21 14:51:31,salida
2023-01-21 14:08:13,salida
2023-01-21 14:12:55,salida
2023-01-21 14:59:43,salida
2023-01-21 14:32:31,salida
2023-01-21 14:18:29,salida
2023-01-21 14:15:11,salida
2023-01-21 14:09:01,salida
2023-01-21 14:17:12,salida
2023-01-21 14:28:23,salida
2023-01-21 14:37:11,salida
2023-01-21 14:59:59,salida
2023-01-21 14:28:21,salida
2023-01-21 14:35:00,salida
2023-01-21 14:42:54,salida
2023-01-21 14:39:33,salida
2023-01-21 14:33:47,salida
2023-01-21 14:32:03,salida
2023-01-21 14:37:29,salida
2023-01-21 14:52:51,salida
2023-01-21 15:43:35,salida
2023-01-21 15:29:56,salida
2023-01-21 15:03:22,salida
2023-01-21 15:20:20,salida
2023-01-21 15:05:23,salida
2023-01-21 15:46:52,salida
2023-01-21 15:30:18,salida
2023-01-21 15:37:11,salida
2023-01-21 15:13:49,salida
2023-01-21 15:59:11,salida
2023-01-21 15:55:55,salida
2023-01-21 15:14:18,salida
2023-01-21 15:27:39,salida
2023-01-21 15:40:04,salida
2023-01-21 15:04:05,salida
2023-01-21 15:22:02,salida
2023-01-21 15:36:32,salida
2023-01-21 15:42:57,salida
2023-01-21 15:20:19,salida
2023-01-21 15:00:38,salida
2023-01-21 15:46:16,salida
2023-01-21 15:28:07,salida
2023-01-21 15:25:27,salida
2023-01-21 15:33:25,salida
2023-01-21 15:12:43,salida
2023-01-21 16:00:04,salida
2023-01-21 16:48:32,salida
2023-01-21 16:50:18,salida
2023-01-21 16:35:50,salida
2023-01-21 16:05:59,salida
2023-01-21 16:14:35,salida
2023-01-21 16:55:32,salida
2023-01-21 16:23:26,salida
2023-01-21 16:48:10,salida
2023-01-21 16:48:22,salida
2023-01-21 16:32:40,salida
2023-01-21 16:45:46,salida
2023-01-21 16:55:28,salida
2023-01-21 16:30:00,salida
2023-01-21 16:33:17,salida
2023-01-21 16:17:05,salida
2023-01-21 16:51:39,salida
2023-01-21 17:01:00,salida
2023-01-21 17:57:00,salida
2023-01-21 17:37:50,salida
2023-01-21 17:06:23,salida
2023-01-21 17:04:20,salida
2023-01-21 17:27:17,salida
2023-01-21 17:23:57,salida
2023-01-21 17:31:44,salida
2023-01-21 17:32:09,salida
2023-01-21 17:08:48,salida
2023-01-21 17:32:32,salida
2023-01-21 17:06:03,salida
2023-01-21 17:27:22,salida
2023-01-21 17:52:31,salida
2023-01-21 17:43:15,salida
2023-01-21 17:45:54,salida
2023-01-21 17:09:13,salida
2023-01-21 17:38:35,salida
2023-01-21 17:33:23,salida
2023-01-21 17:17:15,salida
2023-01-21 17:40:36,salida
2023-01-21 17:40:24,salida
2023-01-21 18:57:45,salida
2023-01-21 18:30:48,salida
2023-01-21 18:51:33,salida
2023-01-21 18:41:34,salida
2023-01-21 18:38:38,salida
2023-01-21 18:32:07,salida
2023-01-21 18:31:54,salida
2023-01-21 18:32:07,salida
2023-01-21 18:45:13,salida
2023-01-21 18:33:07,salida
2023-01-21 18:50:41,salida
2023-01-21 18:06:12,salida
2023-01-21 18:53:20,salida
2023-01-21 18:46:31,salida
2023-01-21 18:10:57,salida
2023-01-21 18:13:10,salida
2023-01-21 18:01:33,salida
2023-01-21 18:43:46,salida
2023-01-21 18:16:13,salida
2023-01-21 18:24:47,salida
2023-01-21 18:26:07,salida
2023-01-21 18:55:16,salida
2023-01-21 18:04:11,salida
2023-01-21 18:37:17,salida
2023-01-21 19:40:16,salida
2023-01-21 19:01:15,salida
2023-01-21 19:38:17,salida
2023-01-21 19:38:00,salida
2023-01-21 19:02:20,salida
2023-01-21 19:59:29,salida
2023-01-21 19:10:21,salida
2023-01-21 19:46:56,salida
2023-01-21 19:24:02,salida
2023-01-21 19:29:23,salida
2023-01-21 19:44:35,salida
2023-01-21 19:22:53,salida
2023-01-21 19:07:53,salida
2023-01-21 19:03:49,salida
2023-01-21 19:38:42,salida
2023-01-21 19:30:28,salida
2023-01-21 19:58:35,salida
2023-01-21 19:12:40,salida
2023-01-21 19:08:54,salida
2023-01-21 19:20:50,salida
2023-01-21 19:02:24,salida
2023-01-21 19:24:11,salida
2023-01-21 20:25:47,salida
2023-01-21 20:16:42,salida
2023-01-21 20:46:51,salida
2023-01-21 20:15:34,salida
2023-01-21 20:37:52,salida
2023-01-21 20:22:12,salida
2023-01-21 20:32:28,salida
2023-01-21 20:52:45,salida
2023-01-21 20:33:33,salida
2023-01-21 20:26:14,salida
2023-01-21 20:58:49,salida
2023-01-21 20:08:25,salida
2023-01-21 20:02:35,salida
2023-01-21 20:46:04,salida
2023-01-21 20:19:19,salida
2023-01-21 20:04:09,salida
2023-01-21 20:15:24,salida
2023-01-21 20:43:24,salida
2023-01-21 20:29:13,salida
2023-01-21 20:21:42,salida
2023-01-21 20:27:29,salida
2023-01-21 20:18:37,salida
2023-01-21 20:41:19,salida
2023-01-21 21:15:28,salida
2023-01-21 21:32:15,salida
2023-01-21 21:34:46,salida
2023-01-21 21:42:41,salida
2023-01-21 21:16:03,salida
2023-01-21 21:48:03,salida
2023-01-21 21:50:24,salida
2023-01-21 21:32:13,salida
2023-01-21 21:23:10,salida
2023-01-21 21:24:27,salida
2023-01-21 21:06:48,salida
2023-01-21 21:35:09,salida
2023-01-21 21:48:35,salida
2023-01-21 21:30:18,salida
2023-01-21 21:17:48,salida
2023-01-21 21:05:27,salida
2023-01-21 21:06:37,salida
2023-01-21 21:56:11,salida
2023-01-21 21:40:49,salida
2023-01-21 21:33:24,salida
2023-01-21 21:16:52,salida
2023-01-21 21:32:22,salida
2023-01-21 21:08:05,salida
2023-01-22 10:14:52,salida
2023-01-22 10:14:15,salida
2023-01-22 10:56:32,salida
2023-01-22 10:09:18,salida
2023-01-22 10:36:49,salida
2023-01-22 10:02:35,salida
2023-01-22 10:03:10,salida
2023-01-22 10:40:32,salida
2023-01-22 10:27:31,salida
2023-01-22 10:56:15,salida
2023-01-22 10:08:10,salida
2023-01-22 10:05:58,salida
2023-01-22 10:48:26,salida
2023-01-22 10:11:21,salida
2023-01-22 10:39:47,salida
2023-01-22 10:36:20,salida
2023-01-22 10:32:16,salida
2023-01-22 10:55:28,salida
2023-01-22 10:52:39,salida
2023-01-22 10:09:17,salida
2023-01-22 10:46:51,salida
2023-01-22 11:49:29,salida
2023-01-22 11:12:38,salida
2023-01-22 11:51:11,salida
2023-01-22 11:33:58,salida
2023-01-22 11:11:43,salida
2023-01-22 11:23:03,salida
2023-01-22 11:35:49,salida
2023-01-22 11:47:13,salida
2023-01-22 11:16:48,salida
2023-01-22 11:02:37,salida
2023-01-22 11:22:12,salida
2023-01-22 11:08:20,salida
2023-01-22 11:40:07,salida
2023-01-22 11:16:15,salida
2023-01-22 11:15:58,salida
2023-01-22 11:27:50,salida
2023-01-22 12:43:30,salida
2023-01-22 12:09:53,salida
2023-01-22 12:48:33,salida
2023-01-22 12:50:51,salida
2023-01-22 12:05:27,salida
2023-01-22 12:27:58,salida
2023-01-22 12:12:40,salida
2023-01-22 12:11:49,salida
2023-01-22 12:39:56,salida
2023-01-22 12:49:56,salida
2023-01-22 12:54:56,salida
2023-01-22 12:53:01,salida
2023-01-22 12:07:41,salida
2023-01-22 12:08:59,salida
2023-01-22 12:55:49,salida
2023-01-22 12:07:50,salida
2023-01-22 12:02:08,salida
2023-01-22 12:12:08,salida
2023-01-22 12:30:24,salida
2023-01-22 12:51:43,salida
2023-01-22 12:54:44,salida
2023-01-22 13:47:35,salida
2023-01-22 13:04:06,salida
2023-01-22 13:05:55,salida
2023-01-22 13:21:09,salida
2023-01-22 13:45:39,salida
2023-01-22 13:45:45,salida
2023-01-22 13:19:27,salida
2023-01-22 13:22:34,salida
2023-01-22 13:00:28,salida
2023-01-22 13:08:08,salida
2023-01-22 13:21:01,salida
2023-01-22 13:15:39,salida
2023-01-22 13:57:05,salida
2023-01-22 13:54:12,salida
2023-01-22 13:32:18,salida
2023-01-22 13:14:32,salida
2023-01-22 13:09:00,salida
2023-01-22 13:59:11,salida
2023-01-22 13:42:28,salida
2023-01-22 13:16:03,salida
2023-01-22 13:28:54,salida
2023-01-22 13:06:43,salida
2023-01-22 14:01:18,salida
2023-01-22 14:15:42,salida
2023-01-22 14:43:24,salida
2023-01-22 14:00:01,salida
2023-01-22 14:47:26,salida
2023-01-22 14:01:57,salida
2023-01-22 14:29:50,salida
2023-01-22 14:09:18,salida
2023-01-22 14:41:15,salida
2023-01-22 14:12:47,salida
2023-01-22 14:49:55,salida
2023-01-22 14:07:55,salida
2023-01-22 14:49:30,salida
2023-01-22 14:44:24,salida
2023-01-22 14:58:38,salida
2023-01-22 14:59:20,salida
2023-01-22 14:54:55,salida
2023-01-22 14:56:49,salida
2023-01-22 14:37:40,salida
2023-01-22 14:28:05,salida
2023-01-22 14:17:48,salida
2023-01-22 14:43:34,salida
2023-01-22 14:26:04,salida
2023-01-22 14:06:09,salida
2023-01-22 15:46:42,salida
2023-01-22 15:17:45,salida
2023-01-22 15:58:08,salida
2023-01-22 15:04:54,salida
2023-01-22 15:03:43,salida
2023-01-22 15:28:00,salida
2023-01-22 15:29:55,salida
2023-01-22 15:44:00,salida
2023-01-22 15:02:21,salida
2023-01-22 15:07:55,salida
2023-01-22 15:17:24,salida
2023-01-22 15:47:51,salida
2023-01-22 15:19:30,salida
2023-01-22 15:29:15,salida
2023-01-22 15:01:16,salida
2023-01-22 15:09:06,salida
2023-01-22 15:58:41,salida
2023-01-22 15:50:51,salida
2023-01-22 15:58:08,salida
2023-01-22 15:53:16,salida
2023-01-22 15:08:08,salida
2023-01-22 16:08:46,salida
2023-01-22 16:20:27,salida
2023-01-22 16:45:03,salida
2023-01-22 16:55:23,salida
2023-01-22 16:07:51,salida
2023-01-22 16:16:33,salida
2023-01-22 16:19:15,salida
2023-01-22 16:09:33,salida
2023-01-22 16:42:09,salida
2023-01-22 16:29:29,salida
2023-01-22 16:50:24,salida
2023-01-22 16:56:45,salida
2023-01-22 16:42:40,salida
2023-01-22 16:06:46,salida
2023-01-22 16:19:16,salida
2023-01-22 16:02:46,salida
2023-01-22 16:45:39,salida
2023-01-22 16:35:25,salida
2023-01-22 16:09:33,salida
2023-01-22 16:13:07,salida
2023-01-22 16:54:26,salida
2023-01-22 17:32:56,salida
2023-01-22 17:29:23,salida
2023-01-22 17:22:08,salida
2023-01-22 17:02:57,salida
2023-01-22 17:35:47,salida
2023-01-22 17:06:21,salida
2023-01-22 17:13:47,salida
2023-01-22 17:28:49,salida
2023-01-22 17:15:47,salida
2023-01-22 17:33:09,salida
2023-01-22 17:06:24,salida
2023-01-22 17:26:14,salida
2023-01-22 17:31:27,salida
2023-01-22 17:08:06,salida
2023-01-22 17:58:55,salida
2023-01-22 17:15:25,salida
2023-01-22 17:34:16,salida
2023-01-22 17:22:07,salida
2023-01-22 17:01:30,salida
2023-01-22 17:56:51,salida
2023-01-22 17:57:58,salida
2023-01-22 18:20:39,salida
2023-01-22 18:38:36,salida
2023-01-22 18:02:46,salida
2023-01-22 18:30:26,salida
2023-01-22 18:16:22,salida
2023-01-22 18:12:46,salida
2023-01-22 18:26:50,salida
2023-01-22 18:19:45,salida
2023-01-22 18:52:12,salida
2023-01-22 18:43:23,salida
2023-01-22 18:54:40,salida
2023-01-22 18:58:02,salida
2023-01-22 18:42:09,salida
2023-01-22 18:00:48,salida
2023-01-22 18:59:57,salida
2023-01-22 18:12:13,salida
2023-01-22 18:32:01,salida
2023-01-22 18:01:38,salida
2023-01-22 18:40:55,salida
2023-01-22 18:30:03,salida
2023-01-22 18:33:18,salida
2023-01-22 18:57:36,salida
2023-01-22 18:08:23,salida
2023-01-22 19:13:16,salida
2023-01-22 19:12:28,salida
2023-01-22 19:33:26,salida
2023-01-22 19:45:32,salida
2023-01-22 19:28:36,salida
2023-01-22 19:38:18,salida
2023-01-22 19:45:23,salida
2023-01-22 19:13:46,salida
2023-01-22 19:36:04,salida
2023-01-22 19:52:23,salida
2023-01-22 19:33:49,salida
2023-01-22 19:30:29,salida
2023-01-22 19:59:55,salida
2023-01-22 19:08:26,salida
2023-01-22 20:54:24,salida
2023-01-22 20:26:44,salida
2023-01-22 20:31:58,salida
2023-01-22 20:11:03,salida
2023-01-22 20:41:25,salida
2023-01-22 20:02:16,salida
2023-01-22 20:08:28,salida
2023-01-22 20:00:17,salida
2023-01-22 20:40:52,salida
2023-01-22 20:19:56,salida
2023-01-22 20:40:33,salida
2023-01-22 20:50:27,salida
2023-01-22 20:47:34,salida
2023-01-22 20:15:20,salida
2023-01-22 20:12:34,salida
2023-01-22 20:41:53,salida
2023-01-22 20:31:49,salida
2023-01-22 20:37:05,salida
2023-01-22 20:49:37,salida
2023-01-22 21:36:51,salida
2023-01-22 21:21:05,salida
2023-01-22 21:53:31,salida
2023-01-22 21:16:37,salida
2023-01-22 21:16:36,salida
2023-01-22 21:22:48,salida
2023-01-22 21:48:12,salida
2023-01-22 21:31:21,salida
2023-01-22 21:06:21,salida
2023-01-22 21:20:05,salida
2023-01-22 21:13:15,salida
2023-01-22 21:02:08,salida
2023-01-22 21:46:20,salida
2023-01-22 21:49:29,salida
2023-01-22 21:29:59,salida
2023-01-22 21:41:41,salida
2023-01-23 10:33:46,salida
2023-01-23 10:47:38,salida
2023-01-23 10:47:23,salida
2023-01-23 10:35:27,salida
2023-01-23 10:47:48,salida
2023-01-23 10:33:15,salida
2023-01-23 10:35:06,salida
2023-01-23 10:17:05,salida
2023-01-23 10:49:27,salida
2023-01-23 10:38:33,salida
2023-01-23 10:50:40,salida
2023-01-23 10:28:03,salida
2023-01-23 10:13:04,salida
2023-01-23 10:24:38,salida
2023-01-23 10:07:14,salida
2023-01-23 10:58:18,salida
2023-01-23 10:58:10,salida
2023-01-23 10:19:54,salida
2023-01-23 10:35:17,salida
2023-01-23 10:13:57,salida
2023-01-23 10:37:24,salida
2023-01-23 10:15:17,salida
2023-01-23 10:00:39,salida
2023-01-23 11:36:28,salida
2023-01-23 11:17:28,salida
2023-01-23 11:05:52,salida
2023-01-23 11:17:31,salida
2023-01-23 11:59:41,salida
2023-01-23 11:46:30,salida
2023-01-23 11:55:53,salida
2023-01-23 11:10:25,salida
2023-01-23 11:27:26,salida
2023-01-23 11:18:56,salida
2023-01-23 11:44:26,salida
2023-01-23 11:58:19,salida
2023-01-23 11:02:15,salida
2023-01-23 12:38:09,salida
2023-01-23 12:23:32,salida
2023-01-23 12:13:34,salida
2023-01-23 12:44:33,salida
2023-01-23 12:16:20,salida
2023-01-23 12:31:02,salida
2023-01-23 12:57:14,salida
2023-01-23 12:07:31,salida
2023-01-23 12:37:25,salida
2023-01-23 12:29:08,salida
2023-01-23 12:56:31,salida
2023-01-23 12:10:21,salida
2023-01-23 12:33:40,salida
2023-01-23 12:17:18,salida
2023-01-23 12:53:17,salida
2023-01-23 12:36:17,salida
2023-01-23 12:11:03,salida
2023-01-23 12:46:42,salida
2023-01-23 12:26:50,salida
2023-01-23 12:04:05,salida
2023-01-23 12:12:22,salida
2023-01-23 12:41:55,salida
2023-01-23 12:24:45,salida
2023-01-23 13:51:56,salida
2023-01-23 13:46:25,salida
2023-01-23 13:39:41,salida
2023-01-23 13:50:34,salida
2023-01-23 13:51:45,salida
2023-01-23 13:40:40,salida
2023-01-23 13:20:59,salida
2023-01-23 13:56:37,salida
2023-01-23 13:07:42,salida
2023-01-23 13:31:07,salida
2023-01-23 13:43:09,salida
2023-01-23 13:22:03,salida
2023-01-23 13:47:51,salida
2023-01-23 13:37:29,salida
2023-01-23 13:40:22,salida
2023-01-23 13:04:20,salida
2023-01-23 13:55:05,salida
2023-01-23 13:48:16,salida
2023-01-23 13:24:23,salida
2023-01-23 13:21:12,salida
2023-01-23 13:16:13,salida
2023-01-23 13:33:25,salida
2023-01-23 13:18:25,salida
2023-01-23 13:59:02,salida
2023-01-23 14:04:10,salida
2023-01-23 14:10:23,salida
2023-01-23 14:13:44,salida
2023-01-23 14:29:39,salida
2023-01-23 14:46:43,salida
2023-01-23 14:34:20,salida
2023-01-23 14:54:04,salida
2023-01-23 14:37:01,salida
2023-01-23 14:39:36,salida
2023-01-23 14:53:48,salida
2023-01-23 14:57:33,salida
2023-01-23 14:10:35,salida
2023-01-23 14:10:08,salida
2023-01-23 14:05:55,salida
2023-01-23 14:33:57,salida
2023-01-23 14:46:36,salida
2023-01-23 14:31:59,salida
2023-01-23 14:11:44,salida
2023-01-23 14:31:16,salida
2023-01-23 14:03:41,salida
2023-01-23 14:32:42,salida
2023-01-23 14:47:42,salida
2023-01-23 14:08:33,salida
2023-01-23 14:38:50,salida
2023-01-23 14:29:49,salida
2023-01-23 15:01:48,salida
2023-01-23 15:21:31,salida
2023-01-23 15:28:34,salida
2023-01-23 15:16:11,salida
2023-01-23 15:23:29,salida
2023-01-23 15:43:29,salida
2023-01-23 15:19:41,salida
2023-01-23 15:06:41,salida
2023-01-23 15:49:53,salida
2023-01-23 15:37:06,salida
2023-01-23 15:59:48,salida
2023-01-23 15:29:11,salida
2023-01-23 15:48:30,salida
2023-01-23 15:17:45,salida
2023-01-23 15:42:01,salida
2023-01-23 15:52:32,salida
2023-01-23 15:10:33,salida
2023-01-23 15:15:53,salida
2023-01-23 15:34:51,salida
2023-01-23 15:32:20,salida
2023-01-23 15:19:07,salida
2023-01-23 15:50:25,salida
2023-01-23 15:32:25,salida
2023-01-23 15:36:29,salida
2023-01-23 15:30:32,salida
2023-01-23 16:00:38,salida
2023-01-23 16:26:35,salida
2023-01-23 16:31:40,salida
2023-01-23 16:14:30,salida
2023-01-23 16:05:24,salida
2023-01-23 16:48:51,salida
2023-01-23 16:17:21,salida
2023-01-23 16:30:35,salida
2023-01-23 16:08:45,salida
2023-01-23 16:02:32,salida
2023-01-23 16:26:42,salida
2023-01-23 16:00:43,salida
2023-01-23 16:56:08,salida
2023-01-23 16:04:14,salida
2023-01-23 16:49:08,salida
2023-01-23 16:44:27,salida
2023-01-23 16:12:23,salida
2023-01-23 16:44:58,salida
2023-01-23 16:09:41,salida
2023-01-23 16:21:38,salida
2023-01-23 16:59:21,salida
2023-01-23 16:36:51,salida
2023-01-23 17:07:36,salida
2023-01-23 17:07:11,salida
2023-01-23 17:14:18,salida
2023-01-23 17:47:45,salida
2023-01-23 17:27:06,salida
2023-01-23 17:39:06,salida
2023-01-23 17:29:17,salida
2023-01-23 17:23:05,salida
2023-01-23 17:57:50,salida
2023-01-23 17:03:54,salida
2023-01-23 17:02:48,salida
2023-01-23 17:53:50,salida
2023-01-23 17:58:46,salida
2023-01-23 17:57:05,salida
2023-01-23 17:25:43,salida
2023-01-23 18:57:12,salida
2023-01-23 18:54:23,salida
2023-01-23 18:20:44,salida
2023-01-23 18:42:03,salida
2023-01-23 18:06:59,salida
2023-01-23 18:11:58,salida
2023-01-23 18:12:53,salida
2023-01-23 18:43:15,salida
2023-01-23 18:05:13,salida
2023-01-23 18:50:47,salida
2023-01-23 18:58:57,salida
2023-01-23 18:30:35,salida
2023-01-23 18:36:40,salida
2023-01-23 18:55:34,salida
2023-01-23 18:53:09,salida
2023-01-23 18:16:50,salida
2023-01-23 18:41:29,salida
2023-01-23 18:43:54,salida
2023-01-23 18:06:17,salida
2023-01-23 18:18:14,salida
2023-01-23 18:38:43,salida
2023-01-23 19:00:45,salida
2023-01-23 19:49:23,salida
2023-01-23 19:42:39,salida
2023-01-23 19:21:02,salida
2023-01-23 19:13:01,salida
2023-01-23 19:31:47,salida
2023-01-23 19:37:32,salida
2023-01-23 19:45:41,salida
2023-01-23 19:05:40,salida
2023-01-23 19:38:24,salida
2023-01-23 19:33:10,salida
2023-01-23 19:45:36,salida
2023-01-23 20:38:23,salida
2023-01-23 20:37:23,salida
2023-01-23 20:32:16,salida
2023-01-23 20:56:43,salida
2023-01-23 20:35:34,salida
2023-01-23 20:05:57,salida
2023-01-23 20:59:15,salida
2023-01-23 20:44:27,salida
2023-01-23 20:40:31,salida
2023-01-23 20:25:10,salida
2023-01-23 20:51:24,salida
2023-01-23 20:30:20,salida
2023-01-23 20:44:54,salida
2023-01-23 20:50:02,salida
2023-01-23 20:11:50,salida
2023-01-23 20:39:45,salida
2023-01-23 20:53:40,salida
2023-01-23 20:24:55,salida
2023-01-23 20:16:37,salida
2023-01-23 20:35:35,salida
2023-01-23 20:18:43,salida
2023-01-23 21:42:16,salida
2023-01-23 21:17:13,salida
2023-01-23 21:16:14,salida
2023-01-23 21:11:58,salida
2023-01-23 21:15:31,salida
2023-01-23 21:22:37,salida
2023-01-23 21:33:33,salida
2023-01-23 21:15:33,salida
2023-01-23 21:39:06,salida
2023-01-23 21:32:03,salida
2023-01-23 21:42:51,salida
2023-01-23 21:06:17,salida
2023-01-23 21:03:48,salida
2023-01-23 21:10:42,salida
2023-01-23 21:19:10,salida
2023-01-23 21:14:45,salida
2023-01-23 21:16:33,salida
2023-01-23 21:49:47,salida
2023-01-23 21:11:41,salida
2023-01-23 21:27:47,salida
2023-01-23 21:34:07,salida
2023-01-23 21:26:21,salida
2023-01-23 21:53:56,salida
2023-01-23 21:23:01,salida
2023-01-23 21:30:21,salida
2023-01-23 21:00:13,salida
2023-01-23 21:24:35,salida
2023-01-23 21:35:40,salida
2023-01-24 10:24:10,salida
2023-01-24 10:49:47,salida
2023-01-24 10:41:11,salida
2023-01-24 10:12:08,salida
2023-01-24 10:58:52,salida
2023-01-24 10:44:37,salida
2023-01-24 10:05:42,salida
2023-01-24 10:50:58,salida
2023-01-24 10:42:09,salida
2023-01-24 10:22:14,salida
2023-01-24 10:44:22,salida
2023-01-24 10:39:36,salida
2023-01-24 10:33:15,salida
2023-01-24 10:44:50,salida
2023-01-24 10:40:46,salida
2023-01-24 10:31:37,salida
2023-01-24 10:39:55,salida
2023-01-24 10:45:04,salida
2023-01-24 10:16:21,salida
2023-01-24 10:38:40,salida
2023-01-24 10:47:17,salida
2023-01-24 10:27:12,salida
2023-01-24 11:35:45,salida
2023-01-24 11:59:08,salida
2023-01-24 11:44:59,salida
2023-01-24 11:27:47,salida
2023-01-24 11:32:02,salida
2023-01-24 11:50:07,salida
2023-01-24 11:49:05,salida
2023-01-24 11:58:51,salida
2023-01-24 11:57:05,salida
2023-01-24 11:28:36,salida
2023-01-24 11:11:08,salida
2023-01-24 11:40:48,salida
2023-01-24 11:18:16,salida
2023-01-24 11:53:47,salida
2023-01-24 11:43:31,salida
2023-01-24 11:34:13,salida
2023-01-24 11:48:53,salida
2023-01-24 11:15:20,salida
2023-01-24 11:11:59,salida
2023-01-24 11:23:33,salida
2023-01-24 11:07:43,salida
2023-01-24 11:20:47,salida
2023-01-24 12:22:38,salida
2023-01-24 12:47:43,salida
2023-01-24 12:46:14,salida
2023-01-24 12:42:01,salida
2023-01-24 12:34:50,salida
2023-01-24 12:19:27,salida
2023-01-24 12:56:57,salida
2023-01-24 12:14:15,salida
2023-01-24 12:32:46,salida
2023-01-24 12:11:38,salida
2023-01-24 12:38:42,salida
2023-01-24 12:19:28,salida
2023-01-24 12:42:48,salida
2023-01-24 12:02:47,salida
2023-01-24 12:04:59,salida
2023-01-24 12:01:22,salida
2023-01-24 12:25:25,salida
2023-01-24 12:06:59,salida
2023-01-24 12:09:04,salida
2023-01-24 12:46:11,salida
2023-01-24 12:31:41,salida
2023-01-24 12:30:21,salida
2023-01-24 12:16:19,salida
2023-01-24 12:19:42,salida
2023-01-24 12:07:46,salida
2023-01-24 12:33:48,salida
2023-01-24 12:22:37,salida
2023-01-24 12:52:27,salida
2023-01-24 12:12:28,salida
2023-01-24 13:57:42,salida
2023-01-24 13:01:20,salida
2023-01-24 13:33:26,salida
2023-01-24 13:36:06,salida
2023-01-24 13:21:03,salida
2023-01-24 13:13:33,salida
2023-01-24 13:22:43,salida
2023-01-24 13:41:24,salida
2023-01-24 13:00:50,salida
2023-01-24 13:54:47,salida
2023-01-24 13:14:31,salida
2023-01-24 13:13:40,salida
2023-01-24 13:20:54,salida
2023-01-24 13:46:57,salida
2023-01-24 13:06:35,salida
2023-01-24 13:20:49,salida
2023-01-24 13:39:11,salida
2023-01-24 14:09:22,salida
2023-01-24 14:47:51,salida
2023-01-24 14:49:14,salida
2023-01-24 14:54:42,salida
2023-01-24 14:49:05,salida
2023-01-24 14:32:54,salida
2023-01-24 14:38:11,salida
2023-01-24 14:51:35,salida
2023-01-24 14:30:09,salida
2023-01-24 14:52:33,salida
2023-01-24 14:40:09,salida
2023-01-24 14:51:10,salida
2023-01-24 14:56:13,salida
2023-01-24 14:02:56,salida
2023-01-24 14:32:06,salida
2023-01-24 14:03:38,salida
2023-01-24 14:47:09,salida
2023-01-24 14:14:15,salida
2023-01-24 14:37:03,salida
2023-01-24 14:03:55,salida
2023-01-24 14:54:35,salida
2023-01-24 14:26:21,salida
2023-01-24 14:21:16,salida
2023-01-24 14:44:33,salida
2023-01-24 14:31:51,salida
2023-01-24 14:05:53,salida
2023-01-24 14:32:07,salida
2023-01-24 14:49:52,salida
2023-01-24 14:35:04,salida
2023-01-24 14:04:46,salida
2023-01-24 15:32:56,salida
2023-01-24 15:34:28,salida
2023-01-24 15:51:11,salida
2023-01-24 15:04:11,salida
2023-01-24 15:28:34,salida
2023-01-24 15:19:36,salida
2023-01-24 15:59:00,salida
2023-01-24 15:15:29,salida
2023-01-24 15:08:41,salida
2023-01-24 15:09:12,salida
2023-01-24 15:47:19,salida
2023-01-24 15:28:56,salida
2023-01-24 15:03:45,salida
2023-01-24 15:48:27,salida
2023-01-24 15:36:12,salida
2023-01-24 15:56:02,salida
2023-01-24 15:36:47,salida
2023-01-24 15:18:27,salida
2023-01-24 15:18:16,salida
2023-01-24 15:17:17,salida
2023-01-24 15:56:22,salida
2023-01-24 15:39:49,salida
2023-01-24 15:08:28,salida
2023-01-24 15:50:41,salida
2023-01-24 15:28:01,salida
2023-01-24 15:59:16,salida
2023-01-24 15:56:55,salida
2023-01-24 15:44:30,salida
2023-01-24 16:39:59,salida
2023-01-24 16:05:31,salida
2023-01-24 16:15:27,salida
2023-01-24 16:15:26,salida
2023-01-24 16:52:02,salida
2023-01-24 16:48:20,salida
2023-01-24 16:37:37,salida
2023-01-24 16:29:21,salida
2023-01-24 16:18:30,salida
2023-01-24 16:19:46,salida
2023-01-24 16:18:01,salida
2023-01-24 16:39:38,salida
2023-01-24 16:26:07,salida
2023-01-24 16:44:53,salida
2023-01-24 16:26:14,salida
2023-01-24 16:11:46,salida
2023-01-24 16:13:06,salida
2023-01-24 16:16:25,salida
2023-01-24 16:36:19,salida
2023-01-24 16:09:18,salida
2023-01-24 16:17:29,salida
2023-01-24 16:29:24,salida
2023-01-24 17:49:49,salida
2023-01-24 17:12:59,salida
2023-01-24 17:17:16,salida
2023-01-24 17:44:27,salida
2023-01-24 17:11:34,salida
2023-01-24 17:21:38,salida
2023-01-24 17:00:36,salida
2023-01-24 17:20:00,salida
2023-01-24 17:03:31,salida
2023-01-24 17:57:00,salida
2023-01-24 17:12:45,salida
2023-01-24 17:46:16,salida
2023-01-24 17:11:06,salida
2023-01-24 17:54:50,salida
2023-01-24 17:54:02,salida
2023-01-24 17:49:25,salida
2023-01-24 17:30:35,salida
2023-01-24 17:25:02,salida
2023-01-24 17:43:54,salida
2023-01-24 17:27:43,salida
2023-01-24 17:16:37,salida
2023-01-24 17:46:29,salida
2023-01-24 17:01:07,salida
2023-01-24 18:46:02,salida
2023-01-24 18:38:38,salida
2023-01-24 18:16:21,salida
2023-01-24 18:51:26,salida
2023-01-24 18:55:15,salida
2023-01-24 18:15:39,salida
2023-01-24 18:02:51,salida
2023-01-24 18:46:32,salida
2023-01-24 18:41:01,salida
2023-01-24 18:38:45,salida
2023-01-24 18:47:26,salida
2023-01-24 18:59:14,salida
2023-01-24 18:06:44,salida
2023-01-24 18:56:41,salida
2023-01-24 18:08:40,salida
2023-01-24 18:05:55,salida
2023-01-24 18:56:11,salida
2023-01-24 18:29:54,salida
2023-01-24 18:19:19,salida
2023-01-24 18:53:45,salida
2023-01-24 18:26:19,salida
2023-01-24 18:58:06,salida
2023-01-24 18:39:39,salida
2023-01-24 18:29:07,salida
2023-01-24 18:01:13,salida
2023-01-24 18:09:49,salida
2023-01-24 18:17:17,salida
2023-01-24 19:36:00,salida
2023-01-24 19:50:41,salida
2023-01-24 19:24:45,salida
2023-01-24 19:56:20,salida
2023-01-24 19:34:37,salida
2023-01-24 19:04:48,salida
2023-01-24 19:49:11,salida
2023-01-24 19:04:08,salida
2023-01-24 19:43:51,salida
2023-01-24 19:08:34,salida
2023-01-24 19:00:53,salida
2023-01-24 19:46:09,salida
2023-01-24 19:45:38,salida
2023-01-24 19:35:57,salida
2023-01-24 19:36:51,salida
2023-01-24 19:47:34,salida
2023-01-24 19:16:12,salida
2023-01-24 19:05:57,salida
2023-01-24 19:36:47,salida
2023-01-24 19:31:10,salida
2023-01-24 19:16:04,salida
2023-01-24 19:05:09,salida
2023-01-24 19:52:32,salida
2023-01-24 19:29:20,salida
2023-01-24 19:41:16,salida
2023-01-24 19:26:02,salida
2023-01-24 19:59:28,salida
2023-01-24 20:33:31,salida
2023-01-24 20:50:23,salida
2023-01-24 20:41:24,salida
2023-01-24 20:02:24,salida
2023-01-24 20:27:11,salida
2023-01-24 20:25:47,salida
2023-01-24 20:43:07,salida
2023-01-24 20:04:10,salida
2023-01-24 20:41:34,salida
2023-01-24 20:26:54,salida
2023-01-24 20:40:43,salida
2023-01-24 20:37:18,salida
2023-01-24 20:47:52,salida
2023-01-24 20:54:55,salida
2023-01-24 20:31:45,salida
2023-01-24 20:27:35,salida
2023-01-24 20:17:09,salida
2023-01-24 20:31:17,salida
2023-01-24 20:11:50,salida
2023-01-24 20:07:32,salida
2023-01-24 21:39:06,salida
2023-01-24 21:10:20,salida
2023-01-24 21:37:46,salida
2023-01-24 21:18:45,salida
2023-01-24 21:14:05,salida
2023-01-24 21:55:09,salida
2023-01-24 21:45:15,salida
2023-01-24 21:44:10,salida
2023-01-24 21:56:34,salida
2023-01-24 21:07:27,salida
2023-01-24 21:02:01,salida
2023-01-24 21:52:13,salida
2023-01-24 21:51:28,salida
2023-01-24 21:52:53,salida
2023-01-24 21:46:02,salida
2023-01-24 21:00:14,salida
2023-01-24 21:19:21,salida
2023-01-24 21:33:49,salida
2023-01-24 21:32:08,salida
2023-01-24 21:02:01,salida
2023-01-24 21:03:15,salida
2023-01-24 21:53:32,salida
2023-01-24 21:08:56,salida
2023-01-24 21:39:37,salida
2023-01-24 21:51:17,salida
2023-01-25 10:10:33,salida
2023-01-25 10:26:20,salida
2023-01-25 10:30:49,salida
2023-01-25 10:56:03,salida
2023-01-25 10:40:58,salida
2023-01-25 10:59:48,salida
2023-01-25 10:16:48,salida
2023-01-25 10:47:19,salida
2023-01-25 10:24:39,salida
2023-01-25 10:22:14,salida
2023-01-25 10:32:18,salida
2023-01-25 10:56:14,salida
2023-01-25 10:40:04,salida
2023-01-25 10:15:59,salida
2023-01-25 10:44:47,salida
2023-01-25 10:31:21,salida
2023-01-25 10:42:31,salida
2023-01-25 10:12:37,salida
2023-01-25 10:25:51,salida
2023-01-25 10:16:04,salida
2023-01-25 10:48:32,salida
2023-01-25 11:26:24,salida
2023-01-25 11:21:47,salida
2023-01-25 11:12:16,salida
2023-01-25 11:40:43,salida
2023-01-25 11:12:25,salida
2023-01-25 11:08:04,salida
2023-01-25 11:38:32,salida
2023-01-25 11:03:27,salida
2023-01-25 11:25:03,salida
2023-01-25 11:15:36,salida
2023-01-25 11:21:35,salida
2023-01-25 11:37:57,salida
2023-01-25 11:54:34,salida
2023-01-25 11:24:07,salida
2023-01-25 11:16:17,salida
2023-01-25 11:49:57,salida
2023-01-25 11:56:11,salida
2023-01-25 11:56:56,salida
2023-01-25 11:32:22,salida
2023-01-25 11:11:10,salida
2023-01-25 11:12:34,salida
2023-01-25 11:26:24,salida
2023-01-25 11:39:02,salida
2023-01-25 12:37:17,salida
2023-01-25 12:32:32,salida
2023-01-25 12:31:57,salida
2023-01-25 12:24:13,salida
2023-01-25 12:37:37,salida
2023-01-25 12:03:43,salida
2023-01-25 12:17:09,salida
2023-01-25 12:34:34,salida
2023-01-25 12:39:53,salida
2023-01-25 12:22:24,salida
2023-01-25 12:00:17,salida
2023-01-25 12:14:24,salida
2023-01-25 12:31:52,salida
2023-01-25 12:19:16,salida
2023-01-25 12:56:10,salida
2023-01-25 12:12:24,salida
2023-01-25 12:19:24,salida
2023-01-25 12:41:44,salida
2023-01-25 12:48:30,salida
2023-01-25 12:52:00,salida
2023-01-25 12:51:15,salida
2023-01-25 12:47:27,salida
2023-01-25 12:20:29,salida
2023-01-25 13:06:14,salida
2023-01-25 13:24:02,salida
2023-01-25 13:29:57,salida
2023-01-25 13:13:51,salida
2023-01-25 13:03:35,salida
2023-01-25 13:02:04,salida
2023-01-25 13:24:30,salida
2023-01-25 13:10:07,salida
2023-01-25 13:25:01,salida
2023-01-25 13:27:47,salida
2023-01-25 13:56:59,salida
2023-01-25 13:09:49,salida
2023-01-25 13:38:36,salida
2023-01-25 13:38:20,salida
2023-01-25 13:27:37,salida
2023-01-25 13:55:32,salida
2023-01-25 13:10:44,salida
2023-01-25 13:43:00,salida
2023-01-25 13:52:46,salida
2023-01-25 14:30:45,salida
2023-01-25 14:26:44,salida
2023-01-25 14:20:36,salida
2023-01-25 14:08:34,salida
2023-01-25 14:41:46,salida
2023-01-25 14:51:20,salida
2023-01-25 14:16:54,salida
2023-01-25 14:23:30,salida
2023-01-25 14:05:56,salida
2023-01-25 14:34:49,salida
2023-01-25 14:36:12,salida
2023-01-25 14:24:31,salida
2023-01-25 14:58:00,salida
2023-01-25 14:48:57,salida
2023-01-25 14:34:57,salida
2023-01-25 14:18:52,salida
2023-01-25 14:51:53,salida
2023-01-25 14:11:39,salida
2023-01-25 14:39:46,salida
2023-01-25 14:42:19,salida
2023-01-25 14:32:28,salida
2023-01-25 14:15:13,salida
2023-01-25 14:06:05,salida
2023-01-25 14:20:35,salida
2023-01-25 14:21:39,salida
2023-01-25 14:53:18,salida
2023-01-25 15:16:38,salida
2023-01-25 15:33:11,salida
2023-01-25 15:04:47,salida
2023-01-25 15:39:54,salida
2023-01-25 15:26:59,salida
2023-01-25 15:39:12,salida
2023-01-25 15:25:13,salida
2023-01-25 15:31:10,salida
2023-01-25 15:37:15,salida
2023-01-25 15:54:56,salida
2023-01-25 15:21:56,salida
2023-01-25 15:46:15,salida
2023-01-25 15:12:11,salida
2023-01-25 15:17:28,salida
2023-01-25 15:17:45,salida
2023-01-25 15:01:53,salida
2023-01-25 15:01:02,salida
2023-01-25 16:41:22,salida
2023-01-25 16:29:08,salida
2023-01-25 16:27:23,salida
2023-01-25 16:58:27,salida
2023-01-25 16:23:14,salida
2023-01-25 16:38:49,salida
2023-01-25 16:32:46,salida
2023-01-25 16:33:21,salida
2023-01-25 16:28:33,salida
2023-01-25 16:41:51,salida
2023-01-25 16:46:09,salida
2023-01-25 16:50:53,salida
2023-01-25 16:59:59,salida
2023-01-25 16:44:29,salida
2023-01-25 16:55:10,salida
2023-01-25 16:53:33,salida
2023-01-25 16:20:58,salida
2023-01-25 16:12:53,salida
2023-01-25 16:24:53,salida
2023-01-25 16:57:20,salida
2023-01-25 16:00:57,salida
2023-01-25 16:04:52,salida
2023-01-25 16:21:06,salida
2023-01-25 17:45:48,salida
2023-01-25 17:22:16,salida
2023-01-25 17:12:26,salida
2023-01-25 17:00:01,salida
2023-01-25 17:17:35,salida
2023-01-25 17:44:32,salida
2023-01-25 17:35:01,salida
2023-01-25 17:03:15,salida
2023-01-25 17:03:56,salida
2023-01-25 17:08:48,salida
2023-01-25 17:20:22,salida
2023-01-25 17:51:59,salida
2023-01-25 17:52:01,salida
2023-01-25 17:02:22,salida
2023-01-25 17:25:46,salida
2023-01-25 17:06:35,salida
2023-01-25 17:43:32,salida
2023-01-25 17:48:35,salida
2023-01-25 17:03:53,salida
2023-01-25 17:22:24,salida
2023-01-25 17:40:25,salida
2023-01-25 17:27:27,salida
2023-01-25 17:20:09,salida
2023-01-25 18:31:33,salida
2023-01-25 18:11:23,salida
2023-01-25 18:39:20,salida
2023-01-25 18:28:50,salida
2023-01-25 18:56:59,salida
2023-01-25 18:22:32,salida
2023-01-25 18:07:41,salida
2023-01-25 18:12:04,salida
2023-01-25 18:53:40,salida
2023-01-25 18:09:13,salida
2023-01-25 18:23:10,salida
2023-01-25 18:45:02,salida
2023-01-25 18:28:52,salida
2023-01-25 18:47:51,salida
2023-01-25 18:29:48,salida
2023-01-25 18:36:57,salida
2023-01-25 19:19:43,salida
2023-01-25 19:19:53,salida
2023-01-25 19:54:20,salida
2023-01-25 19:09:29,salida
2023-01-25 19:23:47,salida
2023-01-25 19:54:39,salida
2023-01-25 19:51:39,salida
2023-01-25 19:37:02,salida
2023-01-25 19:28:07,salida
2023-01-25 19:28:54,salida
2023-01-25 19:09:04,salida
2023-01-25 19:10:03,salida
2023-01-25 19:48:57,salida
2023-01-25 19:34:49,salida
2023-01-25 19:39:55,salida
2023-01-25 19:11:20,salida
2023-01-25 19:15:13,salida
2023-01-25 19:20:47,salida
2023-01-25 20:59:17,salida
2023-01-25 20:19:04,salida
2023-01-25 20:17:59,salida
2023-01-25 20:39:00,salida
2023-01-25 20:18:22,salida
2023-01-25 20:25:48,salida
2023-01-25 20:28:58,salida
2023-01-25 20:33:18,salida
2023-01-25 20:47:17,salida
2023-01-25 20:01:59,salida
2023-01-25 20:26:05,salida
2023-01-25 20:38:05,salida
2023-01-25 20:58:05,salida
2023-01-25 20:30:40,salida
2023-01-25 20:39:29,salida
2023-01-25 20:55:53,salida
2023-01-25 20:20:40,salida
2023-01-25 20:43:17,salida
2023-01-25 21:28:44,salida
2023-01-25 21:45:38,salida
2023-01-25 21:04:13,salida
2023-01-25 21:17:03,salida
2023-01-25 21:32:38,salida
2023-01-25 21:19:12,salida
2023-01-25 21:35:44,salida
2023-01-25 21:03:34,salida
2023-01-25 21:07:51,salida
2023-01-25 21:39:56,salida
2023-01-25 21:48:46,salida
2023-01-25 21:35:05,salida
2023-01-25 21:55:21,salida
2023-01-25 21:59:05,salida
2023-01-25 21:41:35,salida
2023-01-25 21:08:15,salida
2023-01-25 21:38:45,salida
2023-01-25 21:58:37,salida
2023-01-25 21:32:17,salida
2023-01-25 21:11:53,salida
2023-01-25 21:26:46,salida
2023-01-25 21:00:14,salida
2023-01-25 21:46:26,salida
2023-01-25 21:15:20,salida
2023-01-26 10:06:59,salida
2023-01-26 10:20:37,salida
2023-01-26 10:42:48,salida
2023-01-26 10:50:27,salida
2023-01-26 10:56:43,salida
2023-01-26 10:20:20,salida
2023-01-26 10:23:26,salida
2023-01-26 10:26:12,salida
2023-01-26 10:49:28,salida
2023-01-26 10:38:56,salida
2023-01-26 10:54:27,salida
2023-01-26 10:36:28,salida
2023-01-26 10:47:21,salida
2023-01-26 10:35:29,salida
2023-01-26 10:27:22,salida
2023-01-26 10:32:03,salida
2023-01-26 10:02:31,salida
2023-01-26 11:45:58,salida
2023-01-26 11:01:37,salida
2023-01-26 11:32:02,salida
2023-01-26 11:35:12,salida
2023-01-26 11:34:14,salida
2023-01-26 11:44:21,salida
2023-01-26 11:42:03,salida
2023-01-26 11:16:04,salida
2023-01-26 11:20:56,salida
2023-01-26 11:23:30,salida
2023-01-26 11:39:52,salida
2023-01-26 11:55:29,salida
2023-01-26 11:41:06,salida
2023-01-26 11:48:59,salida
2023-01-26 11:06:26,salida
2023-01-26 11:23:18,salida
2023-01-26 11:40:55,salida
2023-01-26 11:33:21,salida
2023-01-26 11:51:50,salida
2023-01-26 11:26:05,salida
2023-01-26 11:09:44,salida
2023-01-26 11:30:24,salida
2023-01-26 11:01:09,salida
2023-01-26 11:09:25,salida
2023-01-26 11:04:21,salida
2023-01-26 11:03:54,salida
2023-01-26 11:33:06,salida
2023-01-26 11:49:16,salida
2023-01-26 11:10:52,salida
2023-01-26 11:49:07,salida
2023-01-26 12:42:43,salida
2023-01-26 12:21:34,salida
2023-01-26 12:32:26,salida
2023-01-26 12:39:25,salida
2023-01-26 12:18:44,salida
2023-01-26 12:38:44,salida
2023-01-26 12:25:05,salida
2023-01-26 12:02:05,salida
2023-01-26 12:27:02,salida
2023-01-26 12:12:12,salida
2023-01-26 12:56:12,salida
2023-01-26 12:00:39,salida
2023-01-26 12:36:30,salida
2023-01-26 12:51:16,salida
2023-01-26 12:08:44,salida
2023-01-26 12:56:12,salida
2023-01-26 12:36:13,salida
2023-01-26 13:30:15,salida
2023-01-26 13:16:43,salida
2023-01-26 13:26:50,salida
2023-01-26 13:23:19,salida
2023-01-26 13:31:34,salida
2023-01-26 13:12:47,salida
2023-01-26 13:42:19,salida
2023-01-26 13:58:47,salida
2023-01-26 13:51:01,salida
2023-01-26 13:03:26,salida
2023-01-26 13:59:24,salida
2023-01-26 13:03:59,salida
2023-01-26 13:31:16,salida
2023-01-26 13:00:32,salida
2023-01-26 13:29:04,salida
2023-01-26 13:53:11,salida
2023-01-26 13:37:31,salida
2023-01-26 13:37:56,salida
2023-01-26 13:16:57,salida
2023-01-26 13:53:44,salida
2023-01-26 13:39:31,salida
2023-01-26 13:23:11,salida
2023-01-26 13:46:30,salida
2023-01-26 14:07:18,salida
2023-01-26 14:52:47,salida
2023-01-26 14:58:20,salida
2023-01-26 14:17:08,salida
2023-01-26 14:03:40,salida
2023-01-26 14:24:33,salida
2023-01-26 14:08:08,salida
2023-01-26 14:17:10,salida
2023-01-26 14:12:37,salida
2023-01-26 14:08:15,salida
2023-01-26 14:03:33,salida
2023-01-26 14:06:14,salida
2023-01-26 14:56:37,salida
2023-01-26 14:10:31,salida
2023-01-26 14:26:29,salida
2023-01-26 14:51:16,salida
2023-01-26 14:35:18,salida
2023-01-26 14:06:42,salida
2023-01-26 14:44:58,salida
2023-01-26 14:57:20,salida
2023-01-26 14:27:02,salida
2023-01-26 14:13:01,salida
2023-01-26 14:28:17,salida
2023-01-26 15:27:44,salida
2023-01-26 15:40:29,salida
2023-01-26 15:32:32,salida
2023-01-26 15:46:53,salida
2023-01-26 15:35:26,salida
2023-01-26 15:19:32,salida
2023-01-26 15:24:43,salida
2023-01-26 15:42:18,salida
2023-01-26 15:46:20,salida
2023-01-26 15:41:32,salida
2023-01-26 15:55:02,salida
2023-01-26 15:13:14,salida
2023-01-26 15:32:41,salida
2023-01-26 15:21:00,salida
2023-01-26 15:30:46,salida
2023-01-26 15:34:52,salida
2023-01-26 15:19:31,salida
2023-01-26 16:23:28,salida
2023-01-26 16:45:27,salida
2023-01-26 16:44:46,salida
2023-01-26 16:21:27,salida
2023-01-26 16:52:24,salida
2023-01-26 16:40:02,salida
2023-01-26 16:56:12,salida
2023-01-26 16:30:12,salida
2023-01-26 16:40:17,salida
2023-01-26 16:36:42,salida
2023-01-26 16:33:16,salida
2023-01-26 16:54:51,salida
2023-01-26 16:20:35,salida
2023-01-26 16:53:58,salida
2023-01-26 16:49:55,salida
2023-01-26 16:51:39,salida
2023-01-26 16:18:11,salida
2023-01-26 16:27:10,salida
2023-01-26 16:47:36,salida
2023-01-26 16:27:34,salida
2023-01-26 16:43:14,salida
2023-01-26 16:15:44,salida
2023-01-26 17:29:45,salida
2023-01-26 17:25:50,salida
2023-01-26 17:44:13,salida
2023-01-26 17:02:35,salida
2023-01-26 17:25:13,salida
2023-01-26 17:30:13,salida
2023-01-26 17:57:39,salida
2023-01-26 17:09:08,salida
2023-01-26 17:45:39,salida
2023-01-26 17:42:41,salida
2023-01-26 17:17:35,salida
2023-01-26 17:35:11,salida
2023-01-26 17:49:39,salida
2023-01-26 17:02:17,salida
2023-01-26 17:06:30,salida
2023-01-26 17:00:30,salida
2023-01-26 17:53:12,salida
2023-01-26 17:28:02,salida
2023-01-26 17:28:34,salida
2023-01-26 17:14:20,salida
2023-01-26 17:18:27,salida
2023-01-26 17:03:44,salida
2023-01-26 18:21:45,salida
2023-01-26 18:06:32,salida
2023-01-26 18:44:35,salida
2023-01-26 18:43:06,salida
2023-01-26 18:26:01,salida
2023-01-26 18:16:00,salida
2023-01-26 18:57:45,salida
2023-01-26 18:29:21,salida
2023-01-26 18:27:52,salida
2023-01-26 18:32:25,salida
2023-01-26 18:34:10,salida
2023-01-26 18:06:27,salida
2023-01-26 18:24:40,salida
2023-01-26 18:30:53,salida
2023-01-26 18:02:32,salida
2023-01-26 18:50:57,salida
2023-01-26 18:33:58,salida
2023-01-26 18:20:55,salida
2023-01-26 19:14:40,salida
2023-01-26 19:37:43,salida
2023-01-26 19:17:22,salida
2023-01-26 19:46:28,salida
2023-01-26 19:50:40,salida
2023-01-26 19:21:23,salida
2023-01-26 19:44:47,salida
2023-01-26 19:12:32,salida
2023-01-26 19:49:21,salida
2023-01-26 19:34:16,salida
2023-01-26 19:21:04,salida
2023-01-26 19:24:05,salida
2023-01-26 19:52:16,salida
2023-01-26 19:30:16,salida
2023-01-26 19:58:32,salida
2023-01-26 19:38:53,salida
2023-01-26 19:47:36,salida
2023-01-26 19:47:03,salida
2023-01-26 19:42:13,salida
2023-01-26 19:12:26,salida
2023-01-26 19:23:26,salida
2023-01-26 19:07:52,salida
2023-01-26 19:51:46,salida
2023-01-26 20:20:04,salida
2023-01-26 20:06:03,salida
2023-01-26 20:42:53,salida
2023-01-26 20:40:35,salida
2023-01-26 20:58:21,salida
2023-01-26 20:28:59,salida
2023-01-26 20:08:25,salida
2023-01-26 20:11:47,salida
2023-01-26 20:00:07,salida
2023-01-26 20:32:51,salida
2023-01-26 20:50:03,salida
2023-01-26 20:13:54,salida
2023-01-26 20:28:13,salida
2023-01-26 20:08:08,salida
2023-01-26 20:25:48,salida
2023-01-26 20:46:41,salida
2023-01-26 20:16:40,salida
2023-01-26 21:52:11,salida
2023-01-26 21:31:01,salida
2023-01-26 21:21:40,salida
2023-01-26 21:47:39,salida
2023-01-26 21:23:49,salida
2023-01-26 21:30:03,salida
2023-01-26 21:23:42,salida
2023-01-26 21:16:39,salida
2023-01-26 21:18:39,salida
2023-01-26 21:37:54,salida
2023-01-26 21:33:46,salida
2023-01-26 21:32:05,salida
2023-01-26 21:59:50,salida
2023-01-26 21:35:12,salida
2023-01-26 21:46:08,salida
2023-01-26 21:34:33,salida
2023-01-26 21:15:17,salida
2023-01-26 21:17:37,salida
2023-01-26 21:49:42,salida
2023-01-27 10:50:50,salida
2023-01-27 10:22:25,salida
2023-01-27 10:43:54,salida
2023-01-27 10:26:08,salida
2023-01-27 10:45:37,salida
2023-01-27 10:46:12,salida
2023-01-27 10:06:10,salida
2023-01-27 10:09:32,salida
2023-01-27 10:38:49,salida
2023-01-27 10:54:02,salida
2023-01-27 10:40:28,salida
2023-01-27 10:36:54,salida
2023-01-27 10:55:44,salida
2023-01-27 10:15:15,salida
2023-01-27 10:43:49,salida
2023-01-27 10:42:48,salida
2023-01-27 10:06:14,salida
2023-01-27 10:37:05,salida
2023-01-27 10:17:18,salida
2023-01-27 10:51:50,salida
2023-01-27 10:01:02,salida
2023-01-27 10:45:53,salida
2023-01-27 10:24:35,salida
2023-01-27 10:53:48,salida
2023-01-27 10:27:37,salida
2023-01-27 11:59:03,salida
2023-01-27 11:40:44,salida
2023-01-27 11:44:46,salida
2023-01-27 11:33:22,salida
2023-01-27 11:12:06,salida
2023-01-27 11:31:22,salida
2023-01-27 11:48:07,salida
2023-01-27 11:49:46,salida
2023-01-27 11:46:36,salida
2023-01-27 11:33:47,salida
2023-01-27 11:28:36,salida
2023-01-27 11:22:37,salida
2023-01-27 11:28:43,salida
2023-01-27 11:04:51,salida
2023-01-27 11:39:10,salida
2023-01-27 11:13:55,salida
2023-01-27 11:48:41,salida
2023-01-27 11:01:34,salida
2023-01-27 11:44:48,salida
2023-01-27 11:58:34,salida
2023-01-27 11:41:27,salida
2023-01-27 11:07:31,salida
2023-01-27 12:30:39,salida
2023-01-27 12:12:22,salida
2023-01-27 12:51:03,salida
2023-01-27 12:36:41,salida
2023-01-27 12:36:43,salida
2023-01-27 12:32:55,salida
2023-01-27 12:41:28,salida
2023-01-27 12:36:18,salida
2023-01-27 12:50:19,salida
2023-01-27 12:31:43,salida
2023-01-27 12:54:15,salida
2023-01-27 12:04:48,salida
2023-01-27 12:45:11,salida
2023-01-27 12:44:20,salida
2023-01-27 12:13:36,salida
2023-01-27 13:09:11,salida
2023-01-27 13:16:44,salida
2023-01-27 13:11:14,salida
2023-01-27 13:45:50,salida
2023-01-27 13:31:31,salida
2023-01-27 13:50:25,salida
2023-01-27 13:13:49,salida
2023-01-27 13:25:04,salida
2023-01-27 13:51:37,salida
2023-01-27 13:49:45,salida
2023-01-27 13:03:27,salida
2023-01-27 13:54:00,salida
2023-01-27 13:12:42,salida
2023-01-27 13:02:48,salida
2023-01-27 14:49:36,salida
2023-01-27 14:08:00,salida
2023-01-27 14:03:57,salida
2023-01-27 14:06:10,salida
2023-01-27 14:13:41,salida
2023-01-27 14:18:39,salida
2023-01-27 14:02:07,salida
2023-01-27 14:28:49,salida
2023-01-27 14:36:51,salida
2023-01-27 14:42:08,salida
2023-01-27 14:18:11,salida
2023-01-27 14:26:36,salida
2023-01-27 14:47:57,salida
2023-01-27 14:24:44,salida
2023-01-27 14:37:47,salida
2023-01-27 14:49:16,salida
2023-01-27 14:43:58,salida
2023-01-27 14:32:38,salida
2023-01-27 14:13:27,salida
2023-01-27 14:17:54,salida
2023-01-27 14:32:51,salida
2023-01-27 14:41:14,salida
2023-01-27 14:10:35,salida
2023-01-27 14:14:52,salida
2023-01-27 14:47:29,salida
2023-01-27 15:09:30,salida
2023-01-27 15:12:21,salida
2023-01-27 15:36:38,salida
2023-01-27 15:09:30,salida
2023-01-27 15:42:34,salida
2023-01-27 15:12:29,salida
2023-01-27 15:33:35,salida
2023-01-27 15:34:46,salida
2023-01-27 15:03:54,salida
2023-01-27 15:52:03,salida
2023-01-27 15:46:05,salida
2023-01-27 15:54:27,salida
2023-01-27 15:29:26,salida
2023-01-27 15:04:43,salida
2023-01-27 15:38:34,salida
2023-01-27 15:38:43,salida
2023-01-27 15:14:18,salida
2023-01-27 15:29:37,salida
2023-01-27 15:31:39,salida
2023-01-27 15:28:05,salida
2023-01-27 15:25:26,salida
2023-01-27 15:34:27,salida
2023-01-27 15:04:40,salida
2023-01-27 15:55:47,salida
2023-01-27 15:53:15,salida
2023-01-27 16:28:22,salida
2023-01-27 16:12:08,salida
2023-01-27 16:23:38,salida
2023-01-27 16:29:00,salida
2023-01-27 16:59:09,salida
2023-01-27 16:37:57,salida
2023-01-27 16:46:14,salida
2023-01-27 16:08:12,salida
2023-01-27 16:22:32,salida
2023-01-27 16:08:02,salida
2023-01-27 16:29:08,salida
2023-01-27 16:51:24,salida
2023-01-27 16:46:23,salida
2023-01-27 16:31:06,salida
2023-01-27 16:35:24,salida
2023-01-27 16:19:16,salida
2023-01-27 16:53:35,salida
2023-01-27 16:25:18,salida
2023-01-27 17:10:58,salida
2023-01-27 17:09:56,salida
2023-01-27 17:32:13,salida
2023-01-27 17:36:07,salida
2023-01-27 17:32:06,salida
2023-01-27 17:33:06,salida
2023-01-27 17:06:40,salida
2023-01-27 17:53:35,salida
2023-01-27 17:54:06,salida
2023-01-27 17:19:17,salida
2023-01-27 17:44:42,salida
2023-01-27 17:40:13,salida
2023-01-27 17:39:52,salida
2023-01-27 17:13:20,salida
2023-01-27 17:48:58,salida
2023-01-27 17:56:26,salida
2023-01-27 17:45:25,salida
2023-01-27 17:26:23,salida
2023-01-27 18:04:26,salida
2023-01-27 18:03:46,salida
2023-01-27 18:12:16,salida
2023-01-27 18:20:22,salida
2023-01-27 18:32:49,salida
2023-01-27 18:59:14,salida
2023-01-27 18:13:08,salida
2023-01-27 18:43:36,salida
2023-01-27 18:29:28,salida
2023-01-27 18:22:33,salida
2023-01-27 18:54:54,salida
2023-01-27 18:06:52,salida
2023-01-27 18:08:49,salida
2023-01-27 18:03:01,salida
2023-01-27 18:55:59,salida
2023-01-27 18:26:32,salida
2023-01-27 18:31:56,salida
2023-01-27 18:43:44,salida
2023-01-27 18:45:36,salida
2023-01-27 19:34:29,salida
2023-01-27 19:30:16,salida
2023-01-27 19:07:02,salida
2023-01-27 19:58:09,salida
2023-01-27 19:33:21,salida
2023-01-27 19:03:31,salida
2023-01-27 19:28:45,salida
2023-01-27 19:10:45,salida
2023-01-27 19:12:58,salida
2023-01-27 19:03:01,salida
2023-01-27 19:33:42,salida
2023-01-27 19:21:04,salida
2023-01-27 19:08:19,salida
2023-01-27 19:20:16,salida
2023-01-27 19:11:27,salida
2023-01-27 19:17:02,salida
2023-01-27 19:04:59,salida
2023-01-27 19:52:51,salida
2023-01-27 19:13:47,salida
2023-01-27 19:25:18,salida
2023-01-27 19:40:16,salida
2023-01-27 19:53:38,salida
2023-01-27 20:08:36,salida
2023-01-27 20:22:00,salida
2023-01-27 20:01:42,salida
2023-01-27 20:27:35,salida
2023-01-27 20:30:40,salida
2023-01-27 20:04:36,salida
2023-01-27 20:24:07,salida
2023-01-27 20:33:38,salida
2023-01-27 20:48:31,salida
2023-01-27 20:57:58,salida
2023-01-27 20:10:46,salida
2023-01-27 20:24:02,salida
2023-01-27 20:44:49,salida
2023-01-27 20:51:31,salida
2023-01-27 20:51:34,salida
2023-01-27 20:31:33,salida
2023-01-27 20:36:51,salida
2023-01-27 20:04:44,salida
2023-01-27 20:27:27,salida
2023-01-27 20:07:26,salida
2023-01-27 20:15:17,salida
2023-01-27 20:24:57,salida
2023-01-27 20:47:00,salida
2023-01-27 20:07:59,salida
2023-01-27 20:20:33,salida
2023-01-27 21:51:29,salida
2023-01-27 21:17:15,salida
2023-01-27 21:34:58,salida
2023-01-27 21:08:38,salida
2023-01-27 21:50:36,salida
2023-01-27 21:50:09,salida
2023-01-27 21:51:11,salida
2023-01-27 21:07:02,salida
2023-01-27 21:18:58,salida
2023-01-27 21:10:07,salida
2023-01-27 21:25:44,salida
2023-01-27 21:57:22,salida
2023-01-27 21:54:09,salida
2023-01-27 21:17:11,salida
2023-01-27 21:38:25,salida
2023-01-27 21:10:09,salida
2023-01-27 21:02:06,salida
2023-01-27 21:03:39,salida
2023-01-28 10:19:37,salida
2023-01-28 10:46:14,salida
2023-01-28 10:13:52,salida
2023-01-28 10:11:33,salida
2023-01-28 10:07:18,salida
2023-01-28 10:45:04,salida
2023-01-28 10:55:26,salida
2023-01-28 10:40:12,salida
2023-01-28 10:31:30,salida
2023-01-28 10:40:45,salida
2023-01-28 10:36:01,salida
2023-01-28 10:06:47,salida
2023-01-28 10:10:10,salida
2023-01-28 10:22:30,salida
2023-01-28 10:43:44,salida
2023-01-28 10:07:55,salida
2023-01-28 10:31:47,salida
2023-01-28 10:20:30,salida
2023-01-28 10:00:12,salida
2023-01-28 10:10:28,salida
2023-01-28 10:03:35,salida
2023-01-28 10:14:58,salida
2023-01-28 11:01:13,salida
2023-01-28 11:12:23,salida
2023-01-28 11:04:33,salida
2023-01-28 11:54:22,salida
2023-01-28 11:18:29,salida
2023-01-28 11:48:42,salida
2023-01-28 11:15:51,salida
2023-01-28 11:49:51,salida
2023-01-28 11:39:33,salida
2023-01-28 11:48:10,salida
2023-01-28 11:13:47,salida
2023-01-28 11:46:14,salida
2023-01-28 11:34:57,salida
2023-01-28 11:06:28,salida
2023-01-28 11:43:53,salida
2023-01-28 11:21:22,salida
2023-01-28 11:23:34,salida
2023-01-28 11:50:09,salida
2023-01-28 12:13:29,salida
2023-01-28 12:46:56,salida
2023-01-28 12:11:26,salida
2023-01-28 12:44:23,salida
2023-01-28 12:54:29,salida
2023-01-28 12:17:13,salida
2023-01-28 12:55:18,salida
2023-01-28 12:21:25,salida
2023-01-28 12:06:27,salida
2023-01-28 12:37:04,salida
2023-01-28 12:35:17,salida
2023-01-28 12:56:13,salida
2023-01-28 12:47:22,salida
2023-01-28 12:54:51,salida
2023-01-28 12:13:31,salida
2023-01-28 13:32:44,salida
2023-01-28 13:03:06,salida
2023-01-28 13:32:01,salida
2023-01-28 13:47:45,salida
2023-01-28 13:31:04,salida
2023-01-28 13:56:45,salida
2023-01-28 13:16:11,salida
2023-01-28 13:51:11,salida
2023-01-28 13:34:20,salida
2023-01-28 13:20:57,salida
2023-01-28 13:01:52,salida
2023-01-28 13:56:20,salida
2023-01-28 13:14:10,salida
2023-01-28 13:09:17,salida
2023-01-28 13:22:30,salida
2023-01-28 13:53:54,salida
2023-01-28 13:55:25,salida
2023-01-28 13:52:01,salida
2023-01-28 13:38:06,salida
2023-01-28 13:23:38,salida
2023-01-28 13:31:25,salida
2023-01-28 13:22:13,salida
2023-01-28 13:28:24,salida
2023-01-28 13:55:30,salida
2023-01-28 13:01:01,salida
2023-01-28 13:22:57,salida
2023-01-28 13:46:10,salida
2023-01-28 13:28:41,salida
2023-01-28 14:34:53,salida
2023-01-28 14:49:05,salida
2023-01-28 14:05:55,salida
2023-01-28 14:36:29,salida
2023-01-28 14:00:07,salida
2023-01-28 14:27:24,salida
2023-01-28 14:32:52,salida
2023-01-28 14:59:37,salida
2023-01-28 14:51:13,salida
2023-01-28 14:10:01,salida
2023-01-28 14:52:29,salida
2023-01-28 14:29:03,salida
2023-01-28 14:12:06,salida
2023-01-28 14:37:02,salida
2023-01-28 14:08:13,salida
2023-01-28 14:51:10,salida
2023-01-28 14:36:13,salida
2023-01-28 14:18:07,salida
2023-01-28 14:58:06,salida
2023-01-28 14:58:58,salida
2023-01-28 14:06:55,salida
2023-01-28 14:54:02,salida
2023-01-28 15:01:35,salida
2023-01-28 15:18:37,salida
2023-01-28 15:49:20,salida
2023-01-28 15:10:40,salida
2023-01-28 15:02:33,salida
2023-01-28 15:17:14,salida
2023-01-28 15:24:53,salida
2023-01-28 15:49:50,salida
2023-01-28 15:14:29,salida
2023-01-28 15:16:17,salida
2023-01-28 15:30:49,salida
2023-01-28 15:42:17,salida
2023-01-28 15:54:34,salida
2023-01-28 15:12:13,salida
2023-01-28 15:58:35,salida
2023-01-28 15:17:04,salida
2023-01-28 15:13:24,salida
2023-01-28 15:43:56,salida
2023-01-28 15:38:11,salida
2023-01-28 16:51:03,salida
2023-01-28 16:56:15,salida
2023-01-28 16:46:36,salida
2023-01-28 16:26:04,salida
2023-01-28 16:14:22,salida
2023-01-28 16:48:02,salida
2023-01-28 16:17:42,salida
2023-01-28 16:25:05,salida
2023-01-28 16:58:43,salida
2023-01-28 16:53:57,salida
2023-01-28 16:16:45,salida
2023-01-28 16:37:41,salida
2023-01-28 16:47:49,salida
2023-01-28 16:26:19,salida
2023-01-28 16:05:50,salida
2023-01-28 16:34:11,salida
2023-01-28 17:14:52,salida
2023-01-28 17:26:48,salida
2023-01-28 17:50:35,salida
2023-01-28 17:15:25,salida
2023-01-28 17:44:43,salida
2023-01-28 17:03:11,salida
2023-01-28 17:16:57,salida
2023-01-28 17:40:43,salida
2023-01-28 17:25:30,salida
2023-01-28 17:14:51,salida
2023-01-28 17:33:28,salida
2023-01-28 17:08:13,salida
2023-01-28 17:35:03,salida
2023-01-28 17:58:37,salida
2023-01-28 17:55:36,salida
2023-01-28 17:59:23,salida
2023-01-28 17:16:12,salida
2023-01-28 17:19:16,salida
2023-01-28 17:50:26,salida
2023-01-28 17:54:32,salida
2023-01-28 18:23:37,salida
2023-01-28 18:01:40,salida
2023-01-28 18:40:18,salida
2023-01-28 18:40:01,salida
2023-01-28 18:27:31,salida
2023-01-28 18:18:15,salida
2023-01-28 18:29:21,salida
2023-01-28 18:13:51,salida
2023-01-28 18:55:00,salida
2023-01-28 18:44:53,salida
2023-01-28 18:01:21,salida
2023-01-28 18:45:32,salida
2023-01-28 18:14:49,salida
2023-01-28 18:40:21,salida
2023-01-28 18:39:38,salida
2023-01-28 18:40:40,salida
2023-01-28 18:10:03,salida
2023-01-28 18:06:20,salida
2023-01-28 18:06:03,salida
2023-01-28 18:11:57,salida
2023-01-28 18:26:58,salida
2023-01-28 18:16:19,salida
2023-01-28 19:46:54,salida
2023-01-28 19:03:11,salida
2023-01-28 19:41:33,salida
2023-01-28 19:03:19,salida
2023-01-28 19:27:27,salida
2023-01-28 19:05:13,salida
2023-01-28 19:54:34,salida
2023-01-28 19:46:57,salida
2023-01-28 19:00:18,salida
2023-01-28 19:56:00,salida
2023-01-28 19:12:07,salida
2023-01-28 19:17:53,salida
2023-01-28 19:34:22,salida
2023-01-28 19:49:51,salida
2023-01-28 19:25:40,salida
2023-01-28 19:37:19,salida
2023-01-28 19:01:25,salida
2023-01-28 19:56:35,salida
2023-01-28 19:24:29,salida
2023-01-28 20:34:51,salida
2023-01-28 20:13:47,salida
2023-01-28 20:17:09,salida
2023-01-28 20:54:14,salida
2023-01-28 20:41:32,salida
2023-01-28 20:18:33,salida
2023-01-28 20:44:24,salida
2023-01-28 20:15:07,salida
2023-01-28 20:34:20,salida
2023-01-28 20:18:45,salida
2023-01-28 20:10:43,salida
2023-01-28 20:10:59,salida
2023-01-28 20:10:21,salida
2023-01-28 20:20:26,salida
2023-01-28 20:17:41,salida
2023-01-28 20:47:39,salida
2023-01-28 20:37:29,salida
2023-01-28 20:50:44,salida
2023-01-28 20:46:44,salida
2023-01-28 20:32:20,salida
2023-01-28 20:59:58,salida
2023-01-28 20:01:12,salida
2023-01-28 20:01:56,salida
2023-01-28 20:42:44,salida
2023-01-28 21:51:33,salida
2023-01-28 21:38:50,salida
2023-01-28 21:06:41,salida
2023-01-28 21:43:54,salida
2023-01-28 21:26:49,salida
2023-01-28 21:22:37,salida
2023-01-28 21:57:19,salida
2023-01-28 21:26:52,salida
2023-01-28 21:59:07,salida
2023-01-28 21:36:02,salida
2023-01-28 21:01:21,salida
2023-01-28 21:05:38,salida
2023-01-28 21:39:35,salida
2023-01-28 21:43:23,salida
2023-01-28 21:11:16,salida
2023-01-28 21:21:53,salida
2023-01-28 21:18:08,salida
2023-01-29 10:45:56,salida
2023-01-29 10:50:41,salida
2023-01-29 10:04:22,salida
2023-01-29 10:35:06,salida
2023-01-29 10:55:12,salida
2023-01-29 10:41:09,salida
2023-01-29 10:35:15,salida
2023-01-29 10:14:52,salida
2023-01-29 10:42:18,salida
2023-01-29 10:20:55,salida
2023-01-29 10:34:14,salida
2023-01-29 10:47:13,salida
2023-01-29 10:28:04,salida
2023-01-29 10:57:48,salida
2023-01-29 10:17:50,salida
2023-01-29 10:00:26,salida
2023-01-29 10:59:26,salida
2023-01-29 10:24:40,salida
2023-01-29 10:20:13,salida
2023-01-29 10:51:52,salida
2023-01-29 11:12:58,salida
2023-01-29 11:31:35,salida
2023-01-29 11:08:45,salida
2023-01-29 11:45:48,salida
2023-01-29 11:36:30,salida
2023-01-29 11:30:58,salida
2023-01-29 11:54:18,salida
2023-01-29 11:01:44,salida
2023-01-29 11:31:42,salida
2023-01-29 11:33:00,salida
2023-01-29 11:20:02,salida
2023-01-29 11:26:43,salida
2023-01-29 11:06:32,salida
2023-01-29 11:08:29,salida
2023-01-29 11:17:55,salida
2023-01-29 11:25:19,salida
2023-01-29 11:37:40,salida
2023-01-29 11:54:30,salida
2023-01-29 12:35:05,salida
2023-01-29 12:16:17,salida
2023-01-29 12:30:05,salida
2023-01-29 12:33:43,salida
2023-01-29 12:43:26,salida
2023-01-29 12:35:47,salida
2023-01-29 12:51:41,salida
2023-01-29 12:24:09,salida
2023-01-29 12:38:45,salida
2023-01-29 12:38:11,salida
2023-01-29 12:10:48,salida
2023-01-29 12:42:52,salida
2023-01-29 12:02:50,salida
2023-01-29 12:21:03,salida
2023-01-29 12:07:13,salida
2023-01-29 12:19:23,salida
2023-01-29 12:13:27,salida
2023-01-29 12:15:31,salida
2023-01-29 12:46:11,salida
2023-01-29 13:17:35,salida
2023-01-29 13:23:00,salida
2023-01-29 13:00:45,salida
2023-01-29 13:35:10,salida
2023-01-29 13:17:15,salida
2023-01-29 13:16:23,salida
2023-01-29 13:33:03,salida
2023-01-29 13:34:14,salida
2023-01-29 13:01:55,salida
2023-01-29 13:50:30,salida
2023-01-29 13:08:09,salida
2023-01-29 13:52:24,salida
2023-01-29 13:50:59,salida
2023-01-29 13:04:13,salida
2023-01-29 13:41:47,salida
2023-01-29 13:37:56,salida
2023-01-29 13:39:01,salida
2023-01-29 13:17:28,salida
2023-01-29 13:52:52,salida
2023-01-29 13:52:19,salida
2023-01-29 13:07:58,salida
2023-01-29 13:36:48,salida
2023-01-29 13:47:25,salida
2023-01-29 13:36:48,salida
2023-01-29 13:03:32,salida
2023-01-29 13:21:05,salida
2023-01-29 13:32:27,salida
2023-01-29 13:23:03,salida
2023-01-29 13:01:12,salida
2023-01-29 13:45:48,salida
2023-01-29 13:10:34,salida
2023-01-29 13:38:09,salida
2023-01-29 13:42:09,salida
2023-01-29 13:07:04,salida
2023-01-29 14:41:15,salida
2023-01-29 14:45:56,salida
2023-01-29 14:01:30,salida
2023-01-29 14:59:56,salida
2023-01-29 14:50:42,salida
2023-01-29 14:18:59,salida
2023-01-29 14:10:13,salida
2023-01-29 14:46:24,salida
2023-01-29 14:06:14,salida
2023-01-29 14:29:58,salida
2023-01-29 14:30:23,salida
2023-01-29 14:54:24,salida
2023-01-29 14:07:29,salida
2023-01-29 14:35:49,salida
2023-01-29 14:13:28,salida
2023-01-29 15:19:56,salida
2023-01-29 15:13:09,salida
2023-01-29 15:40:22,salida
2023-01-29 15:29:46,salida
2023-01-29 15:57:30,salida
2023-01-29 15:51:55,salida
2023-01-29 15:09:18,salida
2023-01-29 15:18:43,salida
2023-01-29 15:22:58,salida
2023-01-29 15:43:40,salida
2023-01-29 15:58:31,salida
2023-01-29 15:19:03,salida
2023-01-29 15:32:47,salida
2023-01-29 15:00:12,salida
2023-01-29 15:02:11,salida
2023-01-29 15:28:54,salida
2023-01-29 15:30:40,salida
2023-01-29 16:34:23,salida
2023-01-29 16:47:52,salida
2023-01-29 16:50:53,salida
2023-01-29 16:37:13,salida
2023-01-29 16:36:36,salida
2023-01-29 16:05:17,salida
2023-01-29 16:21:17,salida
2023-01-29 16:50:01,salida
2023-01-29 16:31:16,salida
2023-01-29 16:59:00,salida
2023-01-29 16:08:12,salida
2023-01-29 16:35:36,salida
2023-01-29 16:57:29,salida
2023-01-29 16:30:22,salida
2023-01-29 16:49:27,salida
2023-01-29 16:58:09,salida
2023-01-29 16:24:59,salida
2023-01-29 16:35:25,salida
2023-01-29 17:04:06,salida
2023-01-29 17:22:24,salida
2023-01-29 17:00:21,salida
2023-01-29 17:52:03,salida
2023-01-29 17:57:27,salida
2023-01-29 17:47:58,salida
2023-01-29 17:13:32,salida
2023-01-29 17:03:41,salida
2023-01-29 17:10:38,salida
2023-01-29 17:31:03,salida
2023-01-29 17:00:25,salida
2023-01-29 17:32:16,salida
2023-01-29 17:26:41,salida
2023-01-29 17:04:06,salida
2023-01-29 17:24:07,salida
2023-01-29 17:33:40,salida
2023-01-29 17:03:11,salida
2023-01-29 17:57:30,salida
2023-01-29 17:10:36,salida
2023-01-29 17:43:58,salida
2023-01-29 17:52:35,salida
2023-01-29 17:44:21,salida
2023-01-29 17:00:49,salida
2023-01-29 17:03:35,salida
2023-01-29 17:07:24,salida
2023-01-29 18:38:49,salida
2023-01-29 18:13:21,salida
2023-01-29 18:36:53,salida
2023-01-29 18:44:23,salida
2023-01-29 18:07:14,salida
2023-01-29 18:50:40,salida
2023-01-29 18:05:22,salida
2023-01-29 18:24:30,salida
2023-01-29 18:45:28,salida
2023-01-29 18:22:09,salida
2023-01-29 18:08:48,salida
2023-01-29 18:12:31,salida
2023-01-29 18:48:50,salida
2023-01-29 18:44:40,salida
2023-01-29 18:00:00,salida
2023-01-29 18:36:39,salida
2023-01-29 18:17:35,salida
2023-01-29 18:30:53,salida
2023-01-29 18:00:46,salida
2023-01-29 18:51:35,salida
2023-01-29 18:56:08,salida
2023-01-29 18:21:55,salida
2023-01-29 18:27:25,salida
2023-01-29 18:51:09,salida
2023-01-29 19:58:36,salida
2023-01-29 19:33:22,salida
2023-01-29 19:15:05,salida
2023-01-29 19:58:14,salida
2023-01-29 19:17:37,salida
2023-01-29 19:12:23,salida
2023-01-29 19:12:00,salida
2023-01-29 19:47:35,salida
2023-01-29 19:48:17,salida
2023-01-29 19:47:32,salida
2023-01-29 19:37:42,salida
2023-01-29 19:05:16,salida
2023-01-29 19:03:13,salida
2023-01-29 19:29:45,salida
2023-01-29 19:19:07,salida
2023-01-29 19:53:01,salida
2023-01-29 19:36:03,salida
2023-01-29 19:09:19,salida
2023-01-29 20:49:44,salida
2023-01-29 20:41:30,salida
2023-01-29 20:19:55,salida
2023-01-29 20:06:56,salida
2023-01-29 20:39:32,salida
2023-01-29 20:27:49,salida
2023-01-29 20:43:49,salida
2023-01-29 20:59:55,salida
2023-01-29 20:43:19,salida
2023-01-29 20:31:08,salida
2023-01-29 20:33:13,salida
2023-01-29 20:03:28,salida
2023-01-29 20:14:16,salida
2023-01-29 20:18:37,salida
2023-01-29 20:08:26,salida
2023-01-29 20:48:14,salida
2023-01-29 20:36:27,salida
2023-01-29 20:49:54,salida
2023-01-29 20:03:20,salida
2023-01-29 20:55:33,salida
2023-01-29 20:18:58,salida
2023-01-29 20:36:57,salida
2023-01-29 21:36:54,salida
2023-01-29 21:44:59,salida
2023-01-29 21:41:06,salida
2023-01-29 21:48:15,salida
2023-01-29 21:31:07,salida
2023-01-29 21:48:12,salida
2023-01-29 21:10:19,salida
2023-01-29 21:17:36,salida
2023-01-29 21:05:19,salida
2023-01-29 21:31:45,salida
2023-01-29 21:43:28,salida
2023-01-29 21:03:06,salida
2023-01-29 21:42:19,salida
2023-01-29 21:33:35,salida
2023-01-29 21:06:32,salida
2023-01-29 21:14:51,salida
2023-01-29 21:31:21,salida
2023-01-29 21:55:39,salida
2023-01-29 21:28:24,salida
2023-01-29 21:04:13,salida
2023-01-29 21:49:34,salida
2023-01-30 10:23:18,salida
2023-01-30 10:08:34,salida
2023-01-30 10:03:44,salida
2023-01-30 10:41:31,salida
2023-01-30 10:45:05,salida
2023-01-30 10:27:27,salida
2023-01-30 10:39:50,salida
2023-01-30 10:28:41,salida
2023-01-30 10:53:04,salida
2023-01-30 10:04:36,salida
2023-01-30 10:40:54,salida
2023-01-30 10:27:40,salida
2023-01-30 10:46:08,salida
2023-01-30 10:28:13,salida
2023-01-30 10:37:53,salida
2023-01-30 10:51:39,salida
2023-01-30 10:33:36,salida
2023-01-30 10:48:41,salida
2023-01-30 10:13:17,salida
2023-01-30 10:32:53,salida
2023-01-30 10:33:27,salida
2023-01-30 10:35:44,salida
2023-01-30 11:06:21,salida
2023-01-30 11:48:30,salida
2023-01-30 11:31:07,salida
2023-01-30 11:40:41,salida
2023-01-30 11:10:00,salida
2023-01-30 11:46:39,salida
2023-01-30 11:18:43,salida
2023-01-30 11:37:41,salida
2023-01-30 11:55:36,salida
2023-01-30 11:55:06,salida
2023-01-30 11:38:54,salida
2023-01-30 11:24:53,salida
2023-01-30 11:21:26,salida
2023-01-30 11:40:46,salida
2023-01-30 11:37:47,salida
2023-01-30 11:38:14,salida
2023-01-30 11:54:01,salida
2023-01-30 11:59:07,salida
2023-01-30 11:43:42,salida
2023-01-30 11:05:19,salida
2023-01-30 11:26:44,salida
2023-01-30 11:22:47,salida
2023-01-30 11:39:16,salida
2023-01-30 11:57:12,salida
2023-01-30 12:59:40,salida
2023-01-30 12:47:25,salida
2023-01-30 12:58:04,salida
2023-01-30 12:14:45,salida
2023-01-30 12:08:31,salida
2023-01-30 12:51:25,salida
2023-01-30 12:36:14,salida
2023-01-30 12:40:03,salida
2023-01-30 12:52:52,salida
2023-01-30 12:35:19,salida
2023-01-30 12:26:20,salida
2023-01-30 12:59:21,salida
2023-01-30 12:06:46,salida
2023-01-30 12:53:30,salida
2023-01-30 12:16:49,salida
2023-01-30 12:06:18,salida
2023-01-30 12:27:09,salida
2023-01-30 12:26:12,salida
2023-01-30 12:01:21,salida
2023-01-30 12:58:19,salida
2023-01-30 12:59:42,salida
2023-01-30 12:04:05,salida
2023-01-30 12:34:00,salida
2023-01-30 12:34:02,salida
2023-01-30 12:53:35,salida
2023-01-30 12:06:28,salida
2023-01-30 12:14:10,salida
2023-01-30 13:27:15,salida
2023-01-30 13:13:51,salida
2023-01-30 13:01:55,salida
2023-01-30 13:39:03,salida
2023-01-30 13:51:40,salida
2023-01-30 13:51:30,salida
2023-01-30 13:25:26,salida
2023-01-30 13:56:50,salida
2023-01-30 13:33:30,salida
2023-01-30 13:47:10,salida
2023-01-30 13:07:11,salida
2023-01-30 13:34:44,salida
2023-01-30 13:33:12,salida
2023-01-30 13:26:07,salida
2023-01-30 13:46:55,salida
2023-01-30 13:20:40,salida
2023-01-30 13:10:21,salida
2023-01-30 13:20:27,salida
2023-01-30 14:50:23,salida
2023-01-30 14:22:30,salida
2023-01-30 14:38:43,salida
2023-01-30 14:57:01,salida
2023-01-30 14:49:17,salida
2023-01-30 14:15:28,salida
2023-01-30 14:10:01,salida
2023-01-30 14:13:03,salida
2023-01-30 14:38:33,salida
2023-01-30 14:52:45,salida
2023-01-30 14:38:08,salida
2023-01-30 14:39:40,salida
2023-01-30 14:06:50,salida
2023-01-30 14:16:57,salida
2023-01-30 14:22:44,salida
2023-01-30 14:10:21,salida
2023-01-30 14:17:48,salida
2023-01-30 14:27:15,salida
2023-01-30 14:41:03,salida
2023-01-30 14:35:21,salida
2023-01-30 14:10:20,salida
2023-01-30 15:22:20,salida
2023-01-30 15:17:47,salida
2023-01-30 15:13:15,salida
2023-01-30 15:23:48,salida
2023-01-30 15:51:31,salida
2023-01-30 15:10:44,salida
2023-01-30 15:10:59,salida
2023-01-30 15:03:25,salida
2023-01-30 15:45:04,salida
2023-01-30 15:35:32,salida
2023-01-30 15:13:31,salida
2023-01-30 15:06:09,salida
2023-01-30 15:58:01,salida
2023-01-30 15:09:34,salida
2023-01-30 15:20:39,salida
2023-01-30 15:41:07,salida
2023-01-30 15:45:17,salida
2023-01-30 15:08:53,salida
2023-01-30 15:40:29,salida
2023-01-30 15:03:34,salida
2023-01-30 15:13:13,salida
2023-01-30 15:52:47,salida
2023-01-30 15:36:19,salida
2023-01-30 15:28:22,salida
2023-01-30 15:55:46,salida
2023-01-30 15:20:30,salida
2023-01-30 15:31:40,salida
2023-01-30 15:06:12,salida
2023-01-30 15:22:07,salida
2023-01-30 15:11:35,salida
2023-01-30 16:21:08,salida
2023-01-30 16:32:14,salida
2023-01-30 16:23:29,salida
2023-01-30 16:35:57,salida
2023-01-30 16:38:05,salida
2023-01-30 16:14:37,salida
2023-01-30 16:38:51,salida
2023-01-30 16:21:02,salida
2023-01-30 16:52:28,salida
2023-01-30 16:28:30,salida
2023-01-30 16:44:01,salida
2023-01-30 16:34:44,salida
2023-01-30 16:08:21,salida
2023-01-30 16:18:49,salida
2023-01-30 16:36:09,salida
2023-01-30 16:45:20,salida
2023-01-30 16:16:02,salida
2023-01-30 16:06:40,salida
2023-01-30 16:36:35,salida
2023-01-30 16:02:57,salida
2023-01-30 16:12:40,salida
2023-01-30 16:29:22,salida
2023-01-30 16:59:06,salida
2023-01-30 16:29:28,salida
2023-01-30 16:07:09,salida
2023-01-30 16:32:58,salida
2023-01-30 16:19:28,salida
2023-01-30 16:28:52,salida
2023-01-30 16:20:00,salida
2023-01-30 17:28:17,salida
2023-01-30 17:14:45,salida
2023-01-30 17:24:29,salida
2023-01-30 17:44:01,salida
2023-01-30 17:50:39,salida
2023-01-30 17:26:53,salida
2023-01-30 17:48:14,salida
2023-01-30 17:31:19,salida
2023-01-30 17:52:13,salida
2023-01-30 17:26:02,salida
2023-01-30 17:48:02,salida
2023-01-30 17:12:24,salida
2023-01-30 17:17:00,salida
2023-01-30 17:38:54,salida
2023-01-30 17:04:01,salida
2023-01-30 17:29:16,salida
2023-01-30 17:28:52,salida
2023-01-30 17:41:03,salida
2023-01-30 17:08:20,salida
2023-01-30 18:03:08,salida
2023-01-30 18:01:34,salida
2023-01-30 18:58:37,salida
2023-01-30 18:44:14,salida
2023-01-30 18:42:41,salida
2023-01-30 18:02:30,salida
2023-01-30 18:51:40,salida
2023-01-30 18:56:41,salida
2023-01-30 18:52:54,salida
2023-01-30 18:56:55,salida
2023-01-30 18:58:22,salida
2023-01-30 18:11:07,salida
2023-01-30 18:52:20,salida
2023-01-30 18:20:31,salida
2023-01-30 18:16:53,salida
2023-01-30 18:36:23,salida
2023-01-30 18:07:17,salida
2023-01-30 18:10:53,salida
2023-01-30 18:59:58,salida
2023-01-30 18:09:25,salida
2023-01-30 18:46:05,salida
2023-01-30 18:50:16,salida
2023-01-30 19:18:30,salida
2023-01-30 19:38:52,salida
2023-01-30 19:35:14,salida
2023-01-30 19:28:59,salida
2023-01-30 19:55:39,salida
2023-01-30 19:15:32,salida
2023-01-30 19:24:15,salida
2023-01-30 19:29:56,salida
2023-01-30 19:33:01,salida
2023-01-30 19:39:43,salida
2023-01-30 19:42:37,salida
2023-01-30 19:50:59,salida
2023-01-30 19:17:04,salida
2023-01-30 19:46:39,salida
2023-01-30 19:05:11,salida
2023-01-30 19:50:11,salida
2023-01-30 19:11:08,salida
2023-01-30 19:55:41,salida
2023-01-30 19:21:48,salida
2023-01-30 19:49:15,salida
2023-01-30 19:03:49,salida
2023-01-30 19:02:15,salida
2023-01-30 19:13:55,salida
2023-01-30 19:40:37,salida
2023-01-30 20:48:43,salida
2023-01-30 20:08:25,salida
2023-01-30 20:24:34,salida
2023-01-30 20:49:35,salida
2023-01-30 20:13:55,salida
2023-01-30 20:05:31,salida
2023-01-30 20:25:14,salida
2023-01-30 20:48:30,salida
2023-01-30 20:55:36,salida
2023-01-30 20:37:52,salida
2023-01-30 20:57:36,salida
2023-01-30 20:18:13,salida
2023-01-30 20:35:36,salida
2023-01-30 20:10:26,salida
2023-01-30 20:01:21,salida
2023-01-30 20:01:19,salida
2023-01-30 20:43:47,salida
2023-01-30 20:16:03,salida
2023-01-30 20:13:06,salida
2023-01-30 20:14:29,salida
2023-01-30 21:00:29,salida
2023-01-30 21:12:53,salida
2023-01-30 21:17:39,salida
2023-01-30 21:10:41,salida
2023-01-30 21:28:03,salida
2023-01-30 21:24:35,salida
2023-01-30 21:35:43,salida
2023-01-30 21:39:27,salida
2023-01-30 21:44:07,salida
2023-01-30 21:20:34,salida
2023-01-30 21:43:17,salida
2023-01-30 21:46:24,salida
2023-01-30 21:45:40,salida
2023-01-30 21:04:46,salida
2023-01-30 21:07:22,salida
2023-01-30 21:02:43,salida
2023-01-30 21:36:30,salida
2023-01-30 21:28:40,salida
2023-01-30 21:19:02,salida
2023-01-30 21:22:39,salida
2023-01-30 21:20:12,salida
2023-01-30 21:07:04,salida
2023-01-30 21:24:38,salida
2023-01-30 21:36:40,salida
2023-01-30 21:04:07,salida
2023-01-30 21:43:03,salida
2023-01-30 21:40:59,salida
2023-01-30 21:53:21,salida
2023-01-31 10:19:43,salida
2023-01-31 10:30:03,salida
2023-01-31 10:25:11,salida
2023-01-31 10:21:00,salida
2023-01-31 10:00:02,salida
2023-01-31 10:52:11,salida
2023-01-31 10:53:20,salida
2023-01-31 10:12:12,salida
2023-01-31 10:52:40,salida
2023-01-31 10:17:59,salida
2023-01-31 10:59:32,salida
2023-01-31 10:05:24,salida
2023-01-31 10:22:23,salida
2023-01-31 10:36:25,salida
2023-01-31 10:03:37,salida
2023-01-31 10:34:48,salida
2023-01-31 10:10:35,salida
2023-01-31 10:24:19,salida
2023-01-31 10:00:29,salida
2023-01-31 10:03:22,salida
2023-01-31 10:34:41,salida
2023-01-31 10:21:30,salida
2023-01-31 11:01:17,salida
2023-01-31 11:22:18,salida
2023-01-31 11:06:34,salida
2023-01-31 11:59:59,salida
2023-01-31 11:49:19,salida
2023-01-31 11:19:18,salida
2023-01-31 11:40:15,salida
2023-01-31 11:37:20,salida
2023-01-31 11:28:43,salida
2023-01-31 11:59:37,salida
2023-01-31 11:44:58,salida
2023-01-31 11:23:36,salida
2023-01-31 11:28:30,salida
2023-01-31 11:44:51,salida
2023-01-31 11:38:11,salida
2023-01-31 11:29:52,salida
2023-01-31 11:03:29,salida
2023-01-31 11:04:15,salida
2023-01-31 11:26:03,salida
2023-01-31 11:07:47,salida
2023-01-31 11:07:16,salida
2023-01-31 11:45:43,salida
2023-01-31 11:02:26,salida
2023-01-31 12:38:24,salida
2023-01-31 12:23:19,salida
2023-01-31 12:14:20,salida
2023-01-31 12:52:41,salida
2023-01-31 12:11:17,salida
2023-01-31 12:59:22,salida
2023-01-31 12:54:40,salida
2023-01-31 12:28:40,salida
2023-01-31 12:35:04,salida
2023-01-31 12:38:25,salida
2023-01-31 12:38:10,salida
2023-01-31 12:41:10,salida
2023-01-31 12:55:55,salida
2023-01-31 12:17:11,salida
2023-01-31 12:56:15,salida
2023-01-31 12:26:35,salida
2023-01-31 12:16:48,salida
2023-01-31 12:20:54,salida
2023-01-31 12:36:30,salida
2023-01-31 12:44:34,salida
2023-01-31 13:39:29,salida
2023-01-31 13:37:15,salida
2023-01-31 13:00:41,salida
2023-01-31 13:17:21,salida
2023-01-31 13:25:13,salida
2023-01-31 13:55:36,salida
2023-01-31 13:48:13,salida
2023-01-31 13:25:49,salida
2023-01-31 13:35:51,salida
2023-01-31 13:22:01,salida
2023-01-31 13:38:06,salida
2023-01-31 13:38:44,salida
2023-01-31 13:50:21,salida
2023-01-31 13:27:37,salida
2023-01-31 13:19:48,salida
2023-01-31 13:56:17,salida
2023-01-31 13:56:23,salida
2023-01-31 13:32:58,salida
2023-01-31 13:54:44,salida
2023-01-31 13:25:18,salida
2023-01-31 13:47:41,salida
2023-01-31 13:12:09,salida
2023-01-31 13:13:08,salida
2023-01-31 13:52:10,salida
2023-01-31 13:02:39,salida
2023-01-31 13:11:34,salida
2023-01-31 14:47:41,salida
2023-01-31 14:00:22,salida
2023-01-31 14:42:48,salida
2023-01-31 14:23:46,salida
2023-01-31 14:24:06,salida
2023-01-31 14:56:57,salida
2023-01-31 14:37:46,salida
2023-01-31 14:46:38,salida
2023-01-31 14:34:13,salida
2023-01-31 14:08:02,salida
2023-01-31 14:37:19,salida
2023-01-31 14:40:32,salida
2023-01-31 14:40:43,salida
2023-01-31 14:31:35,salida
2023-01-31 14:25:47,salida
2023-01-31 14:04:58,salida
2023-01-31 14:48:29,salida
2023-01-31 14:16:05,salida
2023-01-31 14:57:14,salida
2023-01-31 15:20:13,salida
2023-01-31 15:14:50,salida
2023-01-31 15:41:40,salida
2023-01-31 15:09:51,salida
2023-01-31 15:54:35,salida
2023-01-31 15:50:09,salida
2023-01-31 15:16:43,salida
2023-01-31 15:24:26,salida
2023-01-31 15:32:10,salida
2023-01-31 15:12:00,salida
2023-01-31 15:30:32,salida
2023-01-31 15:20:15,salida
2023-01-31 15:38:22,salida
2023-01-31 15:09:47,salida
2023-01-31 15:32:21,salida
2023-01-31 15:40:05,salida
2023-01-31 15:46:35,salida
2023-01-31 15:46:09,salida
2023-01-31 15:56:15,salida
2023-01-31 15:12:50,salida
2023-01-31 15:57:19,salida
2023-01-31 15:03:19,salida
2023-01-31 15:21:28,salida
2023-01-31 15:15:42,salida
2023-01-31 16:02:33,salida
2023-01-31 16:01:57,salida
2023-01-31 16:26:22,salida
2023-01-31 16:41:31,salida
2023-01-31 16:46:34,salida
2023-01-31 16:39:17,salida
2023-01-31 16:26:10,salida
2023-01-31 16:38:18,salida
2023-01-31 16:24:06,salida
2023-01-31 16:30:56,salida
2023-01-31 16:01:37,salida
2023-01-31 16:04:13,salida
2023-01-31 16:17:35,salida
2023-01-31 16:03:23,salida
2023-01-31 16:12:54,salida
2023-01-31 16:20:56,salida
2023-01-31 16:32:19,salida
2023-01-31 17:14:09,salida
2023-01-31 17:41:40,salida
2023-01-31 17:56:56,salida
2023-01-31 17:02:54,salida
2023-01-31 17:15:43,salida
2023-01-31 17:16:24,salida
2023-01-31 17:29:46,salida
2023-01-31 17:56:34,salida
2023-01-31 17:36:59,salida
2023-01-31 17:12:23,salida
2023-01-31 17:37:25,salida
2023-01-31 17:57:08,salida
2023-01-31 17:18:27,salida
2023-01-31 17:06:44,salida
2023-01-31 17:21:29,salida
2023-01-31 17:36:15,salida
2023-01-31 17:35:04,salida
2023-01-31 17:28:51,salida
2023-01-31 17:50:22,salida
2023-01-31 17:05:35,salida
2023-01-31 17:56:32,salida
2023-01-31 17:48:40,salida
2023-01-31 17:15:54,salida
2023-01-31 18:12:42,salida
2023-01-31 18:29:25,salida
2023-01-31 18:16:08,salida
2023-01-31 18:56:15,salida
2023-01-31 18:48:51,salida
2023-01-31 18:55:17,salida
2023-01-31 18:12:28,salida
2023-01-31 18:42:44,salida
2023-01-31 18:23:57,salida
2023-01-31 18:44:43,salida
2023-01-31 18:45:12,salida
2023-01-31 18:24:40,salida
2023-01-31 18:45:00,salida
2023-01-31 18:08:03,salida
2023-01-31 18:27:11,salida
2023-01-31 18:23:45,salida
2023-01-31 18:08:34,salida
2023-01-31 18:37:34,salida
2023-01-31 18:32:57,salida
2023-01-31 18:53:52,salida
2023-01-31 18:34:45,salida
2023-01-31 18:19:01,salida
2023-01-31 18:43:25,salida
2023-01-31 18:41:12,salida
2023-01-31 18:29:51,salida
2023-01-31 18:31:35,salida
2023-01-31 18:18:21,salida
2023-01-31 18:00:56,salida
2023-01-31 18:10:25,salida
2023-01-31 18:47:18,salida
2023-01-31 19:12:41,salida
2023-01-31 19:32:12,salida
2023-01-31 19:37:52,salida
2023-01-31 19:57:23,salida
2023-01-31 19:19:43,salida
2023-01-31 19:16:58,salida
2023-01-31 19:49:23,salida
2023-01-31 19:25:39,salida
2023-01-31 19:31:28,salida
2023-01-31 19:13:36,salida
2023-01-31 19:21:33,salida
2023-01-31 19:26:27,salida
2023-01-31 19:56:21,salida
2023-01-31 19:59:56,salida
2023-01-31 19:42:57,salida
2023-01-31 19:02:21,salida
2023-01-31 19:57:47,salida
2023-01-31 19:20:15,salida
2023-01-31 19:08:12,salida
2023-01-31 20:17:06,salida
2023-01-31 20:32:02,salida
2023-01-31 20:27:00,salida
2023-01-31 20:48:46,salida
2023-01-31 20:36:21,salida
2023-01-31 20:47:43,salida
2023-01-31 20:18:13,salida
2023-01-31 20:02:18,salida
2023-01-31 20:32:20,salida
2023-01-31 20:00:25,salida
2023-01-31 20:09:34,salida
2023-01-31 20:12:05,salida
2023-01-31 20:42:05,salida
2023-01-31 20:34:15,salida
2023-01-31 20:40:07,salida
2023-01-31 20:58:02,salida
2023-01-31 20:04:20,salida
2023-01-31 20:30:13,salida
2023-01-31 20:36:18,salida
2023-01-31 20:36:52,salida
2023-01-31 21:05:06,salida
2023-01-31 21:08:36,salida
2023-01-31 21:15:33,salida
2023-01-31 21:34:34,salida
2023-01-31 21:19:57,salida
2023-01-31 21:22:59,salida
2023-01-31 21:41:53,salida
2023-01-31 21:34:46,salida
2023-01-31 21:45:22,salida
2023-01-31 21:03:09,salida
2023-01-31 21:42:10,salida
2023-01-31 21:39:54,salida
2023-01-31 21:54:08,salida
2023-01-31 21:39:11,salida
2023-01-31 21:16:31,salida
2023-01-31 21:22:14,salida
2023-01-31 21:50:27,salida
2023-01-31 21:51:37,salida
